KorEXO MEASUREMENT DATA FILE EXPORT;;;;;;;;;;;;;;;;;;;;;;;
;;;;;;;;;;;;;;;;;;;;;;;
FILE CREATED:;7/20/2023 8:36:00 PM;;;;;;;;;;;;;;;;;;;;;;
;;;;;;;;;;;;;;;;;;;;;;;
;;;MEAN VALUE:;0.48;6.4;0.457;3.51;1.61;8.3;100;101.3;10.27;0.65;0;8.1;0.4;5;NA;12.4;14.233;0.481;5.29;0.1
;;;STANDARD DEVIATION:;0.27;11.9;0.618;8.37;2.79;15.2;2.4;2.4;0.48;0.878;0.01;15;0.37;10;1.29;73.1;2.093;0.691;0.04;1
;;;;;;;;;;;;;;;;;;;;;;;
;;;SENSOR SERIAL NUMBER:;15D102813;16L102031;15C104792;15M102838;15M102838;16L102031;15M103221;15M103221;15M103221;15C104792;16L102031;16L102031;15D102813;16L102031;16A102314;16A102314;16L102031;15C104792;15D102261;15D102261
Date (MM/DD/YYYY);Time (HH:mm:ss);Time (Fract. Sec);Site Name;Chlorophyll RFU;Cond µS/cm;Depth m;fDOM QSU;fDOM RFU;nLF Cond µS/cm;ODO % sat;ODO % local;ODO mg/L;Pressure psi a;Sal psu;SpCond µS/cm;TAL PC RFU;TDS mg/L;pH;pH mV;Temp °C;Vertical Position m;Battery V;Cable Pwr V
07.01.2023;15:30:32;0;greeenland;0.53;1.6;0.306;0.55;0.63;1.9;96.3;97.6;9.26;0.435;0;1.8;0.47;1;5.76;57.9;17.263;0.31;5.36;0
07.01.2023;15:30:33;0;greeenland;0.54;1.6;0.307;0.54;0.63;1.9;96.3;97.6;9.26;0.435;0;1.9;0.47;1;6.26;29.7;17.266;0.313;5.36;0
07.01.2023;15:30:35;0;greeenland;0.53;1.6;0.306;0.53;0.62;1.9;96.3;97.6;9.26;0.435;0;1.9;0.46;1;5.67;62.9;17.272;0.303;5.36;0
07.01.2023;15:30:37;0;greeenland;0.53;1.6;0.307;0.52;0.62;1.9;96.4;97.7;9.26;0.436;0;1.9;0.46;1;5.62;65.7;17.279;0.31;5.36;0
07.01.2023;15:30:39;0;greeenland;0.54;1.6;0.307;0.53;0.62;1.9;96.4;97.7;9.27;0.436;0;1.9;0.46;1;5.6;67.1;17.282;0.308;5.36;0
07.01.2023;15:30:41;0;greeenland;0.55;1.6;0.307;0.58;0.64;1.9;96.5;97.7;9.27;0.436;0;1.9;0.46;1;5.58;68.4;17.283;0.313;5.36;0
07.01.2023;15:30:43;0;greeenland;0.54;1.6;0.307;0.63;0.65;1.9;96.5;97.8;9.27;0.436;0;1.9;0.46;1;5.42;77.1;17.282;0.302;5.34;0
07.01.2023;15:30:45;0;greeenland;0.54;1.6;0.308;0.66;0.66;1.9;96.5;97.8;9.27;0.437;0;1.9;0.45;1;5.53;71.2;17.282;0.313;5.34;0
07.01.2023;15:30:47;0;greeenland;0.54;1.6;0.307;0.69;0.68;1.9;96.5;97.8;9.27;0.437;0;1.9;0.45;1;5.61;66.2;17.283;0.307;5.34;0
07.01.2023;15:30:49;0;greeenland;0.55;1.6;0.308;0.69;0.67;1.9;96.5;97.8;9.27;0.437;0;1.9;0.44;1;2.88;222;17.287;0.307;5.34;0
07.01.2023;15:30:51;0;greeenland;0.54;1.6;0.307;0.67;0.67;1.9;96.5;97.7;9.27;0.437;0;1.9;0.43;1;6.38;23;17.288;0.305;5.34;0
07.01.2023;15:30:53;0;greeenland;0.54;1.6;0.307;0.7;0.68;1.8;96.5;97.7;9.27;0.437;0;1.8;0.44;1;5.39;78.9;17.29;0.308;5.12;0
07.01.2023;15:30:55;0;greeenland;0.54;1.5;0.307;0.73;0.69;1.8;96.5;97.8;9.27;0.436;0;1.8;0.43;1;5.56;69.6;17.294;0.305;5.12;0
07.01.2023;15:30:57;0;greeenland;0.54;1.5;0.307;0.77;0.7;1.8;96.4;97.7;9.26;0.437;0;1.7;0.43;1;6.65;7.5;17.298;0.304;5.12;0
07.01.2023;15:30:59;0;greeenland;0.53;1.5;0.308;0.79;0.71;1.7;96.4;97.7;9.26;0.437;0;1.7;0.44;1;4.42;134.5;17.301;0.31;5.12;0
07.01.2023;15:31:01;0;greeenland;0.54;1.5;0.308;0.79;0.71;1.8;96.3;97.6;9.25;0.437;0;1.8;0.44;1;4.95;104.3;17.29;0.306;5.12;0
07.01.2023;15:31:03;0;greeenland;0.54;1.7;0.308;0.79;0.71;2;96.3;97.6;9.26;0.437;0;1.9;0.45;1;5.07;97.4;17.273;0.314;5.37;0
07.01.2023;15:31:05;0;greeenland;0.55;1.8;0.307;0.79;0.71;2.2;96.3;97.6;9.26;0.437;0;2.1;0.46;1;5.16;91.9;17.25;0.308;5.37;0
07.01.2023;15:31:07;0;greeenland;0.55;1.9;0.308;0.81;0.71;2.3;96.2;97.5;9.25;0.437;0;2.3;0.46;1;11.24;-253.6;17.213;0.31;5.37;0
07.01.2023;15:31:09;0;greeenland;0.56;2;0.308;0.83;0.72;2.4;95.9;97.2;9.24;0.437;0;2.4;0.48;2;17.44;-606.2;17.141;0.31;5.37;0
07.01.2023;15:31:11;0;greeenland;0.52;2.1;0.308;0.81;0.71;2.5;95.8;97;9.24;0.437;0;2.5;0.46;2;17.45;-606.2;16.997;0.308;5.37;0
07.01.2023;15:31:13;0;greeenland;0.51;2.1;0.308;0.79;0.71;2.6;95.6;96.9;9.26;0.437;0;2.5;0.46;2;-3.88;605.2;16.841;0.307;5.37;0
07.01.2023;15:31:15;0;greeenland;0.5;2;0.308;0.77;0.7;2.5;95.7;96.9;9.29;0.437;0;2.4;0.47;2;-3.88;605.2;16.72;0.311;5.37;0
07.01.2023;15:31:17;0;greeenland;0.52;1.9;0.308;0.73;0.69;2.3;95.7;97;9.32;0.437;0;2.3;0.47;1;5.37;80;16.626;0.31;5.37;0
07.01.2023;15:31:19;0;greeenland;0.48;1.8;0.308;0.71;0.68;2.1;95.8;97.1;9.34;0.437;0;2.1;0.45;1;6.79;-0.5;16.556;0.308;5.37;0
07.01.2023;15:31:21;0;greeenland;0.49;1.7;0.308;0.67;0.67;2.1;96;97.2;9.37;0.438;0;2;0.45;1;7.24;-26.2;16.503;0.31;5.37;0
07.01.2023;15:31:23;0;greeenland;0.51;1.6;0.308;0.66;0.66;2;96.4;97.7;9.41;0.437;0;1.9;0.42;1;6.63;8.5;16.518;0.305;5.38;0
07.01.2023;15:31:25;0;greeenland;0.5;1.5;0.308;0.64;0.66;1.8;96.6;97.9;9.43;0.438;0;1.8;0.41;1;6.24;30.8;16.587;0.316;5.38;0
07.01.2023;15:31:27;0;greeenland;0.5;1.4;0.308;0.63;0.65;1.7;96.8;98.1;9.43;0.438;0;1.7;0.41;1;6.19;33.3;16.652;0.305;5.38;0
07.01.2023;15:31:29;0;greeenland;0.5;1.4;0.308;0.64;0.66;1.6;96.8;98.1;9.42;0.438;0;1.6;0.43;1;6.13;36.6;16.686;0.31;5.38;0
07.01.2023;15:31:31;0;greeenland;0.49;1.3;0.309;0.69;0.68;1.6;96.7;98;9.41;0.438;0;1.6;0.43;1;6.25;30.2;16.697;0.311;5.38;0
07.01.2023;15:31:33;0;greeenland;0.48;1.3;0.309;0.73;0.69;1.5;96.7;98;9.41;0.439;0;1.5;0.42;1;6.38;22.7;16.694;0.311;5.37;0
07.01.2023;15:31:35;0;greeenland;0.47;1.2;0.309;0.71;0.68;1.5;96.7;98;9.4;0.439;0;1.5;0.41;1;5.96;46.5;16.693;0.309;5.37;0
07.01.2023;15:31:37;0;greeenland;0.46;1.2;0.309;0.75;0.7;1.4;96.6;97.9;9.4;0.439;0;1.4;0.39;1;9.12;-132.7;16.691;0.311;5.37;0
07.01.2023;15:31:39;0;greeenland;0.45;1.2;0.309;0.76;0.7;1.4;96.6;97.9;9.4;0.439;0;1.4;0.39;1;5.68;62.4;16.683;0.307;5.37;0
07.01.2023;15:31:41;0;greeenland;0.46;1.1;0.309;0.79;0.71;1.4;96.6;97.9;9.4;0.439;0;1.3;0.4;1;4.82;110.9;16.683;0.312;5.37;0
07.01.2023;15:31:43;0;greeenland;0.5;1.1;0.309;0.82;0.72;1.3;96.7;98;9.41;0.439;0;1.3;0.4;1;5.16;91.9;16.689;0.313;5.36;0
07.01.2023;15:31:45;0;greeenland;0.52;1.1;0.309;0.84;0.73;1.3;96.8;98.1;9.42;0.439;0;1.3;0.42;1;5.23;87.8;16.71;0.307;5.36;0
07.01.2023;15:31:47;0;greeenland;0.52;1.1;0.31;0.87;0.73;1.3;97;98.2;9.43;0.44;0;1.3;0.42;1;5.44;75.9;16.726;0.315;5.36;0
07.01.2023;15:31:49;0;greeenland;0.54;1.1;0.309;0.88;0.74;1.3;97.1;98.3;9.43;0.439;0;1.3;0.41;1;5.52;71.4;16.731;0.303;5.36;0
07.01.2023;15:31:51;0;greeenland;0.54;1.1;0.31;0.88;0.74;1.3;97.2;98.5;9.45;0.44;0;1.3;0.42;1;5.55;69.9;16.737;0.309;5.36;0
07.01.2023;15:31:53;0;greeenland;0.54;1.1;0.31;0.88;0.74;1.3;97.3;98.6;9.45;0.44;0;1.3;0.41;1;5.56;69.4;16.748;0.31;5.36;0
07.01.2023;15:31:55;0;greeenland;0.55;1.1;0.31;0.92;0.75;1.3;97.3;98.6;9.46;0.44;0;1.3;0.43;1;5.55;69.7;16.753;0.315;5.36;0
07.01.2023;15:31:57;0;greeenland;0.53;1.1;0.31;0.93;0.75;1.3;97.4;98.7;9.46;0.44;0;1.3;0.46;1;5.54;70.4;16.746;0.308;5.36;0
07.01.2023;15:31:59;0;greeenland;0.54;1.1;0.31;0.94;0.76;1.3;97.4;98.7;9.47;0.44;0;1.3;0.47;1;5.53;71;16.732;0.311;5.36;0
07.01.2023;15:32:01;0;greeenland;0.54;1.1;0.31;0.96;0.76;1.3;97.5;98.8;9.47;0.44;0;1.3;0.47;1;5.63;65.5;16.727;0.308;5.36;0
07.01.2023;15:32:03;0;greeenland;0.53;1.1;0.31;0.96;0.76;1.3;97.5;98.8;9.48;0.44;0;1.3;0.47;1;4.99;101.5;16.729;0.311;5.36;0
07.01.2023;15:32:05;0;greeenland;0.56;1.1;0.31;0.95;0.76;1.3;97.6;98.9;9.49;0.44;0;1.3;0.46;1;5.25;87.1;16.729;0.314;5.36;0
07.01.2023;15:32:07;0;greeenland;0.55;1.1;0.31;0.97;0.77;1.3;97.7;99;9.5;0.44;0;1.3;0.47;1;5.35;81.3;16.731;0.308;5.36;0
07.01.2023;15:32:09;0;greeenland;0.57;1.1;0.31;1;0.78;1.3;97.8;99.1;9.51;0.44;0;1.3;0.47;1;5.36;80.6;16.737;0.315;5.36;0
07.01.2023;15:32:11;0;greeenland;0.57;1.1;0.31;1.01;0.78;1.3;97.9;99.2;9.51;0.44;0;1.3;0.48;1;5.37;80.2;16.747;0.309;5.36;0
07.01.2023;15:32:13;0;greeenland;0.58;1.1;0.31;1.02;0.78;1.3;97.9;99.3;9.52;0.44;0;1.3;0.51;1;5.38;79.6;16.757;0.31;5.36;0
07.01.2023;15:32:15;0;greeenland;0.56;1.1;0.31;1.02;0.78;1.3;98;99.3;9.52;0.44;0;1.3;0.5;1;5.38;79.4;16.762;0.309;5.36;0
07.01.2023;15:32:17;0;greeenland;0.55;1.1;0.31;1.04;0.79;1.3;98.1;99.4;9.53;0.44;0;1.3;0.48;1;5.38;79.2;16.762;0.309;5.36;0
07.01.2023;15:32:19;0;greeenland;0.56;1.1;0.31;1.04;0.79;1.3;98.1;99.4;9.53;0.44;0;1.3;0.49;1;5.39;79;16.758;0.31;5.36;0
07.01.2023;15:32:21;0;greeenland;0.55;1.1;0.31;1.03;0.79;1.3;98.2;99.5;9.54;0.44;0;1.3;0.5;1;5.39;78.8;16.752;0.31;5.36;0
07.01.2023;15:32:23;0;greeenland;0.54;1.1;0.31;1.04;0.79;1.3;98.3;99.6;9.55;0.44;0;1.3;0.51;1;5.4;78.5;16.75;0.309;5.37;0
07.01.2023;15:32:25;0;greeenland;0.54;1.1;0.309;1.06;0.8;1.3;98.4;99.7;9.56;0.44;0;1.3;0.51;1;5.4;78.3;16.754;0.308;5.37;0
07.01.2023;15:32:27;0;greeenland;0.55;1.1;0.31;1.08;0.8;1.3;98.6;99.9;9.58;0.44;0;1.3;0.51;1;5.41;78;16.767;0.307;5.37;0
07.01.2023;15:32:29;0;greeenland;0.53;1.1;0.309;1.04;0.79;1.3;98.7;100;9.58;0.439;0;1.3;0.51;1;5.41;77.7;16.783;0.305;5.37;0
07.01.2023;15:32:31;0;greeenland;0.51;1.1;0.309;1.05;0.79;1.3;98.8;100.1;9.59;0.44;0;1.3;0.5;1;5.42;77.2;16.801;0.315;5.37;0
07.01.2023;15:32:33;0;greeenland;0.51;1.1;0.309;1.03;0.79;1.3;98.9;100.2;9.6;0.439;0;1.3;0.49;1;5.43;76.6;16.818;0.305;5.36;0
07.01.2023;15:32:35;0;greeenland;0.52;1.1;0.309;1.03;0.79;1.3;99;100.3;9.6;0.439;0;1.3;0.5;1;5.44;76.2;16.834;0.309;5.36;0
07.01.2023;15:32:37;0;greeenland;0.53;1.1;0.309;1.03;0.79;1.3;99.1;100.4;9.61;0.439;0;1.3;0.47;1;5.44;76;16.848;0.309;5.36;0
07.01.2023;15:32:39;0;greeenland;0.53;1.1;0.309;1.03;0.79;1.3;99.2;100.5;9.61;0.439;0;1.3;0.48;1;5.45;75.7;16.86;0.309;5.36;0
07.01.2023;15:32:41;0;greeenland;0.53;1.1;0.309;1.03;0.79;1.3;99.2;100.6;9.62;0.439;0;1.3;0.47;1;5.45;75.5;16.87;0.309;5.36;0
07.01.2023;15:32:43;0;greeenland;0.54;1.1;0.309;1.01;0.78;1.3;99.3;100.6;9.62;0.439;0;1.3;0.46;1;5.45;75.4;16.874;0.311;5.36;0
07.01.2023;15:32:45;0;greeenland;0.53;1.1;0.309;0.99;0.77;1.3;99.3;100.6;9.62;0.439;0;1.3;0.45;1;5.45;75.5;16.864;0.312;5.36;0
07.01.2023;15:32:47;0;greeenland;0.52;1.1;0.309;0.97;0.77;1.3;99.3;100.6;9.62;0.439;0;1.3;0.44;1;5.45;75.3;16.838;0.308;5.36;0
07.01.2023;15:32:49;0;greeenland;0.52;1;0.309;0.98;0.77;1.3;99.3;100.7;9.64;0.439;0;1.2;0.44;1;5.55;69.8;16.815;0.313;5.36;0
07.01.2023;15:32:51;0;greeenland;0.52;1;0.309;0.98;0.77;1.2;99.4;100.7;9.64;0.439;0;1.2;0.42;1;5.25;86.8;16.798;0.307;5.36;0
07.01.2023;15:32:53;0;greeenland;0.51;1;0.309;0.98;0.77;1.2;99.4;100.8;9.65;0.439;0;1.2;0.42;1;5.45;75.5;16.784;0.315;5.35;0
07.01.2023;15:32:55;0;greeenland;0.5;1;0.309;0.98;0.77;1.2;99.6;100.9;9.67;0.439;0;1.2;0.44;1;5.58;67.9;16.773;0.305;5.35;0
07.01.2023;15:32:57;0;greeenland;0.49;1;0.309;0.96;0.77;1.2;99.8;101.1;9.69;0.439;0;1.2;0.45;1;5.45;75.7;16.77;0.313;5.35;0
07.01.2023;15:32:59;0;greeenland;0.51;1;0.309;0.96;0.77;1.2;100;101.3;9.71;0.439;0;1.2;0.44;1;8.07;-73.3;16.789;0.309;5.35;0
07.01.2023;15:33:01;0;greeenland;0.52;1;0.309;0.95;0.76;1.2;100.1;101.5;9.72;0.439;0;1.2;0.44;1;2.13;263.8;16.821;0.311;5.35;0
07.01.2023;15:33:03;0;greeenland;0.54;1;0.309;0.95;0.76;1.3;100.3;101.6;9.73;0.439;0;1.2;0.45;1;10.45;-208.5;16.847;0.305;5.35;0
07.01.2023;15:33:05;0;greeenland;0.54;1.1;0.309;0.96;0.76;1.3;100.4;101.7;9.73;0.439;0;1.3;0.45;1;7.93;-65.3;16.868;0.311;5.35;0
07.01.2023;15:33:07;0;greeenland;0.55;1.2;0.31;0.96;0.76;1.4;100.4;101.8;9.73;0.44;0;1.4;0.46;1;6.4;21.5;16.886;0.309;5.35;0
07.01.2023;15:33:09;0;greeenland;0.54;1.2;0.309;0.96;0.76;1.5;100.4;101.8;9.73;0.44;0;1.4;0.46;1;5.21;89.2;16.909;0.311;5.35;0
07.01.2023;15:33:11;0;greeenland;0.55;1.3;0.31;0.96;0.76;1.5;100.4;101.7;9.72;0.44;0;1.5;0.46;1;3.8;169.2;16.92;0.312;5.35;0
07.01.2023;15:33:13;0;greeenland;0.55;1.3;0.31;0.95;0.76;1.6;100.3;101.7;9.71;0.44;0;1.6;0.45;1;5.08;96.6;16.925;0.308;5.35;0
07.01.2023;15:33:15;0;greeenland;0.52;1.3;0.31;0.93;0.75;1.6;100.3;101.7;9.71;0.44;0;1.6;0.44;1;5.37;80.2;16.938;0.314;5.35;0
07.01.2023;15:33:17;0;greeenland;0.53;1.3;0.31;0.94;0.76;1.6;100.4;101.7;9.71;0.44;0;1.6;0.43;1;5.42;77;16.956;0.306;5.35;0
07.01.2023;15:33:19;0;greeenland;0.52;1.3;0.31;0.94;0.76;1.6;100.4;101.7;9.71;0.44;0;1.6;0.43;1;5.27;85.9;16.977;0.309;5.35;0
07.01.2023;15:33:21;0;greeenland;0.52;1.3;0.309;0.94;0.76;1.6;100.4;101.7;9.71;0.439;0;1.6;0.43;1;4.87;108.3;16.999;0.309;5.35;0
07.01.2023;15:33:23;0;greeenland;0.54;1.3;0.309;0.95;0.76;1.6;100.4;101.7;9.7;0.439;0;1.6;0.43;1;4.99;101.9;17.021;0.309;5.35;0
07.01.2023;15:33:25;0;greeenland;0.54;1.3;0.309;0.93;0.76;1.6;100.4;101.8;9.7;0.439;0;1.6;0.44;1;5.41;77.8;17.054;0.31;5.35;0
07.01.2023;15:33:27;0;greeenland;0.56;1.3;0.309;0.94;0.76;1.6;100.4;101.8;9.69;0.439;0;1.6;0.44;1;5.43;76.6;17.082;0.311;5.35;0
07.01.2023;15:33:29;0;greeenland;0.54;1.3;0.309;0.92;0.75;1.6;100.4;101.7;9.69;0.439;0;1.6;0.43;1;6.1;38.4;17.089;0.308;5.35;0
07.01.2023;15:33:31;0;greeenland;0.52;1.3;0.309;0.9;0.75;1.6;100.4;101.7;9.68;0.439;0;1.6;0.45;1;10.31;-200.4;17.08;0.31;5.35;0
07.01.2023;15:33:33;0;greeenland;0.51;1.3;0.309;0.9;0.74;1.6;100.3;101.6;9.68;0.439;0;1.5;0.45;1;9.76;-169.4;17.029;0.312;5.34;0
07.01.2023;15:33:35;0;greeenland;0.53;1.3;0.309;0.89;0.74;1.6;100.3;101.6;9.69;0.439;0;1.5;0.46;1;7.75;-55.3;16.967;0.307;5.34;0
07.01.2023;15:33:37;0;greeenland;0.51;1.3;0.309;0.88;0.74;1.5;100.3;101.6;9.71;0.439;0;1.5;0.47;1;6.39;21.9;16.881;0.313;5.34;0
07.01.2023;15:33:39;0;greeenland;0.5;1.3;0.309;0.88;0.74;1.5;100.3;101.7;9.73;0.439;0;1.5;0.48;1;5.67;63.1;16.799;0.306;5.34;0
07.01.2023;15:33:41;0;greeenland;0.51;1.3;0.309;0.87;0.73;1.5;100.4;101.7;9.75;0.439;0;1.5;0.48;1;5.69;62;16.728;0.309;5.34;0
07.01.2023;15:33:43;0;greeenland;0.51;1.3;0.309;0.86;0.73;1.5;100.5;101.9;9.78;0.439;0;1.5;0.48;1;5.31;83.3;16.678;0.309;5.33;0
07.01.2023;15:33:45;0;greeenland;0.52;1.3;0.309;0.87;0.73;1.5;100.7;102;9.8;0.439;0;1.5;0.48;1;6.21;32.3;16.667;0.309;5.33;0
07.01.2023;15:33:47;0;greeenland;0.51;1.3;0.309;0.86;0.73;1.5;100.8;102.1;9.81;0.439;0;1.5;0.47;1;5.88;51.1;16.692;0.31;5.33;0
07.01.2023;15:33:49;0;greeenland;0.51;1.3;0.309;0.85;0.73;1.5;100.9;102.3;9.81;0.439;0;1.5;0.47;1;2.27;256.1;16.723;0.31;5.33;0
07.01.2023;15:33:51;0;greeenland;0.52;1.3;0.309;0.84;0.72;1.5;101;102.3;9.81;0.439;0;1.5;0.45;1;3.46;188.5;16.767;0.311;5.33;0
07.01.2023;15:33:53;0;greeenland;0.53;1.3;0.309;0.81;0.71;1.5;101;102.4;9.81;0.439;0;1.5;0.45;1;4.5;129.6;16.798;0.312;5.33;0
07.01.2023;15:33:55;0;greeenland;0.52;1.3;0.309;0.79;0.71;1.5;101.1;102.4;9.81;0.439;0;1.5;0.44;1;5.27;85.7;16.822;0.313;5.33;0
07.01.2023;15:33:57;0;greeenland;0.51;1.3;0.309;0.76;0.7;1.5;101;102.4;9.8;0.439;0;1.5;0.44;1;5.06;97.8;16.833;0.308;5.33;0
07.01.2023;15:33:59;0;greeenland;0.52;1.3;0.31;0.74;0.69;1.5;101;102.3;9.79;0.44;0;1.5;0.44;1;4.4;134.9;16.826;0.314;5.33;0
07.01.2023;15:34:01;0;greeenland;0.53;1.3;0.309;0.73;0.69;1.5;100.9;102.3;9.79;0.439;0;1.5;0.43;1;5.33;82.1;16.82;0.306;5.33;0
07.01.2023;15:34:03;0;greeenland;0.53;1.3;0.31;0.71;0.68;1.5;100.9;102.3;9.79;0.44;0;1.5;0.43;1;5.78;56.6;16.819;0.315;5.33;0
07.01.2023;15:34:05;0;greeenland;0.53;1.3;0.309;0.7;0.68;1.5;100.9;102.2;9.79;0.44;0;1.5;0.42;1;5.74;59;16.819;0.304;5.33;0
07.01.2023;15:34:07;0;greeenland;0.55;1.3;0.31;0.72;0.68;1.5;100.9;102.2;9.79;0.44;0;1.5;0.42;1;5.6;67;16.817;0.316;5.33;0
07.01.2023;15:34:09;0;greeenland;0.52;1.3;0.31;0.73;0.69;1.5;100.9;102.2;9.79;0.44;0;1.5;0.42;1;5.63;65.3;16.808;0.311;5.33;0
07.01.2023;15:34:11;0;greeenland;0.53;1.3;0.31;0.75;0.7;1.5;100.9;102.2;9.79;0.44;0;1.5;0.41;1;5.21;89;16.803;0.309;5.33;0
07.01.2023;15:34:13;0;greeenland;0.53;1.3;0.31;0.8;0.71;1.6;100.9;102.3;9.79;0.44;0;1.5;0.41;1;5.85;52.6;16.796;0.308;5.34;0
07.01.2023;15:34:15;0;greeenland;0.52;1.3;0.31;0.83;0.72;1.6;100.9;102.3;9.8;0.44;0;1.5;0.4;1;5.93;48.2;16.781;0.31;5.34;0
07.01.2023;15:34:17;0;greeenland;0.52;1.3;0.31;0.87;0.73;1.6;101;102.3;9.8;0.44;0;1.5;0.39;1;5.11;95;16.761;0.308;5.34;0
07.01.2023;15:34:19;0;greeenland;0.52;1.3;0.31;0.89;0.74;1.6;101;102.3;9.81;0.44;0;1.5;0.37;1;5.27;85.6;16.741;0.308;5.34;0
07.01.2023;15:34:21;0;greeenland;0.53;1.3;0.31;0.93;0.75;1.6;101;102.4;9.82;0.44;0;1.5;0.4;1;4.71;117.4;16.729;0.313;5.34;0
07.01.2023;15:34:23;0;greeenland;0.49;1.3;0.31;0.95;0.76;1.6;101.1;102.4;9.83;0.44;0;1.5;0.39;1;4.97;102.6;16.723;0.307;5.34;0
07.01.2023;15:34:25;0;greeenland;0.49;1.3;0.31;0.97;0.77;1.6;101.2;102.5;9.83;0.44;0;1.5;0.39;1;5;100.7;16.721;0.31;5.34;0
07.01.2023;15:34:27;0;greeenland;0.48;1.3;0.31;0.97;0.77;1.6;101.2;102.5;9.84;0.44;0;1.5;0.38;1;5.16;91.7;16.714;0.309;5.34;0
07.01.2023;15:34:29;0;greeenland;0.49;1.3;0.31;0.98;0.77;1.6;101.3;102.6;9.85;0.44;0;1.5;0.38;1;5.16;92.2;16.712;0.31;5.34;0
07.01.2023;15:34:31;0;greeenland;0.51;1.3;0.309;0.97;0.77;1.6;101.3;102.7;9.85;0.439;0;1.6;0.38;1;5.09;95.8;16.718;0.31;5.34;0
07.01.2023;15:34:33;0;greeenland;0.51;1.3;0.309;0.97;0.77;1.6;101.4;102.7;9.86;0.439;0;1.6;0.38;1;5.2;89.7;16.727;0.308;5.33;0
07.01.2023;15:34:35;0;greeenland;0.54;1.3;0.309;0.97;0.77;1.6;101.4;102.8;9.86;0.44;0;1.6;0.39;1;5.33;82.2;16.74;0.311;5.33;0
07.01.2023;15:34:37;0;greeenland;0.53;1.3;0.309;0.96;0.77;1.6;101.4;102.8;9.86;0.439;0;1.6;0.39;1;5.24;87.6;16.745;0.31;5.33;0
07.01.2023;15:34:39;0;greeenland;0.54;1.3;0.309;0.95;0.76;1.6;101.5;102.8;9.86;0.44;0;1.6;0.4;1;5.4;78;16.752;0.308;5.33;0
07.01.2023;15:34:41;0;greeenland;0.52;1.3;0.309;0.92;0.75;1.6;101.5;102.9;9.86;0.439;0;1.6;0.41;1;5.47;74.5;16.763;0.307;5.33;0
07.01.2023;15:34:43;0;greeenland;0.52;1.3;0.309;0.9;0.74;1.6;101.5;102.9;9.86;0.44;0;1.6;0.41;1;5.42;77.2;16.765;0.314;5.34;0
07.01.2023;15:34:45;0;greeenland;0.53;1.3;0.309;0.86;0.73;1.6;101.6;102.9;9.86;0.439;0;1.6;0.43;1;5.43;76.4;16.769;0.305;5.34;0
07.01.2023;15:34:47;0;greeenland;0.53;1.3;0.309;0.83;0.72;1.6;101.6;102.9;9.86;0.439;0;1.6;0.42;1;5.14;93.1;16.77;0.309;5.34;0
07.01.2023;15:34:49;0;greeenland;0.52;1.3;0.309;0.81;0.71;1.6;101.6;102.9;9.87;0.439;0;1.6;0.43;1;5.06;97.5;16.765;0.308;5.34;0
07.01.2023;15:34:51;0;greeenland;0.54;1.3;0.309;0.8;0.71;1.6;101.6;103;9.87;0.439;0;1.6;0.44;1;5.32;82.7;16.761;0.309;5.34;0
07.01.2023;15:34:53;0;greeenland;0.56;1.3;0.309;0.78;0.7;1.6;101.6;103;9.88;0.439;0;1.6;0.44;1;5.41;77.4;16.751;0.308;5.33;0
07.01.2023;15:34:55;0;greeenland;0.55;1.3;0.309;0.77;0.7;1.6;101.7;103;9.88;0.439;0;1.5;0.44;1;5.2;89.8;16.742;0.309;5.33;0
07.01.2023;15:34:57;0;greeenland;0.54;1.3;0.309;0.78;0.7;1.6;101.7;103.1;9.88;0.439;0;1.5;0.43;1;4.36;137.1;16.732;0.31;5.33;0
07.01.2023;15:34:59;0;greeenland;0.55;1.3;0.309;0.78;0.71;1.6;101.8;103.1;9.89;0.439;0;1.5;0.43;1;4.63;122.2;16.723;0.309;5.33;0
07.01.2023;15:35:01;0;greeenland;0.55;1.3;0.309;0.81;0.71;1.6;101.8;103.1;9.9;0.439;0;1.5;0.41;1;4.84;110;16.718;0.313;5.33;0
07.01.2023;15:35:03;0;greeenland;0.54;1.3;0.309;0.84;0.73;1.6;101.8;103.2;9.9;0.439;0;1.6;0.41;1;6.71;3.7;16.715;0.307;5.29;0
07.01.2023;15:35:05;0;greeenland;0.53;1.3;0.309;0.87;0.73;1.6;101.8;103.2;9.9;0.439;0;1.6;0.41;1;4.07;154;16.725;0.314;5.29;0
07.01.2023;15:35:07;0;greeenland;0.54;1.3;0.309;0.89;0.74;1.6;101.9;103.2;9.9;0.438;0;1.6;0.42;1;4.86;109;16.741;0.305;5.29;0
07.01.2023;15:35:09;0;greeenland;0.56;1.4;0.309;0.9;0.74;1.6;101.9;103.3;9.9;0.439;0;1.6;0.44;1;5.17;91.6;16.761;0.315;5.29;0
07.01.2023;15:35:11;0;greeenland;0.55;1.4;0.309;0.9;0.75;1.6;101.9;103.2;9.9;0.438;0;1.6;0.44;1;5.32;82.9;16.778;0.304;5.29;0
07.01.2023;15:35:13;0;greeenland;0.53;1.4;0.309;0.9;0.75;1.6;101.9;103.2;9.89;0.438;0;1.6;0.44;1;5.34;81.7;16.792;0.314;5.31;0
07.01.2023;15:35:15;0;greeenland;0.54;1.4;0.308;0.9;0.74;1.6;101.9;103.2;9.89;0.438;0;1.6;0.43;1;5.45;75.6;16.81;0.308;5.31;0
07.01.2023;15:35:17;0;greeenland;0.54;1.4;0.308;0.89;0.74;1.6;101.9;103.2;9.88;0.438;0;1.6;0.44;1;5.3;83.9;16.824;0.308;5.31;0
07.01.2023;15:35:19;0;greeenland;0.51;1.3;0.309;0.87;0.74;1.6;101.9;103.2;9.88;0.438;0;1.6;0.43;1;5.3;84;16.836;0.309;5.31;0
07.01.2023;15:35:21;0;greeenland;0.5;1.3;0.308;0.87;0.73;1.6;101.8;103.2;9.88;0.438;0;1.6;0.43;1;5.2;89.9;16.847;0.31;5.31;0
07.01.2023;15:35:23;0;greeenland;0.51;1.3;0.308;0.87;0.73;1.6;101.8;103.2;9.87;0.438;0;1.6;0.41;1;5.1;95.1;16.85;0.307;5.32;0
07.01.2023;15:35:25;0;greeenland;0.51;1.3;0.309;0.87;0.73;1.6;101.8;103.2;9.87;0.438;0;1.6;0.42;1;4.99;101.7;16.855;0.311;5.32;0
07.01.2023;15:35:27;0;greeenland;0.52;1.3;0.309;0.88;0.74;1.6;101.8;103.2;9.87;0.438;0;1.6;0.41;1;5.66;63.7;16.859;0.312;5.32;0
07.01.2023;15:35:29;0;greeenland;0.54;1.3;0.309;0.89;0.74;1.6;101.8;103.2;9.87;0.438;0;1.6;0.4;1;5.31;83.3;16.862;0.307;5.32;0
07.01.2023;15:35:31;0;greeenland;0.53;1.3;0.309;0.91;0.75;1.6;101.8;103.2;9.87;0.439;0;1.6;0.38;1;5.24;87.7;16.867;0.314;5.32;0
07.01.2023;15:35:33;0;greeenland;0.54;1.3;0.309;0.91;0.75;1.6;101.9;103.2;9.87;0.438;0;1.6;0.38;1;4.83;110.9;16.871;0.305;5.32;0
07.01.2023;15:35:35;0;greeenland;0.51;1.3;0.309;0.92;0.75;1.6;101.9;103.3;9.87;0.438;0;1.6;0.38;1;4.82;111.2;16.879;0.308;5.32;0
07.01.2023;15:35:37;0;greeenland;0.5;1.3;0.309;0.93;0.75;1.6;101.9;103.3;9.87;0.438;0;1.6;0.38;1;5.04;98.7;16.893;0.31;5.32;0
07.01.2023;15:35:39;0;greeenland;0.49;1.3;0.309;0.94;0.76;1.6;101.9;103.3;9.87;0.438;0;1.6;0.4;1;4.78;113.7;16.909;0.309;5.32;0
07.01.2023;15:35:41;0;greeenland;0.48;1.4;0.309;0.94;0.76;1.6;101.9;103.3;9.87;0.439;0;1.6;0.41;1;5.15;92.5;16.923;0.31;5.32;0
07.01.2023;15:35:43;0;greeenland;0.48;1.4;0.308;0.94;0.76;1.6;101.9;103.3;9.87;0.438;0;1.6;0.42;1;5;101.3;16.937;0.307;5.32;0
07.01.2023;15:35:45;0;greeenland;0.48;1.4;0.309;0.96;0.76;1.6;101.9;103.3;9.86;0.438;0;1.6;0.42;1;5.45;75.7;16.951;0.308;5.32;0
07.01.2023;15:35:47;0;greeenland;0.5;1.4;0.309;0.97;0.77;1.6;101.9;103.2;9.86;0.438;0;1.6;0.43;1;5.18;90.8;16.964;0.311;5.32;0
07.01.2023;15:35:49;0;greeenland;0.52;1.4;0.309;0.96;0.76;1.6;101.9;103.2;9.85;0.439;0;1.6;0.44;1;4.5;129.5;16.976;0.314;5.32;0
07.01.2023;15:35:51;0;greeenland;0.51;1.4;0.308;0.95;0.76;1.6;101.8;103.2;9.85;0.438;0;1.6;0.45;1;6.83;-2.8;16.987;0.305;5.32;0
07.01.2023;15:35:53;0;greeenland;0.52;1.4;0.309;0.94;0.76;1.6;101.8;103.2;9.84;0.439;0;1.6;0.44;1;5.46;75;16.995;0.314;5.32;0
07.01.2023;15:35:55;0;greeenland;0.54;1.4;0.309;0.92;0.75;1.6;101.8;103.2;9.84;0.438;0;1.6;0.45;1;4.71;117.8;17.001;0.306;5.32;0
07.01.2023;15:35:57;0;greeenland;0.53;1.4;0.309;0.91;0.75;1.6;101.8;103.1;9.84;0.439;0;1.6;0.45;1;5.11;94.6;17.003;0.308;5.32;0
07.01.2023;15:35:59;0;greeenland;0.5;1.4;0.309;0.88;0.74;1.6;101.8;103.1;9.83;0.439;0;1.6;0.45;1;4.99;101.7;17.002;0.309;5.32;0
07.01.2023;15:36:01;0;greeenland;0.49;1.4;0.309;0.85;0.73;1.6;101.8;103.1;9.84;0.439;0;1.6;0.44;1;5.38;79.4;17.003;0.309;5.32;0
07.01.2023;15:36:03;0;greeenland;0.5;1.4;0.309;0.8;0.71;1.6;101.8;103.1;9.84;0.439;0;1.6;0.44;1;5.18;91;17.006;0.31;5.32;0
07.01.2023;15:36:05;0;greeenland;0.48;1.4;0.309;0.77;0.7;1.6;101.7;103.1;9.83;0.438;0;1.6;0.43;1;5.14;93.3;17.011;0.307;5.32;0
07.01.2023;15:36:07;0;greeenland;0.49;1.4;0.309;0.74;0.69;1.6;101.7;103.1;9.83;0.438;0;1.6;0.43;1;5.47;74.7;17.016;0.309;5.32;0
07.01.2023;15:36:09;0;greeenland;0.51;1.4;0.308;0.72;0.68;1.7;101.8;103.1;9.83;0.438;0;1.6;0.43;1;5.58;68;17.027;0.307;5.32;0
07.01.2023;15:36:11;0;greeenland;0.51;1.4;0.309;0.71;0.68;1.6;101.8;103.1;9.83;0.438;0;1.6;0.43;1;5.26;86.2;17.042;0.309;5.32;0
07.01.2023;15:36:13;0;greeenland;0.52;1.4;0.309;0.71;0.68;1.6;101.7;103.1;9.82;0.438;0;1.6;0.44;1;3.3;197.6;17.057;0.304;5.32;0
07.01.2023;15:36:15;0;greeenland;0.51;1.4;0.309;0.71;0.68;1.6;101.7;103;9.82;0.438;0;1.6;0.44;1;4.83;110.6;17.069;0.314;5.32;0
07.01.2023;15:36:17;0;greeenland;0.53;1.4;0.308;0.72;0.69;1.7;101.7;103;9.81;0.438;0;1.6;0.44;1;8.59;-102.8;17.082;0.305;5.32;0
07.01.2023;15:36:19;0;greeenland;0.52;1.4;0.308;0.75;0.69;1.7;101.7;103;9.81;0.438;0;1.6;0.41;1;7.15;-21.3;17.101;0.314;5.32;0
07.01.2023;15:36:21;0;greeenland;0.52;1.4;0.308;0.77;0.7;1.7;101.6;103;9.8;0.438;0;1.6;0.42;1;5.66;63.5;17.123;0.308;5.32;0
07.01.2023;15:36:23;0;greeenland;0.53;1.4;0.308;0.81;0.71;1.7;101.6;102.9;9.79;0.438;0;1.6;0.43;1;5.48;73.9;17.145;0.309;5.31;0
07.01.2023;15:36:25;0;greeenland;0.53;1.4;0.308;0.83;0.72;1.7;101.6;102.9;9.79;0.438;0;1.6;0.44;1;5.25;87;17.167;0.307;5.31;0
07.01.2023;15:36:27;0;greeenland;0.52;1.4;0.308;0.85;0.73;1.6;101.6;102.9;9.78;0.438;0;1.6;0.44;1;5.37;80.1;17.191;0.31;5.31;0
07.01.2023;15:36:29;0;greeenland;0.52;1.4;0.308;0.87;0.73;1.6;101.6;103;9.78;0.438;0;1.6;0.43;1;5.43;76.8;17.215;0.307;5.31;0
07.01.2023;15:36:31;0;greeenland;0.52;1.4;0.308;0.89;0.74;1.6;101.6;103;9.78;0.437;0;1.6;0.44;1;4.5;129.8;17.24;0.307;5.31;0
07.01.2023;15:36:33;0;greeenland;0.52;1.4;0.308;0.91;0.75;1.6;101.6;102.9;9.77;0.438;0;1.6;0.45;1;4.98;102.3;17.253;0.312;5.31;0
07.01.2023;15:36:35;0;greeenland;0.52;1.4;0.308;0.92;0.75;1.6;101.6;102.9;9.77;0.438;0;1.6;0.46;1;5.46;75.1;17.268;0.309;5.31;0
07.01.2023;15:36:37;0;greeenland;0.53;1.4;0.308;0.93;0.75;1.6;101.6;102.9;9.76;0.438;0;1.6;0.48;1;4.46;132;17.281;0.311;5.31;0
07.01.2023;15:36:39;0;greeenland;0.54;1.4;0.308;0.94;0.76;1.6;101.6;102.9;9.76;0.437;0;1.6;0.49;1;5.09;96.3;17.294;0.306;5.31;0
07.01.2023;15:36:41;0;greeenland;0.53;1.4;0.308;0.96;0.76;1.6;101.6;102.9;9.76;0.437;0;1.6;0.47;1;5.17;91.6;17.308;0.309;5.31;0
07.01.2023;15:36:43;0;greeenland;0.53;1.4;0.308;0.96;0.76;1.6;101.5;102.9;9.75;0.438;0;1.6;0.46;1;5.53;71.2;17.311;0.309;5.31;0
07.01.2023;15:36:45;0;greeenland;0.52;1.4;0.308;0.97;0.77;1.6;101.5;102.9;9.75;0.438;0;1.6;0.46;1;5.26;86.3;17.319;0.308;5.31;0
07.01.2023;15:36:47;0;greeenland;0.53;1.4;0.308;0.98;0.77;1.6;101.5;102.9;9.75;0.438;0;1.6;0.46;1;6.48;16.9;17.324;0.31;5.31;0
07.01.2023;15:36:49;0;greeenland;0.52;1.4;0.308;0.98;0.77;1.6;101.5;102.8;9.74;0.438;0;1.6;0.45;1;6.35;24.7;17.331;0.307;5.31;0
07.01.2023;15:36:51;0;greeenland;0.53;1.4;0.308;0.97;0.77;1.7;101.5;102.8;9.74;0.438;0;1.6;0.46;1;4.99;101.8;17.335;0.307;5.31;0
07.01.2023;15:36:53;0;greeenland;0.52;1.4;0.308;0.99;0.77;1.7;101.4;102.8;9.74;0.437;0;1.6;0.45;1;5.7;61.4;17.34;0.304;5.3;0
07.01.2023;15:36:55;0;greeenland;0.52;1.4;0.308;1;0.78;1.7;101.4;102.8;9.73;0.438;0;1.6;0.43;1;5.78;57;17.346;0.312;5.3;0
07.01.2023;15:36:57;0;greeenland;0.53;1.4;0.308;1.01;0.78;1.7;101.4;102.8;9.73;0.437;0;1.6;0.42;1;5.46;75.1;17.352;0.308;5.3;0
07.01.2023;15:36:59;0;greeenland;0.52;1.4;0.308;1.01;0.78;1.7;101.4;102.7;9.73;0.438;0;1.6;0.42;1;5.35;81.6;17.356;0.314;5.3;0
07.01.2023;15:37:01;0;greeenland;0.51;1.4;0.308;1.01;0.78;1.7;101.4;102.7;9.72;0.437;0;1.6;0.43;1;5.21;89.3;17.356;0.305;5.3;0
07.01.2023;15:37:03;0;greeenland;0.5;1.4;0.308;1.01;0.78;1.7;101.3;102.7;9.72;0.438;0;1.6;0.43;1;5.24;87.7;17.358;0.314;5.3;0
07.01.2023;15:37:05;0;greeenland;0.51;1.4;0.308;1.01;0.78;1.7;101.3;102.7;9.72;0.438;0;1.6;0.44;1;5.06;97.6;17.358;0.308;5.3;0
07.01.2023;15:37:07;0;greeenland;0.5;1.4;0.308;1.02;0.78;1.7;101.3;102.6;9.72;0.438;0;1.6;0.45;1;5.17;91.3;17.35;0.309;5.3;0
07.01.2023;15:37:09;0;greeenland;0.51;1.4;0.308;1.04;0.79;1.7;101.3;102.6;9.72;0.438;0;1.6;0.44;1;5.6;67.2;17.342;0.308;5.3;0
07.01.2023;15:37:11;0;greeenland;0.52;1.4;0.308;1.04;0.79;1.7;101.3;102.6;9.72;0.438;0;1.6;0.44;1;5.31;83.8;17.333;0.31;5.3;0
07.01.2023;15:37:13;0;greeenland;0.54;1.4;0.308;1.05;0.79;1.7;101.3;102.6;9.72;0.438;0;1.6;0.45;1;5.37;80.3;17.33;0.308;5.3;0
07.01.2023;15:37:15;0;greeenland;0.55;1.4;0.309;1.04;0.79;1.7;101.3;102.7;9.72;0.438;0;1.6;0.45;1;5.35;81.4;17.329;0.31;5.3;0
07.01.2023;15:37:17;0;greeenland;0.56;1.4;0.309;1.04;0.79;1.7;101.3;102.7;9.72;0.438;0;1.6;0.46;1;5.36;81;17.329;0.312;5.3;0
07.01.2023;15:37:19;0;greeenland;0.56;1.4;0.308;1.03;0.79;1.7;101.3;102.7;9.73;0.438;0;1.7;0.48;1;5.23;87.9;17.334;0.306;5.3;0
07.01.2023;15:37:21;0;greeenland;0.55;1.4;0.308;1.04;0.79;1.7;101.3;102.7;9.73;0.438;0;1.7;0.48;1;5.52;71.7;17.341;0.312;5.3;0
07.01.2023;15:37:23;0;greeenland;0.55;1.4;0.308;1.04;0.79;1.7;101.3;102.7;9.73;0.438;0;1.7;0.47;1;5.38;79.9;17.35;0.304;5.3;0
07.01.2023;15:37:25;0;greeenland;0.53;1.4;0.308;1.04;0.79;1.7;101.4;102.7;9.72;0.438;0;1.7;0.45;1;5.39;79.2;17.359;0.307;5.3;0
07.01.2023;15:37:27;0;greeenland;0.54;1.4;0.308;1.04;0.79;1.7;101.3;102.7;9.72;0.438;0;1.7;0.45;1;5.34;81.6;17.364;0.308;5.3;0
07.01.2023;15:37:29;0;greeenland;0.57;1.4;0.308;1.02;0.78;1.7;101.3;102.7;9.72;0.438;0;1.7;0.46;1;5.36;80.6;17.366;0.308;5.3;0
07.01.2023;15:37:31;0;greeenland;0.58;1.4;0.308;1.03;0.79;1.7;101.3;102.7;9.72;0.438;0;1.7;0.45;1;5.5;72.7;17.367;0.308;5.3;0
07.01.2023;15:37:33;0;greeenland;0.58;1.4;0.309;1.02;0.78;1.7;101.3;102.7;9.72;0.438;0;1.7;0.46;1;5.34;81.9;17.367;0.31;5.3;0
07.01.2023;15:37:35;0;greeenland;0.57;1.4;0.308;1.02;0.78;1.7;101.3;102.7;9.72;0.438;0;1.7;0.46;1;5.11;94.9;17.369;0.307;5.3;0
07.01.2023;15:37:37;0;greeenland;0.56;1.4;0.308;1.01;0.78;1.7;101.3;102.6;9.72;0.438;0;1.7;0.44;1;5.32;83.1;17.37;0.309;5.3;0
07.01.2023;15:37:39;0;greeenland;0.51;1.4;0.308;1.01;0.78;1.7;101.3;102.6;9.71;0.438;0;1.7;0.43;1;5.3;84.3;17.372;0.306;5.3;0
07.01.2023;15:37:41;0;greeenland;0.51;1.4;0.308;0.99;0.78;1.7;101.3;102.6;9.72;0.438;0;1.7;0.43;1;5.29;84.7;17.376;0.31;5.3;0
07.01.2023;15:37:43;0;greeenland;0.5;1.4;0.308;0.99;0.77;1.7;101.3;102.7;9.72;0.438;0;1.7;0.44;1;5.35;81.4;17.379;0.308;5.31;0
07.01.2023;15:37:45;0;greeenland;0.49;1.4;0.308;0.98;0.77;1.7;101.3;102.7;9.72;0.437;0;1.7;0.45;1;5.47;74.4;17.384;0.304;5.31;0
07.01.2023;15:37:47;0;greeenland;0.5;1.4;0.308;0.97;0.77;1.7;101.3;102.7;9.72;0.438;0;1.7;0.46;1;5.35;81.6;17.389;0.309;5.31;0
07.01.2023;15:37:49;0;greeenland;0.52;1.4;0.308;0.97;0.77;1.7;101.3;102.7;9.72;0.438;0;1.7;0.44;1;5.22;88.9;17.393;0.309;5.31;0
07.01.2023;15:37:51;0;greeenland;0.54;1.4;0.308;0.97;0.77;1.7;101.3;102.7;9.72;0.437;0;1.7;0.43;1;5.32;82.9;17.396;0.307;5.31;0
07.01.2023;15:37:53;0;greeenland;0.54;1.4;0.308;0.98;0.77;1.7;101.4;102.7;9.72;0.437;0;1.7;0.42;1;5.4;78.3;17.397;0.309;5.3;0
07.01.2023;15:37:55;0;greeenland;0.55;1.4;0.308;0.97;0.77;1.7;101.4;102.7;9.72;0.437;0;1.7;0.42;1;5.37;80.1;17.398;0.309;5.3;0
07.01.2023;15:37:57;0;greeenland;0.55;1.4;0.308;0.97;0.77;1.7;101.4;102.7;9.72;0.437;0;1.7;0.43;1;5.36;80.9;17.392;0.308;5.3;0
07.01.2023;15:37:59;0;greeenland;0.56;1.4;0.308;0.97;0.77;1.7;101.4;102.7;9.72;0.437;0;1.7;0.43;1;5.36;80.8;17.384;0.306;5.3;0
07.01.2023;15:38:01;0;greeenland;0.56;1.4;0.308;0.97;0.77;1.7;101.4;102.7;9.72;0.438;0;1.7;0.44;1;5.37;80.3;17.373;0.313;5.3;0
07.01.2023;15:38:03;0;greeenland;0.57;1.4;0.308;0.96;0.76;1.7;101.4;102.7;9.73;0.438;0;1.7;0.43;1;5.54;70.4;17.362;0.306;5.3;0
07.01.2023;15:38:05;0;greeenland;0.57;1.4;0.308;0.97;0.77;1.7;101.4;102.7;9.73;0.438;0;1.7;0.43;1;5.19;90.4;17.353;0.315;5.3;0
07.01.2023;15:38:07;0;greeenland;0.58;1.4;0.308;0.97;0.77;1.7;101.4;102.7;9.73;0.438;0;1.7;0.43;1;5.55;69.9;17.348;0.304;5.3;0
07.01.2023;15:38:09;0;greeenland;0.58;1.4;0.308;0.95;0.76;1.7;101.3;102.7;9.72;0.438;0;1.7;0.45;1;6.89;-6.5;17.347;0.314;5.3;0
07.01.2023;15:38:11;0;greeenland;0.57;1.4;0.308;0.94;0.76;1.7;101.3;102.7;9.73;0.438;0;1.7;0.46;1;5.18;91;17.35;0.303;5.3;0
07.01.2023;15:38:13;0;greeenland;0.57;1.4;0.308;0.91;0.75;1.7;101.3;102.7;9.72;0.438;0;1.7;0.46;1;5.08;96.8;17.356;0.308;5.31;0
07.01.2023;15:38:15;0;greeenland;0.58;1.4;0.308;0.91;0.75;1.7;101.3;102.7;9.72;0.438;0;1.7;0.46;1;4.03;156.2;17.365;0.308;5.31;0
07.01.2023;15:38:17;0;greeenland;0.59;1.4;0.308;0.88;0.74;1.7;101.3;102.7;9.72;0.438;0;1.7;0.45;1;5.65;64.4;17.372;0.309;5.31;0
07.01.2023;15:38:19;0;greeenland;0.51;4.9;0.308;2.01;1.11;6;98.8;100.2;9.79;0.437;0;5.9;0.39;4;7.58;-45.3;15.744;0.306;5.31;0
07.01.2023;15:38:21;0;greeenland;0.32;11.3;0.308;3.64;1.66;13.9;99.8;101.1;9.9;0.438;0.01;13.7;0.27;9;7.58;-45.5;15.758;0.308;5.31;0
07.01.2023;15:38:23;0;greeenland;0.13;17.7;0.308;5.3;2.21;21.8;100.5;101.9;9.97;0.438;0.01;21.5;0.14;14;7.58;-45.4;15.747;0.31;5.26;0
07.01.2023;15:38:25;0;greeenland;-0.06;24.1;0.308;6.97;2.77;29.7;101.1;102.4;10.03;0.438;0.01;29.3;0.02;19;7.58;-45.3;15.747;0.305;5.26;0
07.01.2023;15:38:27;0;greeenland;-0.26;30.5;0.308;8.6;3.31;37.6;101.6;102.9;10.08;0.437;0.02;37;-0.09;24;7.58;-45.2;15.745;0.311;5.26;0
07.01.2023;15:38:29;0;greeenland;-0.33;36.9;0.308;10.25;3.86;45.4;102;103.4;10.12;0.437;0.02;44.8;-0.22;29;7.57;-45;15.742;0.307;5.26;0
07.01.2023;15:38:31;0;greeenland;-0.33;42.1;0.308;11.9;4.41;51.9;102.4;103.7;10.16;0.437;0.02;51.2;-0.34;33;7.57;-44.9;15.742;0.306;5.26;0
07.01.2023;15:38:33;0;greeenland;-0.34;42.4;0.308;13.58;4.97;52.2;102.7;104.1;10.19;0.437;0.02;51.5;-0.45;33;7.57;-44.7;15.742;0.313;5.24;0
07.01.2023;15:38:35;0;greeenland;-0.34;42.3;0.308;15.22;5.52;52.2;103.2;104.6;10.25;0.437;0.02;51.4;-0.57;33;7.57;-44.6;15.741;0.308;5.24;0
07.01.2023;15:38:37;0;greeenland;-0.35;42.3;0.308;16.51;5.95;52.1;103.8;105.2;10.31;0.437;0.02;51.4;-0.62;33;7.56;-44.5;15.739;0.307;5.24;0
07.01.2023;15:38:39;0;greeenland;-0.34;42.2;0.308;16.5;5.94;52;104.3;105.7;10.35;0.437;0.02;51.3;-0.63;33;7.56;-44.4;15.738;0.307;5.24;0
07.01.2023;15:38:41;0;greeenland;-0.35;42.2;0.308;16.5;5.94;52;104.7;106.1;10.39;0.437;0.02;51.3;-0.62;33;7.56;-44.3;15.736;0.306;5.24;0
07.01.2023;15:38:43;0;greeenland;-0.35;42.2;0.307;16.48;5.94;52;105;106.4;10.42;0.437;0.02;51.3;-0.62;33;7.56;-44.1;15.735;0.307;5.24;0
07.01.2023;15:38:45;0;greeenland;-0.36;42.2;0.307;16.46;5.93;52;105.3;106.7;10.45;0.437;0.02;51.2;-0.63;33;7.55;-43.8;15.732;0.306;5.24;0
07.01.2023;15:38:47;0;greeenland;-0.35;42.2;0.307;16.47;5.93;52;105.5;106.9;10.47;0.437;0.02;51.2;-0.64;33;7.55;-43.7;15.728;0.309;5.24;0
07.01.2023;15:38:49;0;greeenland;-0.35;42.1;0.307;16.46;5.93;51.9;105.7;107.1;10.49;0.436;0.02;51.2;-0.64;33;7.55;-43.5;15.726;0.306;5.24;0
07.01.2023;15:38:51;0;greeenland;-0.36;42.1;0.307;16.49;5.94;51.9;105.9;107.3;10.51;0.436;0.02;51.2;-0.65;33;7.55;-43.4;15.724;0.308;5.24;0
07.01.2023;15:38:53;0;greeenland;-0.36;42.1;0.307;16.5;5.94;51.9;106;107.4;10.52;0.436;0.02;51.2;-0.66;33;7.54;-43.3;15.722;0.304;5.25;0
07.01.2023;15:38:55;0;greeenland;-0.36;42.1;0.307;16.52;5.95;51.9;106.1;107.5;10.53;0.436;0.02;51.2;-0.65;33;7.54;-43.2;15.721;0.31;5.25;0
07.01.2023;15:38:57;0;greeenland;-0.36;42.1;0.307;16.52;5.95;51.9;106.2;107.6;10.54;0.436;0.02;51.2;-0.65;33;7.54;-43.2;15.719;0.303;5.25;0
07.01.2023;15:38:59;0;greeenland;-0.37;42.1;0.307;16.55;5.96;51.9;106.3;107.7;10.55;0.436;0.02;51.2;-0.64;33;7.54;-43.2;15.719;0.313;5.25;0
07.01.2023;15:39:01;0;greeenland;-0.38;42.1;0.307;16.57;5.97;51.9;106.3;107.8;10.56;0.436;0.02;51.2;-0.64;33;7.54;-43.1;15.716;0.301;5.25;0
07.01.2023;15:39:03;0;greeenland;-0.38;42.1;0.307;16.59;5.97;51.9;106.4;107.8;10.57;0.436;0.02;51.2;-0.64;33;7.54;-43.1;15.713;0.311;5.25;0
07.01.2023;15:39:05;0;greeenland;-0.38;42.1;0.307;16.6;5.98;51.9;106.5;107.9;10.57;0.436;0.02;51.2;-0.64;33;7.54;-43.1;15.71;0.306;5.25;0
07.01.2023;15:39:07;0;greeenland;-0.38;42.1;0.307;16.61;5.98;51.9;106.5;108;10.58;0.436;0.02;51.2;-0.64;33;7.54;-43;15.708;0.308;5.25;0
07.01.2023;15:39:09;0;greeenland;-0.38;42.1;0.307;16.62;5.98;51.9;106.6;108;10.59;0.437;0.02;51.2;-0.64;33;7.54;-43;15.708;0.319;5.25;0
07.01.2023;15:39:11;0;greeenland;-0.37;42.1;0.31;16.6;5.98;51.9;106.7;108.1;10.6;0.44;0.02;51.2;-0.64;33;7.54;-43;15.706;0.39;5.25;0
07.01.2023;15:39:13;0;greeenland;-0.37;42.1;0.318;16.59;5.97;51.9;106.7;108.2;10.6;0.451;0.02;51.2;-0.65;33;7.54;-42.9;15.705;0.494;5.29;0
07.01.2023;15:39:15;0;greeenland;-0.37;42.1;0.331;16.6;5.98;51.9;106.8;108.2;10.61;0.47;0.02;51.2;-0.65;33;7.54;-42.9;15.706;0.581;5.29;0
07.01.2023;15:39:17;0;greeenland;-0.37;42.1;0.347;16.59;5.97;51.9;106.9;108.3;10.61;0.493;0.02;51.2;-0.66;33;7.54;-42.9;15.708;0.648;5.29;0
07.01.2023;15:39:19;0;greeenland;-0.37;42.1;0.368;16.57;5.97;51.9;106.9;108.3;10.62;0.523;0.02;51.1;-0.65;33;7.54;-42.9;15.71;0.713;5.29;0
07.01.2023;15:39:21;0;greeenland;-0.36;42.1;0.392;16.56;5.96;51.9;106.9;108.4;10.62;0.557;0.02;51.1;-0.65;33;7.54;-42.9;15.711;0.813;5.29;0
07.01.2023;15:39:23;0;greeenland;-0.35;42.1;0.424;16.55;5.96;51.9;107;108.4;10.62;0.603;0.02;51.1;-0.66;33;7.54;-42.8;15.71;0.921;5.29;0
07.01.2023;15:39:25;0;greeenland;-0.35;42.1;0.458;16.57;5.97;51.9;107;108.4;10.62;0.651;0.02;51.2;-0.66;33;7.53;-42.8;15.71;1.021;5.29;0
07.01.2023;15:39:27;0;greeenland;-0.34;42.1;0.502;16.59;5.97;51.9;107;108.4;10.62;0.713;0.02;51.2;-0.66;33;7.53;-42.7;15.704;1.116;5.29;0
07.01.2023;15:39:29;0;greeenland;-0.34;42.1;0.546;16.62;5.98;51.9;106.9;108.4;10.62;0.776;0.02;51.2;-0.65;33;7.53;-42.7;15.698;1.221;5.29;0
07.01.2023;15:39:31;0;greeenland;-0.34;42.1;1.346;16.72;6.02;51.9;106.8;108.2;10.61;1.912;0.02;51.2;-0.65;33;7.53;-42.7;15.65;1.319;5.29;0
07.01.2023;15:39:33;0;greeenland;-0.35;42;1.474;16.86;6.06;52;106.5;108;10.6;2.095;0.02;51.2;-0.66;33;7.53;-42.6;15.583;1.452;5.29;0
07.01.2023;15:39:35;0;greeenland;-0.35;42;1.495;17.05;6.13;52.1;106.1;107.5;10.58;2.124;0.02;51.3;-0.65;33;7.53;-42.6;15.485;1.533;5.29;0
07.01.2023;15:39:37;0;greeenland;-0.34;41.9;1.545;17.3;6.21;52.1;105.6;107;10.55;2.196;0.02;51.4;-0.64;33;7.53;-42.5;15.366;1.634;5.29;0
07.01.2023;15:39:39;0;greeenland;-0.34;41.8;1.596;17.63;6.32;52.2;105.1;106.5;10.53;2.268;0.02;51.4;-0.65;33;7.53;-42.4;15.216;1.748;5.29;0
07.01.2023;15:39:41;0;greeenland;-0.33;41.7;1.65;17.96;6.43;52.2;104.6;106;10.52;2.344;0.02;51.4;-0.64;33;7.53;-42.2;15.056;1.834;5.29;0
07.01.2023;15:39:43;0;greeenland;-0.32;41.5;1.695;18.3;6.54;52.2;104.2;105.5;10.51;2.409;0.02;51.4;-0.64;33;7.52;-42.1;14.908;1.919;5.28;0
07.01.2023;15:39:45;0;greeenland;-0.32;41.4;1.738;18.63;6.65;52.2;103.8;105.2;10.5;2.469;0.02;51.4;-0.64;33;7.52;-41.9;14.773;1.978;5.28;0
07.01.2023;15:39:47;0;greeenland;-0.31;41.3;1.784;18.95;6.76;52.2;103.6;105;10.52;2.535;0.02;51.4;-0.64;33;7.52;-41.8;14.655;2.089;5.28;0
07.01.2023;15:39:49;0;greeenland;-0.3;41.2;1.827;19.26;6.86;52.2;103.5;104.9;10.53;2.596;0.02;51.4;-0.64;33;7.52;-41.6;14.547;2.177;5.28;0
07.01.2023;15:39:51;0;greeenland;-0.3;41.1;1.874;19.55;6.96;52.2;103.5;104.8;10.55;2.662;0.02;51.4;-0.63;33;7.51;-41.4;14.458;2.252;5.28;0
07.01.2023;15:39:53;0;greeenland;-0.3;41;1.914;19.84;7.06;52.2;103.4;104.8;10.56;2.72;0.02;51.4;-0.62;33;7.51;-41.3;14.39;2.33;5.29;0
07.01.2023;15:39:55;0;greeenland;-0.3;40.9;1.959;20.18;7.17;52.2;103.3;104.7;10.57;2.784;0.02;51.4;-0.62;33;7.51;-41.2;14.317;2.418;5.29;0
07.01.2023;15:39:57;0;greeenland;-0.29;40.9;1.999;20.59;7.31;52.3;103.2;104.5;10.57;2.841;0.02;51.5;-0.62;33;7.51;-41;14.235;2.488;5.29;0
07.01.2023;15:39:59;0;greeenland;-0.3;40.8;2.042;21.16;7.5;52.3;102.9;104.3;10.56;2.902;0.02;51.5;-0.62;33;7.5;-40.8;14.128;2.558;5.29;0
07.01.2023;15:40:01;0;greeenland;-0.28;40.7;2.08;21.72;7.68;52.3;102.6;103.9;10.55;2.956;0.02;51.5;-0.63;33;7.5;-40.6;14.002;2.633;5.29;0
07.01.2023;15:40:03;0;greeenland;-0.26;40.5;2.124;22.41;7.91;52.3;102.3;103.7;10.55;3.018;0.02;51.5;-0.62;33;7.49;-40.4;13.875;2.749;5.3;0
07.01.2023;15:40:05;0;greeenland;-0.26;40.4;2.848;23.28;8.2;52.2;102;103.3;10.55;4.048;0.02;51.4;-0.62;33;7.49;-40.1;13.74;2.837;5.3;0
07.01.2023;15:40:07;0;greeenland;-0.25;40.2;2.924;24.43;8.59;52.2;101.6;103;10.55;4.156;0.02;51.3;-0.61;33;7.49;-39.8;13.606;2.901;5.3;0
07.01.2023;15:40:09;0;greeenland;-0.24;40;2.972;26.13;9.15;52.1;101.3;102.7;10.55;4.224;0.02;51.3;-0.61;33;7.48;-39.5;13.423;2.984;5.3;0
07.01.2023;15:40:11;0;greeenland;-0.22;39.7;3.01;27.77;9.7;52;101.2;102.5;10.58;4.278;0.02;51.2;-0.62;33;7.47;-39.1;13.261;3.052;5.3;0
07.01.2023;15:40:13;0;greeenland;-0.22;39.5;3.05;29.38;10.24;51.9;101.2;102.5;10.61;4.335;0.02;51;-0.62;33;7.47;-38.7;13.11;3.12;5.29;0
07.01.2023;15:40:15;0;greeenland;-0.22;39.1;3.082;30.92;10.75;51.7;101.1;102.4;10.64;4.38;0.02;50.8;-0.62;33;7.46;-38.3;12.961;3.181;5.29;0
07.01.2023;15:40:17;0;greeenland;-0.22;38.8;3.121;32.6;11.31;51.5;101;102.3;10.67;4.435;0.02;50.7;-0.63;33;7.45;-37.8;12.775;3.276;5.29;0
07.01.2023;15:40:19;0;greeenland;-0.2;38.4;3.156;34.29;11.87;51.2;101.1;102.5;10.73;4.486;0.02;50.4;-0.61;33;7.44;-37.3;12.547;3.338;5.29;0
07.01.2023;15:40:21;0;greeenland;-0.21;37.9;3.195;35.95;12.43;50.8;101.4;102.8;10.82;4.541;0.02;50;-0.61;32;7.44;-36.9;12.335;3.418;5.29;0
07.01.2023;15:40:23;0;greeenland;-0.21;37.4;3.23;37.41;12.91;50.4;104.5;105.8;11.19;4.591;0.02;49.6;-0.61;32;7.43;-36.5;12.162;3.496;5.28;0
07.01.2023;15:40:25;0;greeenland;-0.19;37;3.268;38.66;13.33;50.1;104.7;106;11.26;4.645;0.02;49.2;-0.61;32;7.42;-36.1;11.994;3.558;5.28;0
07.01.2023;15:40:27;0;greeenland;-0.18;36.6;3.302;39.42;13.59;49.7;105;106.4;11.34;4.694;0.02;48.9;-0.6;32;7.42;-35.8;11.829;3.624;5.28;0
07.01.2023;15:40:29;0;greeenland;-0.16;36.3;3.335;39.86;13.73;49.5;105.2;106.6;11.4;4.74;0.02;48.7;-0.61;32;7.41;-35.4;11.65;3.664;5.28;0
07.01.2023;15:40:31;0;greeenland;-0.15;36;3.37;40.36;13.9;49.3;105.4;106.8;11.46;4.79;0.02;48.5;-0.6;32;7.4;-35.1;11.534;3.74;5.28;0
07.01.2023;15:40:33;0;greeenland;-0.13;35.9;3.405;40.93;14.09;49.3;105.6;107;11.52;4.841;0.02;48.4;-0.61;31;7.4;-34.8;11.412;3.804;5.28;0
07.01.2023;15:40:35;0;greeenland;-0.12;35.7;3.437;41.09;14.14;49.2;105.7;107.1;11.56;4.885;0.02;48.4;-0.61;31;7.39;-34.5;11.284;3.867;5.28;0
07.01.2023;15:40:37;0;greeenland;-0.11;35.6;3.472;41;14.11;49.2;105.8;107.2;11.61;4.935;0.02;48.4;-0.6;31;7.39;-34.2;11.131;3.932;5.28;0
07.01.2023;15:40:39;0;greeenland;-0.08;35.4;3.503;40.88;14.07;49.3;105.9;107.4;11.67;4.979;0.02;48.4;-0.61;31;7.39;-34;10.98;3.993;5.28;0
07.01.2023;15:40:41;0;greeenland;-0.07;35.3;3.534;40.73;14.02;49.2;106.1;107.5;11.72;5.024;0.02;48.4;-0.61;31;7.38;-33.7;10.864;4.06;5.28;0
07.01.2023;15:40:43;0;greeenland;-0.05;35.2;3.569;40.54;13.96;49.2;106.2;107.6;11.76;5.073;0.02;48.4;-0.6;31;7.38;-33.4;10.736;4.128;5.28;0
07.01.2023;15:40:45;0;greeenland;-0.04;35.1;3.6;40.34;13.89;49.2;106.1;107.5;11.79;5.118;0.02;48.4;-0.6;31;7.37;-33.1;10.609;4.19;5.28;0
07.01.2023;15:40:47;0;greeenland;-0.02;35;3.651;40.01;13.78;49.3;106.1;107.5;11.83;5.191;0.02;48.5;-0.59;32;7.37;-32.8;10.416;4.265;5.28;0
07.01.2023;15:40:49;0;greeenland;0;34.9;3.716;39.54;13.62;49.5;105.8;107.2;11.86;5.283;0.02;48.6;-0.57;32;7.36;-32.5;10.229;4.339;5.28;0
07.01.2023;15:40:51;0;greeenland;0.03;34.8;3.788;39.03;13.46;49.6;105.5;106.9;11.87;5.386;0.02;48.8;-0.56;32;7.35;-32.2;10.054;4.456;5.28;0
07.01.2023;15:40:53;0;greeenland;0.07;34.8;4.476;38.53;13.29;49.8;105.2;106.6;11.89;6.363;0.02;48.9;-0.55;32;7.35;-31.9;9.84;4.486;5.27;0
07.01.2023;15:40:55;0;greeenland;0.08;34.7;3.752;38.26;13.2;49.9;105.1;106.5;11.93;5.334;0.02;49.1;-0.55;32;7.34;-31.5;9.705;3.697;5.27;0
07.01.2023;15:40:57;0;greeenland;0.06;34.8;2.138;38.08;13.14;47.3;112.5;114;12.79;3.038;0.02;46.4;-0.54;30;7.34;-31.1;11.829;2.412;5.27;0
07.01.2023;15:40:59;0;greeenland;0;35.3;0.974;20.27;7.2;45.3;113.4;114.9;11.92;1.384;0.02;44.6;-0.53;29;7.32;-30.6;14.11;1.285;5.27;0
07.01.2023;15:41:01;0;greeenland;-0.05;35.9;0.446;-1.22;0.04;45.5;113.8;115.3;11.62;0.633;0.02;44.8;-0.53;29;7.31;-30.2;14.672;0.361;5.27;0
07.01.2023;15:41:03;0;greeenland;0.06;31.6;0.32;0.06;0.46;40;104.1;105.5;10.55;0.455;0.02;39.4;-0.44;26;7.03;-14.1;14.665;0.302;5.28;0
07.01.2023;15:41:05;0;greeenland;0.16;26.6;0.31;0.76;0.7;33.8;103;104.4;10.49;0.441;0.01;33.3;-0.33;22;6.87;-5.1;14.416;0.299;5.28;0
07.01.2023;15:41:07;0;greeenland;0.32;21.6;0.308;0.78;0.7;27.6;102.6;104;10.51;0.438;0.01;27.2;-0.22;18;6.83;-2.8;14.211;0.306;5.28;0
07.01.2023;15:41:09;0;greeenland;0.47;16.6;0.306;0.7;0.68;21.4;102.1;103.5;10.5;0.434;0.01;21;-0.09;14;6.93;-8.5;14.06;0.296;5.28;0
07.01.2023;15:41:11;0;greeenland;0.64;11.5;0.306;0.73;0.69;14.8;102;103.3;10.51;0.434;0.01;14.5;0.05;9;7.09;-17.6;13.965;0.308;5.28;0
07.01.2023;15:41:13;0;greeenland;0.63;5.8;0.305;0.74;0.69;7.4;101.9;103.3;10.52;0.434;0;7.3;0.16;5;7.08;-16.9;13.861;0.301;5.31;0
07.01.2023;15:41:15;0;greeenland;0.61;2.9;0.305;0.77;0.7;3.8;101.9;103.2;10.56;0.434;0;3.7;0.29;2;6.96;-10.2;13.642;0.303;5.31;0
07.01.2023;15:41:17;0;greeenland;0.62;2.9;0.304;0.79;0.71;3.8;101.8;103.2;10.59;0.433;0;3.7;0.41;2;6.91;-7.5;13.502;0.296;5.31;0
07.01.2023;15:41:19;0;greeenland;0.62;3;0.304;0.83;0.72;3.9;101.6;102.9;10.59;0.433;0;3.9;0.54;3;6.86;-4.5;13.403;0.304;5.31;0
07.01.2023;15:41:21;0;greeenland;0.62;3;0.305;0.85;0.73;3.9;101.3;102.7;10.59;0.433;0;3.9;0.55;3;6.88;-6;13.333;0.305;5.31;0
07.01.2023;15:41:23;0;greeenland;0.61;3;0.304;0.88;0.74;3.9;101.3;102.6;10.6;0.433;0;3.8;0.57;2;6.9;-7.1;13.259;0.305;5.31;0
07.01.2023;15:41:25;0;greeenland;0.61;2.9;0.304;0.94;0.76;3.8;101.2;102.6;10.61;0.433;0;3.8;0.57;2;7.06;-15.7;13.186;0.303;5.31;0
07.01.2023;15:41:27;0;greeenland;0.6;2.9;0.304;0.97;0.77;3.8;101.2;102.5;10.62;0.433;0;3.8;0.57;2;7.01;-13;13.123;0.302;5.31;0
07.01.2023;15:41:29;0;greeenland;0.6;2.9;0.304;0.97;0.77;3.8;101.1;102.4;10.63;0.433;0;3.8;0.55;2;6.97;-10.8;13.073;0.308;5.31;0
07.01.2023;15:41:31;0;greeenland;0.6;2.9;0.304;1;0.78;3.8;101;102.4;10.63;0.432;0;3.8;0.56;2;6.96;-10.1;13.042;0.301;5.31;0
07.01.2023;15:41:33;0;greeenland;0.59;2.9;0.304;1;0.78;3.8;101.1;102.4;10.64;0.433;0;3.8;0.56;2;6.96;-10.1;13.024;0.31;5.31;0
07.01.2023;15:41:35;0;greeenland;0.58;2.9;0.304;1;0.78;3.8;101;102.4;10.64;0.433;0;3.8;0.56;2;6.95;-9.6;13.005;0.301;5.31;0
07.01.2023;15:41:37;0;greeenland;0.58;2.9;0.305;1;0.78;3.8;100.9;102.2;10.63;0.433;0;3.7;0.56;2;6.94;-9.2;12.982;0.311;5.31;0
07.01.2023;15:41:39;0;greeenland;0.6;2.9;0.303;0.98;0.77;3.8;100.7;102.1;10.62;0.431;0;3.7;0.55;2;6.94;-9.3;12.957;0.301;5.31;0
07.01.2023;15:41:41;0;greeenland;0.61;2.9;0.303;0.98;0.77;3.8;100.6;101.9;10.61;0.431;0;3.7;0.55;2;6.94;-9.2;12.933;0.305;5.31;0
07.01.2023;15:41:43;0;greeenland;0.62;2.8;0.304;0.98;0.77;3.7;100.4;101.7;10.6;0.432;0;3.7;0.55;2;6.93;-8.9;12.905;0.304;5.3;0
07.01.2023;15:41:45;0;greeenland;0.62;2.8;0.304;0.96;0.76;3.7;100.2;101.6;10.59;0.432;0;3.6;0.56;2;6.89;-6.2;12.868;0.305;5.3;0
07.01.2023;15:41:47;0;greeenland;0.64;2.7;0.304;0.96;0.76;3.6;100.2;101.5;10.59;0.432;0;3.6;0.56;2;7.04;-14.8;12.836;0.303;5.3;0
07.01.2023;15:41:49;0;greeenland;0.65;2.7;0.304;0.96;0.76;3.6;100.1;101.5;10.59;0.432;0;3.5;0.55;2;7.03;-14.1;12.811;0.306;5.3;0
07.01.2023;15:41:51;0;greeenland;0.63;2.7;0.304;0.95;0.76;3.5;100.1;101.5;10.6;0.432;0;3.5;0.56;2;7.01;-13.4;12.792;0.302;5.3;0
07.01.2023;15:41:53;0;greeenland;0.63;2.7;0.304;0.97;0.77;3.5;100.1;101.5;10.6;0.432;0;3.5;0.54;2;7;-12.7;12.774;0.301;5.29;0
07.01.2023;15:41:55;0;greeenland;0.63;2.7;0.304;0.98;0.77;3.5;100.1;101.4;10.6;0.433;0;3.5;0.55;2;7;-12.3;12.759;0.307;5.29;0
07.01.2023;15:41:57;0;greeenland;0.61;2.7;0.304;0.99;0.77;3.5;100.1;101.4;10.61;0.433;0;3.5;0.56;2;6.99;-12;12.751;0.302;5.29;0
07.01.2023;15:41:59;0;greeenland;0.6;2.7;0.304;0.99;0.77;3.6;100.1;101.4;10.61;0.432;0;3.5;0.55;2;6.99;-11.9;12.752;0.304;5.29;0
07.01.2023;15:42:01;0;greeenland;0.6;2.7;0.304;0.99;0.77;3.6;100.1;101.4;10.61;0.432;0;3.5;0.56;2;6.98;-11.6;12.749;0.304;5.29;0
07.01.2023;15:42:03;0;greeenland;0.59;2.7;0.304;0.98;0.77;3.6;100;101.3;10.6;0.432;0;3.5;0.55;2;6.98;-11.4;12.746;0.303;5.29;0
07.01.2023;15:42:05;0;greeenland;0.57;2.7;0.304;0.99;0.77;3.6;99.9;101.3;10.59;0.432;0;3.5;0.57;2;6.97;-11.1;12.739;0.305;5.29;0
07.01.2023;15:42:07;0;greeenland;0.58;2.7;0.304;0.99;0.77;3.5;99.9;101.2;10.59;0.432;0;3.5;0.58;2;6.97;-11;12.733;0.303;5.29;0
07.01.2023;15:42:09;0;greeenland;0.57;2.6;0.304;0.99;0.77;3.5;99.9;101.2;10.59;0.433;0;3.5;0.59;2;6.97;-11.1;12.73;0.305;5.29;0
07.01.2023;15:42:11;0;greeenland;0.57;2.6;0.304;0.99;0.77;3.5;99.9;101.2;10.59;0.432;0;3.4;0.58;2;6.97;-11.1;12.725;0.303;5.29;0
07.01.2023;15:42:13;0;greeenland;0.59;2.6;0.304;0.98;0.77;3.5;99.8;101.2;10.58;0.433;0;3.4;0.59;2;6.97;-11.1;12.718;0.308;5.3;0
07.01.2023;15:42:15;0;greeenland;0.59;2.6;0.304;0.97;0.77;3.5;99.8;101.1;10.58;0.432;0;3.4;0.59;2;6.97;-11.1;12.71;0.3;5.3;0
07.01.2023;15:42:17;0;greeenland;0.6;2.6;0.304;0.97;0.77;3.5;99.8;101.2;10.59;0.432;0;3.4;0.57;2;6.98;-11.3;12.7;0.306;5.3;0
07.01.2023;15:42:19;0;greeenland;0.6;2.6;0.304;0.96;0.76;3.5;99.9;101.2;10.59;0.432;0;3.4;0.57;2;7.03;-14.1;12.693;0.3;5.3;0
07.01.2023;15:42:21;0;greeenland;0.6;2.6;0.304;0.96;0.76;3.5;99.8;101.2;10.59;0.432;0;3.4;0.56;2;6.99;-11.9;12.685;0.309;5.3;0
07.01.2023;15:42:23;0;greeenland;0.6;2.6;0.304;0.97;0.77;3.5;99.8;101.1;10.59;0.432;0;3.4;0.55;2;7;-12.6;12.679;0.304;5.29;0
07.01.2023;15:42:25;0;greeenland;0.61;2.6;0.304;0.96;0.76;3.5;99.7;101.1;10.59;0.432;0;3.4;0.54;2;6.98;-11.7;12.67;0.305;5.29;0
07.01.2023;15:42:27;0;greeenland;0.6;2.6;0.304;0.96;0.76;3.5;99.6;101;10.58;0.432;0;3.4;0.53;2;6.87;-5.5;12.663;0.304;5.29;0
07.01.2023;15:42:29;0;greeenland;0.6;2.6;0.304;0.96;0.76;3.4;99.5;100.8;10.57;0.432;0;3.4;0.52;2;6.85;-4.4;12.653;0.305;5.29;0
07.01.2023;15:42:31;0;greeenland;0.59;2.6;0.304;0.96;0.76;3.4;99.3;100.7;10.55;0.432;0;3.4;0.54;2;6.89;-6.1;12.638;0.303;5.29;0
07.01.2023;15:42:33;0;greeenland;0.6;2.6;0.304;0.96;0.76;3.4;99.2;100.5;10.54;0.432;0;3.4;0.54;2;6.89;-6.5;12.622;0.301;5.3;0
07.01.2023;15:42:35;0;greeenland;0.59;2.6;0.304;0.96;0.76;3.4;99.1;100.5;10.54;0.432;0;3.4;0.53;2;6.9;-7.1;12.604;0.307;5.3;0
07.01.2023;15:42:37;0;greeenland;0.59;2.6;0.304;0.95;0.76;3.4;99.1;100.4;10.54;0.432;0;3.4;0.53;2;6.92;-8.2;12.588;0.303;5.3;0
07.01.2023;15:42:39;0;greeenland;0.59;2.6;0.304;0.97;0.77;3.4;99.1;100.4;10.54;0.432;0;3.4;0.53;2;6.93;-8.6;12.573;0.307;5.3;0
07.01.2023;15:42:41;0;greeenland;0.59;2.6;0.304;0.97;0.77;3.4;99;100.4;10.54;0.432;0;3.3;0.53;2;6.93;-8.4;12.56;0.3;5.3;0
07.01.2023;15:42:43;0;greeenland;0.58;2.6;0.304;0.98;0.77;3.4;99.1;100.4;10.54;0.432;0;3.3;0.54;2;6.92;-7.9;12.546;0.305;5.29;0
07.01.2023;15:42:45;0;greeenland;0.57;2.5;0.304;0.97;0.77;3.4;99;100.4;10.54;0.432;0;3.3;0.55;2;6.91;-7.6;12.53;0.304;5.29;0
07.01.2023;15:42:47;0;greeenland;0.59;2.5;0.304;0.98;0.77;3.4;99;100.4;10.55;0.432;0;3.3;0.56;2;6.91;-7.5;12.515;0.309;5.29;0
07.01.2023;15:42:49;0;greeenland;0.58;2.5;0.304;0.98;0.77;3.4;99;100.3;10.55;0.432;0;3.3;0.56;2;6.91;-7.7;12.502;0.305;5.29;0
07.01.2023;15:42:51;0;greeenland;0.58;2.5;0.304;0.98;0.77;3.4;99;100.3;10.55;0.431;0;3.3;0.55;2;7;-12.7;12.488;0.305;5.29;0
07.01.2023;15:42:53;0;greeenland;0.61;2.5;0.304;0.99;0.77;3.4;99;100.3;10.55;0.432;0;3.3;0.55;2;6.98;-11.7;12.476;0.303;5.29;0
07.01.2023;15:42:55;0;greeenland;0.6;2.5;0.304;0.98;0.77;3.4;99;100.3;10.56;0.432;0;3.3;0.56;2;6.99;-12.1;12.468;0.305;5.29;0
07.01.2023;15:42:57;0;greeenland;0.59;2.5;0.304;0.99;0.77;3.4;99;100.3;10.56;0.432;0;3.3;0.58;2;6.98;-11.3;12.466;0.303;5.29;0
07.01.2023;15:42:59;0;greeenland;0.6;2.5;0.304;0.98;0.77;3.4;99.1;100.4;10.56;0.432;0;3.3;0.58;2;6.99;-11.8;12.467;0.307;5.29;0
07.01.2023;15:43:01;0;greeenland;0.61;2.5;0.304;0.98;0.77;3.4;99.1;100.4;10.57;0.432;0;3.3;0.58;2;7;-12.4;12.47;0.309;5.29;0
07.01.2023;15:43:03;0;greeenland;0.6;2.5;0.304;0.98;0.77;3.4;99.1;100.4;10.56;0.432;0;3.3;0.59;2;6.99;-12.2;12.474;0.301;5.29;0
07.01.2023;15:43:05;0;greeenland;0.62;2.5;0.304;0.98;0.77;3.4;99.1;100.4;10.56;0.432;0;3.3;0.59;2;6.99;-12.1;12.479;0.302;5.29;0
07.01.2023;15:43:07;0;greeenland;0.62;2.5;0.304;0.98;0.77;3.4;99;100.4;10.56;0.432;0;3.3;0.58;2;6.99;-12;12.486;0.305;5.29;0
07.01.2023;15:43:09;0;greeenland;0.59;2.5;0.304;0.97;0.77;3.4;99.1;100.4;10.56;0.432;0;3.3;0.59;2;6.99;-12.2;12.494;0.303;5.29;0
07.01.2023;15:43:11;0;greeenland;0.58;2.5;0.304;0.97;0.77;3.4;99;100.4;10.55;0.432;0;3.3;0.6;2;6.99;-12.2;12.501;0.304;5.29;0
07.01.2023;15:43:13;0;greeenland;0.58;2.5;0.304;0.97;0.77;3.4;99;100.3;10.55;0.432;0;3.3;0.59;2;6.99;-12;12.505;0.304;5.29;0
07.01.2023;15:43:15;0;greeenland;0.57;2.5;0.304;0.96;0.77;3.4;98.9;100.3;10.54;0.432;0;3.3;0.58;2;6.86;-4.9;12.507;0.306;5.29;0
07.01.2023;15:43:17;0;greeenland;0.58;2.5;0.304;0.96;0.76;3.4;98.8;100.1;10.53;0.432;0;3.3;0.58;2;6.87;-5.5;12.504;0.301;5.29;0
07.01.2023;15:43:19;0;greeenland;0.59;2.5;0.304;0.95;0.76;3.4;98.7;100;10.52;0.432;0;3.3;0.58;2;6.86;-4.7;12.496;0.305;5.29;0
07.01.2023;15:43:21;0;greeenland;0.61;2.6;0.304;0.96;0.76;3.4;98.6;99.9;10.51;0.432;0;3.4;0.58;2;6.86;-5;12.488;0.306;5.29;0
07.01.2023;15:43:23;0;greeenland;0.61;2.6;0.304;0.96;0.76;3.4;98.5;99.9;10.5;0.432;0;3.4;0.59;2;6.9;-6.9;12.479;0.305;5.29;0
07.01.2023;15:43:25;0;greeenland;0.61;2.6;0.304;0.96;0.76;3.4;98.5;99.8;10.5;0.432;0;3.4;0.6;2;6.93;-8.4;12.473;0.3;5.29;0
07.01.2023;15:43:27;0;greeenland;0.61;2.6;0.304;0.96;0.76;3.4;98.5;99.8;10.5;0.432;0;3.4;0.58;2;7.05;-15.1;12.469;0.31;5.29;0
07.01.2023;15:43:29;0;greeenland;0.6;2.5;0.304;0.96;0.76;3.4;98.6;99.9;10.51;0.432;0;3.3;0.58;2;7.02;-13.5;12.469;0.302;5.29;0
07.01.2023;15:43:31;0;greeenland;0.6;2.5;0.304;0.97;0.77;3.4;98.6;99.9;10.52;0.432;0;3.3;0.59;2;7;-12.5;12.473;0.305;5.29;0
07.01.2023;15:43:33;0;greeenland;0.6;2.5;0.304;0.97;0.77;3.4;98.7;100;10.52;0.432;0;3.3;0.6;2;6.96;-10.1;12.478;0.303;5.29;0
07.01.2023;15:43:35;0;greeenland;0.58;2.5;0.304;0.99;0.77;3.4;98.8;100.1;10.53;0.432;0;3.3;0.6;2;6.94;-9.2;12.482;0.305;5.29;0
07.01.2023;15:43:37;0;greeenland;0.59;2.5;0.304;0.99;0.78;3.4;98.8;100.1;10.53;0.432;0;3.3;0.59;2;6.95;-9.9;12.487;0.303;5.29;0
07.01.2023;15:43:39;0;greeenland;0.58;2.5;0.304;1;0.78;3.4;98.8;100.1;10.53;0.432;0;3.3;0.58;2;6.97;-10.7;12.491;0.303;5.29;0
07.01.2023;15:43:41;0;greeenland;0.57;2.5;0.304;0.99;0.77;3.4;98.8;100.2;10.53;0.432;0;3.3;0.58;2;6.98;-11.2;12.493;0.305;5.29;0
07.01.2023;15:43:43;0;greeenland;0.57;2.5;0.304;1;0.78;3.4;98.9;100.2;10.54;0.432;0;3.3;0.56;2;6.98;-11.2;12.493;0.303;5.29;0
07.01.2023;15:43:45;0;greeenland;0.59;2.5;0.304;1;0.78;3.4;98.9;100.2;10.54;0.432;0;3.3;0.57;2;6.98;-11.4;12.495;0.308;5.29;0
07.01.2023;15:43:47;0;greeenland;0.59;2.5;0.304;1;0.78;3.4;98.9;100.2;10.54;0.432;0;3.3;0.58;2;7.06;-16;12.498;0.3;5.29;0
07.01.2023;15:43:49;0;greeenland;0.6;2.5;0.304;1.03;0.79;3.4;98.9;100.2;10.54;0.432;0;3.3;0.57;2;7.07;-16.3;12.502;0.31;5.29;0
07.01.2023;15:43:51;0;greeenland;0.61;2.5;0.304;1.03;0.79;3.4;98.9;100.3;10.54;0.432;0;3.3;0.58;2;7.07;-16.5;12.507;0.303;5.29;0
07.01.2023;15:43:53;0;greeenland;0.58;2.5;0.304;1.04;0.79;3.4;98.9;100.3;10.54;0.432;0;3.3;0.58;2;7.07;-16.3;12.514;0.304;5.29;0
07.01.2023;15:43:55;0;greeenland;0.57;2.5;0.304;1.04;0.79;3.4;98.9;100.3;10.54;0.432;0;3.3;0.58;2;6.93;-8.5;12.52;0.304;5.29;0
07.01.2023;15:43:57;0;greeenland;0.58;2.5;0.304;1.04;0.79;3.4;98.9;100.2;10.53;0.432;0;3.3;0.61;2;6.9;-7;12.523;0.309;5.29;0
07.01.2023;15:43:59;0;greeenland;0.59;2.5;0.304;1.04;0.79;3.4;98.9;100.2;10.53;0.432;0;3.3;0.6;2;6.92;-8.2;12.524;0.303;5.29;0
07.01.2023;15:44:01;0;greeenland;0.58;2.5;0.304;1.04;0.79;3.4;98.8;100.1;10.52;0.432;0;3.3;0.62;2;6.96;-10.5;12.524;0.306;5.29;0
07.01.2023;15:44:03;0;greeenland;0.59;2.5;0.304;1.04;0.79;3.4;98.8;100.1;10.52;0.432;0;3.3;0.62;2;6.96;-10.5;12.521;0.304;5.29;0
07.01.2023;15:44:05;0;greeenland;0.59;2.5;0.304;1.03;0.79;3.4;98.7;100.1;10.52;0.432;0;3.3;0.63;2;6.96;-10.1;12.517;0.306;5.29;0
07.01.2023;15:44:07;0;greeenland;0.59;2.5;0.304;1.02;0.79;3.4;98.7;100;10.52;0.432;0;3.3;0.64;2;6.96;-10.5;12.511;0.305;5.29;0
07.01.2023;15:44:09;0;greeenland;0.6;2.5;0.304;1.01;0.78;3.3;98.7;100;10.52;0.432;0;3.3;0.65;2;6.97;-11;12.508;0.3;5.29;0
07.01.2023;15:44:11;0;greeenland;0.57;2.5;0.304;1;0.78;3.3;98.8;100.1;10.52;0.432;0;3.3;0.64;2;6.98;-11.4;12.507;0.309;5.28;0
07.01.2023;15:44:13;0;greeenland;0.58;2.5;0.304;1.01;0.78;3.3;98.8;100.1;10.52;0.432;0;3.3;0.64;2;6.98;-11.6;12.508;0.303;5.28;0
07.01.2023;15:44:15;0;greeenland;0.59;2.5;0.304;0.99;0.77;3.3;98.8;100.1;10.52;0.432;0;3.3;0.64;2;6.98;-11.6;12.508;0.305;5.28;0
07.01.2023;15:44:17;0;greeenland;0.59;2.5;0.304;0.99;0.77;3.3;98.8;100.1;10.53;0.432;0;3.3;0.65;2;6.99;-11.8;12.508;0.305;5.28;0
07.01.2023;15:44:19;0;greeenland;0.6;2.5;0.304;0.99;0.77;3.3;98.8;100.1;10.53;0.433;0;3.3;0.65;2;6.99;-12;12.51;0.304;5.28;0
07.01.2023;15:44:21;0;greeenland;0.58;2.5;0.304;0.99;0.77;3.4;98.8;100.1;10.53;0.433;0;3.3;0.64;2;7;-12.3;12.512;0.305;5.29;0
07.01.2023;15:44:23;0;greeenland;0.6;2.5;0.304;0.98;0.77;3.4;98.8;100.1;10.52;0.432;0;3.3;0.65;2;7.08;-17;12.513;0.303;5.29;0
07.01.2023;15:44:25;0;greeenland;0.6;2.5;0.304;0.99;0.77;3.4;98.8;100.1;10.52;0.433;0;3.3;0.64;2;6.91;-7.4;12.515;0.303;5.29;0
07.01.2023;15:44:27;0;greeenland;0.6;2.5;0.304;0.99;0.77;3.4;98.8;100.1;10.52;0.432;0;3.3;0.65;2;6.99;-11.9;12.516;0.302;5.29;0
07.01.2023;15:44:29;0;greeenland;0.59;2.5;0.304;0.99;0.78;3.4;98.8;100.1;10.52;0.432;0;3.3;0.65;2;7.01;-13.3;12.518;0.309;5.29;0
07.01.2023;15:44:31;0;greeenland;0.59;2.5;0.304;1;0.78;3.4;98.8;100.1;10.52;0.432;0;3.3;0.63;2;7.02;-13.6;12.521;0.302;5.29;0
07.01.2023;15:44:33;0;greeenland;0.61;2.5;0.304;1;0.78;3.4;98.8;100.1;10.52;0.432;0;3.3;0.64;2;7.02;-13.6;12.523;0.31;5.29;0
07.01.2023;15:44:35;0;greeenland;0.61;2.5;0.304;1.01;0.78;3.4;98.8;100.1;10.52;0.432;0;3.3;0.64;2;7.02;-13.5;12.526;0.298;5.29;0
07.01.2023;15:44:37;0;greeenland;0.6;2.5;0.304;1.01;0.78;3.3;98.8;100.1;10.52;0.433;0;3.3;0.64;2;7.02;-13.6;12.529;0.31;5.29;0
07.01.2023;15:44:39;0;greeenland;0.62;2.5;0.304;1.03;0.79;3.3;98.8;100.1;10.52;0.432;0;3.3;0.63;2;7.02;-13.7;12.532;0.304;5.29;0
07.01.2023;15:44:41;0;greeenland;0.62;2.5;0.304;1.01;0.78;3.3;98.8;100.1;10.52;0.433;0;3.3;0.61;2;7.02;-13.8;12.537;0.305;5.28;0
07.01.2023;15:44:43;0;greeenland;0.59;2.5;0.304;1.02;0.78;3.3;98.8;100.1;10.52;0.432;0;3.3;0.61;2;7.02;-13.7;12.54;0.304;5.28;0
07.01.2023;15:44:45;0;greeenland;0.61;2.5;0.304;1.02;0.79;3.3;98.8;100.1;10.52;0.432;0;3.3;0.59;2;7.02;-13.9;12.544;0.305;5.28;0
07.01.2023;15:44:47;0;greeenland;0.62;2.5;0.304;1.03;0.79;3.3;98.8;100.1;10.52;0.432;0;3.3;0.6;2;7.02;-13.8;12.546;0.304;5.28;0
07.01.2023;15:44:49;0;greeenland;0.59;2.5;0.304;1.02;0.79;3.3;98.8;100.1;10.51;0.432;0;3.3;0.58;2;7.02;-13.6;12.547;0.303;5.28;0
07.01.2023;15:44:51;0;greeenland;0.61;2.5;0.304;1.01;0.78;3.3;98.8;100.1;10.51;0.432;0;3.3;0.55;2;7.02;-13.6;12.547;0.307;5.29;0
07.01.2023;15:44:53;0;greeenland;0.62;2.5;0.304;1.01;0.78;3.3;98.7;100;10.51;0.432;0;3.3;0.54;2;7.01;-13.3;12.547;0.301;5.29;0
07.01.2023;15:44:55;0;greeenland;0.61;2.5;0.304;1.02;0.78;3.3;98.7;100;10.51;0.432;0;3.3;0.53;2;7.01;-13.1;12.547;0.307;5.29;0
07.01.2023;15:44:57;0;greeenland;0.61;2.5;0.304;1.02;0.78;3.3;98.7;100;10.51;0.432;0;3.3;0.54;2;7.01;-13;12.547;0.303;5.29;0
07.01.2023;15:44:59;0;greeenland;0.62;2.5;0.304;1.02;0.78;3.3;98.7;100;10.51;0.432;0;3.3;0.55;2;7.09;-17.6;12.548;0.304;5.29;0
07.01.2023;15:45:01;0;greeenland;0.64;2.5;0.304;1.02;0.79;3.3;98.7;100;10.51;0.432;0;3.3;0.56;2;7.03;-14.2;12.551;0.304;5.29;0
07.01.2023;15:45:03;0;greeenland;0.63;2.5;0.304;1.02;0.78;3.3;98.7;100;10.51;0.432;0;3.3;0.56;2;7.08;-17;12.556;0.304;5.29;0
07.01.2023;15:45:05;0;greeenland;0.62;2.5;0.304;1.02;0.78;3.3;98.7;100;10.51;0.433;0;3.3;0.56;2;7.07;-16.5;12.56;0.305;5.29;0
07.01.2023;15:45:07;0;greeenland;0.62;2.5;0.304;1.02;0.78;3.3;98.7;100;10.51;0.432;0;3.3;0.57;2;6.92;-8;12.563;0.306;5.29;0
07.01.2023;15:45:09;0;greeenland;0.63;2.5;0.304;1.03;0.79;3.3;98.7;100;10.5;0.433;0;3.3;0.59;2;6.91;-7.7;12.563;0.303;5.29;0
07.01.2023;15:45:11;0;greeenland;0.61;2.5;0.304;1.04;0.79;3.3;98.7;100;10.5;0.432;0;3.3;0.61;2;6.94;-9.4;12.562;0.305;5.28;0
07.01.2023;15:45:13;0;greeenland;0.62;2.5;0.305;1.04;0.79;3.3;98.7;100;10.5;0.433;0;3.2;0.61;2;6.97;-11;12.56;0.304;5.28;0
07.01.2023;15:45:15;0;greeenland;0.61;2.5;0.304;1.05;0.79;3.3;98.6;99.9;10.49;0.432;0;3.2;0.6;2;6.97;-10.7;12.553;0.304;5.28;0
07.01.2023;15:45:17;0;greeenland;0.61;2.5;0.304;1.05;0.79;3.3;98.6;99.9;10.49;0.433;0;3.2;0.59;2;6.97;-10.6;12.545;0.305;5.28;0
07.01.2023;15:45:19;0;greeenland;0.61;2.5;0.304;1.04;0.79;3.3;98.5;99.8;10.49;0.432;0;3.2;0.59;2;6.95;-9.9;12.535;0.3;5.28;0
07.01.2023;15:45:21;0;greeenland;0.62;2.5;0.304;1.06;0.8;3.3;98.5;99.8;10.49;0.433;0;3.2;0.6;2;6.95;-9.5;12.526;0.31;5.28;0
07.01.2023;15:45:23;0;greeenland;0.62;2.5;0.304;1.06;0.8;3.3;98.5;99.8;10.49;0.433;0;3.2;0.59;2;6.95;-9.6;12.519;0.304;5.28;0
07.01.2023;15:45:25;0;greeenland;0.61;2.5;0.304;1.06;0.8;3.3;98.5;99.8;10.49;0.433;0;3.2;0.61;2;6.96;-10;12.514;0.303;5.28;0
07.01.2023;15:45:27;0;greeenland;0.61;2.5;0.304;1.04;0.79;3.3;98.4;99.7;10.49;0.433;0;3.2;0.6;2;6.96;-10.3;12.511;0.305;5.28;0
07.01.2023;15:45:29;0;greeenland;0.64;2.5;0.304;1.03;0.79;3.3;98.4;99.7;10.49;0.432;0;3.2;0.59;2;6.96;-10.4;12.51;0.304;5.28;0
07.01.2023;15:45:31;0;greeenland;0.63;2.5;0.304;1.04;0.79;3.3;98.4;99.8;10.49;0.433;0;3.2;0.58;2;7.07;-16.5;12.509;0.306;5.28;0
07.01.2023;15:45:33;0;greeenland;0.6;2.5;0.304;1.03;0.79;3.3;98.5;99.8;10.49;0.433;0;3.3;0.59;2;7.01;-12.8;12.511;0.305;5.28;0
07.01.2023;15:45:35;0;greeenland;0.61;2.5;0.304;1.01;0.78;3.3;98.5;99.8;10.49;0.433;0;3.3;0.59;2;7.02;-13.6;12.513;0.305;5.28;0
07.01.2023;15:45:37;0;greeenland;0.62;2.5;0.304;1;0.78;3.3;98.5;99.8;10.49;0.433;0;3.3;0.6;2;7.03;-14;12.514;0.302;5.28;0
07.01.2023;15:45:39;0;greeenland;0.61;2.5;0.305;0.99;0.78;3.3;98.5;99.8;10.49;0.433;0;3.3;0.61;2;7.03;-14.2;12.515;0.31;5.28;0
07.01.2023;15:45:41;0;greeenland;0.58;2.5;0.304;0.99;0.77;3.3;98.5;99.8;10.49;0.432;0;3.3;0.6;2;7.03;-14.1;12.516;0.3;5.28;0
07.01.2023;15:45:43;0;greeenland;0.58;2.5;0.304;1.01;0.78;3.3;98.5;99.8;10.49;0.433;0;3.3;0.6;2;7.03;-14.2;12.518;0.305;5.28;0
07.01.2023;15:45:45;0;greeenland;0.6;2.5;0.304;1;0.78;3.3;98.5;99.8;10.49;0.432;0;3.3;0.6;2;7.03;-14.1;12.519;0.303;5.28;0
07.01.2023;15:45:47;0;greeenland;0.59;2.5;0.304;1.02;0.78;3.3;98.5;99.8;10.49;0.432;0;3.3;0.61;2;7.03;-14.2;12.52;0.305;5.28;0
07.01.2023;15:45:49;0;greeenland;0.58;2.5;0.304;1.02;0.78;3.3;98.5;99.8;10.49;0.432;0;3.3;0.61;2;7.04;-14.5;12.522;0.303;5.28;0
07.01.2023;15:45:51;0;greeenland;0.58;2.5;0.304;1.02;0.79;3.3;98.5;99.8;10.49;0.432;0;3.3;0.61;2;7.04;-14.6;12.525;0.306;5.28;0
07.01.2023;15:45:53;0;greeenland;0.6;2.5;0.304;1.03;0.79;3.3;98.5;99.8;10.49;0.432;0;3.3;0.61;2;7.04;-14.6;12.526;0.302;5.28;0
07.01.2023;15:45:55;0;greeenland;0.59;2.5;0.304;1.05;0.79;3.3;98.5;99.8;10.49;0.432;0;3.3;0.6;2;7.03;-14.5;12.528;0.306;5.28;0
07.01.2023;15:45:57;0;greeenland;0.6;2.5;0.304;1.05;0.79;3.3;98.5;99.8;10.49;0.433;0;3.3;0.6;2;7.03;-14.3;12.528;0.306;5.28;0
07.01.2023;15:45:59;0;greeenland;0.59;2.5;0.304;1.06;0.8;3.3;98.5;99.8;10.49;0.432;0;3.3;0.6;2;7.03;-14.1;12.528;0.303;5.28;0
07.01.2023;15:46:01;0;greeenland;0.58;2.5;0.304;1.05;0.79;3.3;98.4;99.8;10.48;0.433;0;3.3;0.59;2;6.92;-8.1;12.526;0.307;5.28;0
07.01.2023;15:46:03;0;greeenland;0.61;2.5;0.304;1.05;0.79;3.3;98.4;99.7;10.48;0.433;0;3.3;0.57;2;6.95;-9.7;12.522;0.301;5.28;0
07.01.2023;15:46:05;0;greeenland;0.61;2.5;0.304;1.07;0.8;3.3;98.4;99.7;10.48;0.433;0;3.3;0.57;2;6.98;-11.3;12.519;0.304;5.28;0
07.01.2023;15:46:07;0;greeenland;0.62;2.5;0.305;1.06;0.8;3.3;98.4;99.7;10.48;0.433;0;3.3;0.57;2;7;-12.7;12.516;0.305;5.28;0
07.01.2023;15:46:09;0;greeenland;0.64;2.5;0.304;1.09;0.81;3.3;98.4;99.7;10.49;0.433;0;3.3;0.57;2;7;-12.5;12.514;0.304;5.28;0
07.01.2023;15:46:11;0;greeenland;0.64;2.5;0.305;1.08;0.8;3.3;98.4;99.8;10.49;0.433;0;3.2;0.58;2;7.01;-12.9;12.514;0.306;5.28;0
07.01.2023;15:46:13;0;greeenland;0.65;2.5;0.304;1.08;0.8;3.3;98.5;99.8;10.49;0.433;0;3.2;0.58;2;7.02;-13.4;12.515;0.304;5.28;0
07.01.2023;15:46:15;0;greeenland;0.64;2.5;0.304;1.07;0.8;3.3;98.5;99.8;10.49;0.433;0;3.2;0.58;2;7.02;-13.6;12.517;0.304;5.28;0
07.01.2023;15:46:17;0;greeenland;0.65;2.5;0.304;1.08;0.8;3.3;98.5;99.8;10.49;0.433;0;3.2;0.57;2;7.02;-13.7;12.518;0.306;5.28;0
07.01.2023;15:46:19;0;greeenland;0.65;2.5;0.304;1.06;0.8;3.3;98.5;99.8;10.49;0.433;0;3.2;0.57;2;7.02;-13.5;12.518;0.304;5.28;0
07.01.2023;15:46:21;0;greeenland;0.65;2.5;0.305;1.05;0.79;3.3;98.5;99.8;10.49;0.433;0;3.2;0.57;2;7.02;-13.5;12.518;0.309;5.27;0
07.01.2023;15:46:23;0;greeenland;0.65;2.5;0.305;1.04;0.79;3.3;98.5;99.8;10.49;0.433;0;3.2;0.57;2;7.02;-13.5;12.518;0.301;5.27;0
07.01.2023;15:46:25;0;greeenland;0.64;2.5;0.305;1.02;0.78;3.3;98.5;99.8;10.49;0.433;0;3.2;0.57;2;7.02;-13.4;12.517;0.308;5.27;0
07.01.2023;15:46:27;0;greeenland;0.63;2.5;0.305;1.01;0.78;3.3;98.5;99.8;10.49;0.433;0;3.2;0.58;2;7.01;-13.3;12.515;0.308;5.27;0
07.01.2023;15:46:29;0;greeenland;0.62;2.5;0.304;0.99;0.77;3.3;98.5;99.8;10.49;0.433;0;3.2;0.56;2;7.01;-13;12.512;0.308;5.27;0
07.01.2023;15:46:31;0;greeenland;0.61;2.5;0.304;0.99;0.77;3.3;98.5;99.8;10.49;0.433;0;3.2;0.55;2;7.01;-13.1;12.513;0.301;5.27;0
07.01.2023;15:46:33;0;greeenland;0.62;2.5;0.304;0.99;0.77;3.3;98.4;99.8;10.49;0.433;0;3.2;0.57;2;7.01;-12.9;12.512;0.304;5.27;0
07.01.2023;15:46:35;0;greeenland;0.63;2.5;0.304;0.99;0.77;3.3;98.4;99.7;10.48;0.432;0;3.2;0.56;2;7;-12.3;12.509;0.304;5.27;0
07.01.2023;15:46:37;0;greeenland;0.62;2.5;0.304;0.98;0.77;3.3;98.4;99.7;10.48;0.433;0;3.2;0.56;2;6.99;-11.7;12.507;0.305;5.27;0
07.01.2023;15:46:39;0;greeenland;0.62;2.5;0.304;1;0.78;3.3;98.3;99.6;10.48;0.432;0;3.2;0.58;2;6.98;-11.7;12.505;0.304;5.27;0
07.01.2023;15:46:41;0;greeenland;0.61;2.5;0.304;0.99;0.78;3.3;98.3;99.6;10.48;0.432;0;3.2;0.57;2;7.12;-19;12.507;0.303;5.28;0
07.01.2023;15:46:43;0;greeenland;0.63;2.5;0.304;1.01;0.78;3.3;98.3;99.6;10.48;0.432;0;3.2;0.57;2;7.02;-13.4;12.509;0.303;5.28;0
07.01.2023;15:46:45;0;greeenland;0.63;2.5;0.304;1.01;0.78;3.3;98.3;99.6;10.47;0.432;0;3.2;0.56;2;7.01;-13;12.511;0.306;5.28;0
07.01.2023;15:46:47;0;greeenland;0.64;2.5;0.304;1.02;0.78;3.3;98.3;99.6;10.47;0.432;0;3.2;0.56;2;7.01;-13.1;12.514;0.304;5.28;0
07.01.2023;15:46:49;0;greeenland;0.63;2.5;0.304;1.03;0.79;3.3;98.3;99.6;10.48;0.432;0;3.2;0.57;2;7;-12.4;12.517;0.303;5.28;0
07.01.2023;15:46:51;0;greeenland;0.64;2.5;0.304;1.03;0.79;3.3;98.3;99.7;10.48;0.433;0;3.2;0.58;2;7;-12.5;12.518;0.31;5.28;0
07.01.2023;15:46:53;0;greeenland;0.65;2.5;0.304;1.03;0.79;3.3;98.3;99.6;10.47;0.432;0;3.3;0.58;2;6.99;-12.1;12.519;0.3;5.28;0
07.01.2023;15:46:55;0;greeenland;0.64;2.5;0.304;1.03;0.79;3.3;98.3;99.6;10.47;0.432;0;3.3;0.59;2;6.99;-12.2;12.518;0.31;5.28;0
07.01.2023;15:46:57;0;greeenland;0.64;2.5;0.304;1.04;0.79;3.3;98.3;99.6;10.48;0.433;0;3.3;0.58;2;7;-12.4;12.517;0.305;5.28;0
07.01.2023;15:46:59;0;greeenland;0.63;2.5;0.304;1.03;0.79;3.4;98.3;99.6;10.47;0.433;0;3.3;0.59;2;7;-12.6;12.517;0.305;5.28;0
07.01.2023;15:47:01;0;greeenland;0.61;2.5;0.304;1.04;0.79;3.4;98.3;99.7;10.48;0.433;0;3.3;0.59;2;7;-12.8;12.518;0.306;5.28;0
07.01.2023;15:47:03;0;greeenland;0.61;2.5;0.305;1.04;0.79;3.4;98.3;99.6;10.47;0.433;0;3.3;0.59;2;7.01;-12.9;12.52;0.304;5.28;0
07.01.2023;15:47:05;0;greeenland;0.6;2.5;0.305;1.05;0.79;3.4;98.3;99.6;10.47;0.433;0;3.3;0.59;2;7.01;-12.9;12.522;0.304;5.28;0
07.01.2023;15:47:07;0;greeenland;0.62;2.5;0.305;1.04;0.79;3.4;98.3;99.6;10.47;0.433;0;3.3;0.6;2;7.01;-13;12.524;0.306;5.28;0
07.01.2023;15:47:09;0;greeenland;0.6;2.5;0.305;1.05;0.79;3.4;98.3;99.6;10.47;0.433;0;3.3;0.6;2;7.02;-13.7;12.524;0.304;5.28;0
07.01.2023;15:47:11;0;greeenland;0.62;2.5;0.305;1.05;0.79;3.4;98.4;99.7;10.48;0.433;0;3.3;0.61;2;7.07;-16.7;12.524;0.305;5.27;0
07.01.2023;15:47:13;0;greeenland;0.63;2.5;0.305;1.05;0.79;3.4;98.3;99.7;10.47;0.434;0;3.3;0.61;2;6.88;-5.8;12.521;0.31;5.27;0
07.01.2023;15:47:15;0;greeenland;0.62;2.5;0.305;1.05;0.79;3.4;98.3;99.6;10.47;0.433;0;3.3;0.61;2;6.92;-8;12.516;0.3;5.27;0
07.01.2023;15:47:17;0;greeenland;0.64;2.5;0.305;1.05;0.79;3.4;98.3;99.6;10.48;0.433;0;3.3;0.62;2;6.92;-7.8;12.51;0.304;5.27;0
07.01.2023;15:47:19;0;greeenland;0.64;2.5;0.305;1.05;0.79;3.4;98.3;99.6;10.48;0.433;0;3.3;0.62;2;6.93;-8.8;12.502;0.299;5.27;0
07.01.2023;15:47:21;0;greeenland;0.64;2.5;0.305;1.02;0.78;3.4;98.3;99.6;10.48;0.433;0;3.3;0.62;2;6.94;-9.4;12.493;0.305;5.27;0
07.01.2023;15:47:23;0;greeenland;0.64;2.5;0.305;1.02;0.78;3.4;98.3;99.6;10.48;0.433;0;3.3;0.62;2;6.59;10.4;12.485;0.304;5.27;0
07.01.2023;15:47:25;0;greeenland;0.63;2.6;0.305;1.03;0.79;3.4;98.3;99.6;10.48;0.433;0;3.4;0.63;2;6.99;-11.9;12.477;0.304;5.27;0
07.01.2023;15:47:27;0;greeenland;0.61;2.6;0.305;1.05;0.79;3.4;98.3;99.6;10.48;0.433;0;3.4;0.63;2;7.01;-13;12.472;0.306;5.27;0
07.01.2023;15:47:29;0;greeenland;0.61;2.6;0.304;1.04;0.79;3.4;98.3;99.6;10.48;0.433;0;3.4;0.61;2;7.17;-21.8;12.47;0.302;5.27;0
07.01.2023;15:47:31;0;greeenland;0.61;2.6;0.305;1.03;0.79;3.5;98.3;99.6;10.48;0.433;0;3.4;0.6;2;7.17;-21.9;12.47;0.306;5.28;0
07.01.2023;15:47:33;0;greeenland;0.61;2.6;0.304;1.02;0.79;3.5;98.3;99.6;10.48;0.433;0;3.4;0.6;2;7.12;-19.2;12.471;0.302;5.28;0
07.01.2023;15:47:35;0;greeenland;0.62;2.6;0.304;1.03;0.79;3.5;98.3;99.6;10.48;0.433;0;3.4;0.6;2;7.19;-23.4;12.474;0.309;5.28;0
07.01.2023;15:47:37;0;greeenland;0.6;2.6;0.304;1.03;0.79;3.5;98.3;99.6;10.48;0.432;0;3.4;0.59;2;7.2;-23.9;12.477;0.301;5.28;0
07.01.2023;15:47:39;0;greeenland;0.6;2.6;0.304;1.04;0.79;3.5;98.4;99.7;10.49;0.432;0;3.4;0.6;2;7.19;-23.2;12.481;0.305;5.28;0
07.01.2023;15:47:41;0;greeenland;0.61;2.6;0.304;1.05;0.79;3.5;98.4;99.7;10.49;0.432;0;3.4;0.59;2;7.02;-13.5;12.485;0.304;5.28;0
07.01.2023;15:47:43;0;greeenland;0.6;2.6;0.304;1.05;0.79;3.5;98.4;99.7;10.49;0.432;0;3.4;0.59;2;7.12;-19.1;12.49;0.305;5.28;0
07.01.2023;15:47:45;0;greeenland;0.61;2.6;0.304;1.04;0.79;3.5;98.4;99.7;10.49;0.432;0;3.4;0.59;2;7.05;-15.2;12.495;0.305;5.28;0
07.01.2023;15:47:47;0;greeenland;0.61;2.6;0.304;1.04;0.79;3.5;98.4;99.7;10.49;0.432;0;3.4;0.61;2;6.86;-4.9;12.503;0.304;5.28;0
07.01.2023;15:47:49;0;greeenland;0.61;2.6;0.304;1.04;0.79;3.5;98.4;99.7;10.48;0.432;0;3.4;0.62;2;6.81;-2;12.513;0.305;5.28;0
07.01.2023;15:47:51;0;greeenland;0.6;2.6;0.304;1.04;0.79;3.5;98.3;99.6;10.47;0.432;0;3.4;0.63;2;6.83;-2.9;12.518;0.303;5.28;0
07.01.2023;15:47:53;0;greeenland;0.6;2.6;0.304;1.04;0.79;3.5;98.3;99.6;10.47;0.432;0;3.4;0.63;2;6.83;-3.2;12.522;0.301;5.28;0
07.01.2023;15:47:55;0;greeenland;0.59;2.6;0.304;1.05;0.79;3.4;98.2;99.5;10.46;0.432;0;3.4;0.63;2;6.84;-3.4;12.523;0.305;5.28;0
07.01.2023;15:47:57;0;greeenland;0.58;2.6;0.304;1.06;0.8;3.4;98.2;99.5;10.46;0.432;0;3.4;0.62;2;6.92;-7.9;12.521;0.306;5.28;0
07.01.2023;15:47:59;0;greeenland;0.58;2.6;0.304;1.05;0.8;3.4;98.1;99.5;10.45;0.432;0;3.4;0.63;2;6.89;-6.4;12.517;0.301;5.28;0
07.01.2023;15:48:01;0;greeenland;0.58;2.6;0.304;1.05;0.79;3.4;98.1;99.4;10.45;0.432;0;3.4;0.62;2;6.95;-9.8;12.506;0.31;5.28;0
07.01.2023;15:48:03;0;greeenland;0.58;2.6;0.304;1.06;0.8;3.4;98.1;99.4;10.46;0.432;0;3.4;0.61;2;7;-12.7;12.495;0.304;5.28;0
07.01.2023;15:48:05;0;greeenland;0.58;2.6;0.304;1.06;0.8;3.4;98.1;99.5;10.46;0.432;0;3.4;0.61;2;6.94;-8.9;12.487;0.304;5.28;0
07.01.2023;15:48:07;0;greeenland;0.59;2.6;0.304;1.05;0.79;3.4;98.2;99.5;10.47;0.432;0;3.4;0.6;2;7.02;-13.8;12.479;0.304;5.28;0
07.01.2023;15:48:09;0;greeenland;0.59;2.6;0.304;1.06;0.8;3.4;98.2;99.5;10.47;0.432;0;3.4;0.6;2;7.03;-14.5;12.471;0.304;5.28;0
07.01.2023;15:48:11;0;greeenland;0.61;2.6;0.304;1.07;0.8;3.4;98.2;99.5;10.48;0.432;0;3.4;0.58;2;7.06;-15.8;12.466;0.305;5.28;0
07.01.2023;15:48:13;0;greeenland;0.62;2.6;0.304;1.08;0.8;3.4;98.3;99.6;10.48;0.432;0;3.4;0.59;2;7.06;-15.9;12.461;0.304;5.28;0
07.01.2023;15:48:15;0;greeenland;0.61;2.6;0.304;1.08;0.8;3.4;98.3;99.6;10.48;0.432;0;3.4;0.58;2;6.93;-8.5;12.459;0.302;5.28;0
07.01.2023;15:48:17;0;greeenland;0.62;2.6;0.304;1.07;0.8;3.4;98.3;99.6;10.49;0.432;0;3.4;0.58;2;6.93;-8.7;12.459;0.306;5.28;0
07.01.2023;15:48:19;0;greeenland;0.63;2.6;0.304;1.06;0.8;3.4;98.3;99.6;10.49;0.432;0;3.4;0.58;2;6.93;-8.8;12.459;0.305;5.28;0
07.01.2023;15:48:21;0;greeenland;0.64;2.6;0.304;1.07;0.8;3.4;98.3;99.6;10.49;0.432;0;3.4;0.58;2;6.94;-9.4;12.459;0.301;5.28;0
07.01.2023;15:48:23;0;greeenland;0.65;2.6;0.304;1.06;0.8;3.4;98.3;99.6;10.49;0.432;0;3.4;0.59;2;7.06;-16.2;12.458;0.309;5.28;0
07.01.2023;15:48:25;0;greeenland;0.64;2.6;0.304;1.05;0.79;3.4;98.3;99.6;10.49;0.432;0;3.4;0.59;2;7.19;-23;12.457;0.3;5.28;0
07.01.2023;15:48:27;0;greeenland;0.66;2.6;0.304;1.06;0.8;3.4;98.4;99.7;10.49;0.432;0;3.4;0.6;2;7.19;-23.1;12.454;0.31;5.28;0
07.01.2023;15:48:29;0;greeenland;0.66;2.6;0.304;1.06;0.8;3.4;98.4;99.7;10.5;0.432;0;3.4;0.61;2;7.11;-18.9;12.452;0.301;5.28;0
07.01.2023;15:48:31;0;greeenland;0.65;2.6;0.304;1.06;0.8;3.4;98.4;99.8;10.5;0.432;0;3.4;0.6;2;7.2;-23.5;12.45;0.304;5.27;0
07.01.2023;15:48:33;0;greeenland;0.65;2.6;0.304;1.06;0.8;3.4;98.5;99.8;10.51;0.432;0;3.4;0.6;2;7.17;-22.1;12.448;0.304;5.27;0
07.01.2023;15:48:35;0;greeenland;0.64;2.6;0.304;1.05;0.79;3.4;98.5;99.9;10.51;0.432;0;3.4;0.61;2;7.17;-22;12.449;0.303;5.27;0
07.01.2023;15:48:37;0;greeenland;0.64;2.6;0.304;1.06;0.8;3.4;98.6;99.9;10.52;0.433;0;3.4;0.62;2;7.16;-21.8;12.453;0.311;5.27;0
07.01.2023;15:48:39;0;greeenland;0.64;2.6;0.304;1.06;0.8;3.5;98.6;99.9;10.52;0.432;0;3.4;0.63;2;7.16;-21.7;12.459;0.303;5.27;0
07.01.2023;15:48:41;0;greeenland;0.63;2.6;0.304;1.06;0.8;3.5;98.6;99.9;10.52;0.432;0;3.4;0.62;2;7.07;-16.5;12.468;0.308;5.27;0
07.01.2023;15:48:43;0;greeenland;0.64;2.6;0.304;1.07;0.8;3.4;98.6;99.9;10.52;0.432;0;3.4;0.62;2;6.99;-12.1;12.477;0.3;5.27;0
07.01.2023;15:48:45;0;greeenland;0.61;2.6;0.304;1.06;0.8;3.4;98.6;100;10.52;0.432;0;3.4;0.61;2;6.98;-11.6;12.488;0.308;5.27;0
07.01.2023;15:48:47;0;greeenland;0.6;2.6;0.304;1.06;0.8;3.4;98.6;100;10.51;0.433;0;3.4;0.6;2;6.99;-11.8;12.499;0.305;5.27;0
07.01.2023;15:48:49;0;greeenland;0.6;2.6;0.304;1.06;0.8;3.5;98.6;100;10.51;0.433;0;3.4;0.59;2;6.99;-12.3;12.507;0.305;5.27;0
07.01.2023;15:48:51;0;greeenland;0.6;2.6;0.304;1.05;0.79;3.4;98.6;100;10.51;0.432;0;3.4;0.61;2;6.99;-11.9;12.514;0.303;5.27;0
07.01.2023;15:48:53;0;greeenland;0.59;2.6;0.305;1.05;0.79;3.5;98.7;100;10.51;0.433;0;3.4;0.6;2;7.14;-20.2;12.519;0.304;5.27;0
07.01.2023;15:48:55;0;greeenland;0.6;2.6;0.304;1.04;0.79;3.5;98.7;100;10.51;0.433;0;3.4;0.59;2;7.07;-16.6;12.518;0.303;5.27;0
07.01.2023;15:48:57;0;greeenland;0.61;2.6;0.304;1.04;0.79;3.5;98.7;100;10.51;0.432;0;3.4;0.6;2;7.08;-17;12.515;0.304;5.27;0
07.01.2023;15:48:59;0;greeenland;0.62;2.6;0.304;1.03;0.79;3.5;98.7;100;10.52;0.433;0;3.4;0.61;2;7.22;-24.8;12.509;0.308;5.27;0
07.01.2023;15:49:01;0;greeenland;0.62;2.6;0.304;1.02;0.78;3.5;98.7;100;10.52;0.432;0;3.5;0.62;2;7.09;-17.7;12.501;0.306;5.26;0
07.01.2023;15:49:03;0;greeenland;0.61;2.7;0.305;1.01;0.78;3.6;98.7;100.1;10.52;0.433;0;3.5;0.62;2;6.98;-11.4;12.495;0.304;5.26;0
07.01.2023;15:49:05;0;greeenland;0.62;2.7;0.304;1.02;0.78;3.7;98.8;100.1;10.53;0.432;0;3.6;0.63;2;7.14;-20.1;12.489;0.3;5.26;0
07.01.2023;15:49:07;0;greeenland;0.61;2.8;0.305;1.02;0.78;3.7;98.8;100.1;10.53;0.433;0;3.6;0.63;2;7.19;-23.3;12.487;0.311;5.26;0
07.01.2023;15:49:09;0;greeenland;0.62;2.8;0.304;1.01;0.78;3.8;98.8;100.1;10.53;0.432;0;3.7;0.62;2;7.15;-21.1;12.486;0.3;5.26;0
07.01.2023;15:49:11;0;greeenland;0.63;2.8;0.304;1;0.78;3.8;98.8;100.1;10.53;0.432;0;3.7;0.63;2;7.13;-19.6;12.485;0.304;5.25;0
07.01.2023;15:49:13;0;greeenland;0.63;2.8;0.304;1.01;0.78;3.8;98.8;100.1;10.53;0.433;0;3.7;0.62;2;7.17;-22;12.487;0.305;5.25;0
07.01.2023;15:49:15;0;greeenland;0.63;2.8;0.304;1.02;0.78;3.8;98.8;100.2;10.54;0.432;0;3.7;0.61;2;7.21;-24;12.491;0.305;5.25;0
07.01.2023;15:49:17;0;greeenland;0.62;2.8;0.304;1.03;0.79;3.7;98.9;100.2;10.54;0.432;0;3.7;0.6;2;7.21;-24.5;12.496;0.303;5.25;0
07.01.2023;15:49:19;0;greeenland;0.61;2.8;0.304;1.04;0.79;3.7;98.9;100.2;10.54;0.432;0;3.7;0.59;2;7.21;-24.4;12.5;0.303;5.25;0
07.01.2023;15:49:21;0;greeenland;0.59;2.8;0.304;1.04;0.79;3.7;98.9;100.2;10.54;0.432;0;3.6;0.59;2;7.13;-20;12.504;0.306;5.25;0
07.01.2023;15:49:23;0;greeenland;0.58;2.8;0.304;1.02;0.78;3.7;98.9;100.3;10.54;0.432;0;3.6;0.58;2;7.1;-17.9;12.511;0.305;5.25;0
07.01.2023;15:49:25;0;greeenland;0.58;2.8;0.304;1.04;0.79;3.7;99;100.3;10.54;0.432;0;3.7;0.57;2;7.04;-14.9;12.52;0.303;5.25;0
07.01.2023;15:49:27;0;greeenland;0.58;2.8;0.304;1.04;0.79;3.7;99;100.3;10.54;0.432;0;3.7;0.58;2;7.01;-12.9;12.53;0.3;5.25;0
07.01.2023;15:49:29;0;greeenland;0.6;2.8;0.304;1.05;0.79;3.7;99;100.3;10.54;0.432;0;3.7;0.57;2;7;-12.5;12.544;0.306;5.25;0
07.01.2023;15:49:31;0;greeenland;0.6;2.8;0.304;1.04;0.79;3.7;99;100.3;10.53;0.432;0;3.7;0.57;2;6.99;-12.2;12.558;0.3;5.25;0
07.01.2023;15:49:33;0;greeenland;0.6;2.8;0.304;1.04;0.79;3.7;99;100.3;10.53;0.432;0;3.7;0.57;2;6.99;-12;12.573;0.305;5.25;0
07.01.2023;15:49:35;0;greeenland;0.6;2.8;0.304;1.05;0.79;3.7;99;100.3;10.53;0.432;0;3.7;0.57;2;6.97;-10.9;12.59;0.299;5.25;0
07.01.2023;15:49:37;0;greeenland;0.59;2.8;0.304;1.04;0.79;3.7;99;100.3;10.53;0.432;0;3.6;0.57;2;6.89;-6.5;12.605;0.305;5.25;0
07.01.2023;15:49:39;0;greeenland;0.6;2.8;0.304;1.01;0.78;3.7;99;100.3;10.52;0.432;0;3.6;0.57;2;6.93;-8.6;12.615;0.304;5.25;0
07.01.2023;15:49:41;0;greeenland;0.6;2.8;0.304;1.02;0.78;3.7;99;100.3;10.52;0.432;0;3.6;0.57;2;6.93;-8.7;12.616;0.303;5.25;0
07.01.2023;15:49:43;0;greeenland;0.62;2.8;0.304;1.04;0.79;3.7;98.9;100.3;10.52;0.432;0;3.6;0.57;2;6.95;-9.5;12.61;0.305;5.25;0
07.01.2023;15:49:45;0;greeenland;0.62;2.8;0.304;1.03;0.79;3.7;98.9;100.2;10.51;0.431;0;3.7;0.56;2;6.98;-11.5;12.602;0.301;5.25;0
07.01.2023;15:49:47;0;greeenland;0.61;2.8;0.304;1.03;0.79;3.7;98.8;100.2;10.51;0.432;0;3.7;0.56;2;7.15;-20.7;12.59;0.308;5.25;0
07.01.2023;15:49:49;0;greeenland;0.59;2.8;0.304;1.03;0.79;3.8;98.8;100.1;10.51;0.432;0;3.7;0.57;2;7.17;-22;12.576;0.301;5.25;0
07.01.2023;15:49:51;0;greeenland;0.6;2.8;0.304;1.03;0.79;3.8;98.8;100.1;10.51;0.432;0;3.7;0.57;2;7.13;-19.7;12.565;0.308;5.24;0
07.01.2023;15:49:53;0;greeenland;0.58;2.8;0.304;1.02;0.78;3.8;98.8;100.2;10.52;0.432;0;3.7;0.58;2;7.11;-18.7;12.561;0.302;5.24;0
07.01.2023;15:49:55;0;greeenland;0.56;2.8;0.304;1.02;0.78;3.8;98.9;100.2;10.52;0.431;0;3.7;0.59;2;7.12;-19.2;12.561;0.302;5.24;0
07.01.2023;15:49:57;0;greeenland;0.59;2.8;0.304;1.01;0.78;3.8;98.9;100.2;10.53;0.432;0;3.7;0.59;2;7.13;-19.5;12.563;0.303;5.24;0
07.01.2023;15:49:59;0;greeenland;0.59;2.8;0.304;1.03;0.79;3.8;98.9;100.3;10.53;0.432;0;3.7;0.58;2;7.13;-19.7;12.568;0.305;5.24;0
07.01.2023;15:50:01;0;greeenland;0.6;2.8;0.304;1.02;0.79;3.8;99;100.3;10.53;0.432;0;3.7;0.57;2;7.13;-19.7;12.573;0.304;5.25;0
07.01.2023;15:50:03;0;greeenland;0.59;2.8;0.304;1.02;0.79;3.8;99;100.3;10.53;0.432;0;3.7;0.59;2;7.12;-19.4;12.578;0.305;5.25;0
07.01.2023;15:50:05;0;greeenland;0.6;2.8;0.304;1.03;0.79;3.7;99;100.3;10.53;0.432;0;3.7;0.61;2;7.12;-19.5;12.581;0.303;5.25;0
07.01.2023;15:50:07;0;greeenland;0.61;2.8;0.304;1.02;0.79;3.7;99;100.4;10.53;0.432;0;3.7;0.6;2;7.12;-19.2;12.585;0.306;5.25;0
07.01.2023;15:50:09;0;greeenland;0.62;2.8;0.304;1.03;0.79;3.8;99;100.4;10.53;0.432;0;3.7;0.59;2;7.11;-18.8;12.588;0.304;5.25;0
07.01.2023;15:50:11;0;greeenland;0.62;2.8;0.304;1.04;0.79;3.8;99;100.3;10.53;0.432;0;3.7;0.58;2;7.11;-18.7;12.591;0.306;5.26;0
07.01.2023;15:50:13;0;greeenland;0.62;2.8;0.304;1.04;0.79;3.8;99;100.4;10.53;0.433;0;3.7;0.59;2;7.11;-18.5;12.594;0.308;5.26;0
07.01.2023;15:50:15;0;greeenland;0.62;2.8;0.304;1.03;0.79;3.8;99;100.4;10.53;0.432;0;3.7;0.57;2;7.11;-18.8;12.596;0.301;5.26;0
07.01.2023;15:50:17;0;greeenland;0.6;2.8;0.304;1.04;0.79;3.8;99;100.4;10.53;0.432;0;3.7;0.57;2;7.12;-19.1;12.597;0.309;5.26;0
07.01.2023;15:50:19;0;greeenland;0.58;2.8;0.304;1.03;0.79;3.8;99;100.3;10.53;0.433;0;3.7;0.58;2;7.12;-19;12.599;0.304;5.26;0
07.01.2023;15:50:21;0;greeenland;0.57;2.8;0.304;1.02;0.78;3.8;99;100.4;10.53;0.432;0;3.7;0.58;2;7.12;-19.2;12.602;0.303;5.26;0
07.01.2023;15:50:23;0;greeenland;0.57;2.8;0.304;1.02;0.78;3.8;99.1;100.4;10.53;0.432;0;3.7;0.58;2;7.12;-19.3;12.606;0.305;5.26;0
07.01.2023;15:50:25;0;greeenland;0.58;2.8;0.304;1;0.78;3.8;99.1;100.4;10.53;0.432;0;3.7;0.57;2;7.13;-19.7;12.61;0.304;5.26;0
07.01.2023;15:50:27;0;greeenland;0.59;2.8;0.304;1.01;0.78;3.8;99.1;100.4;10.53;0.432;0;3.7;0.59;2;7.14;-20.1;12.614;0.305;5.26;0
07.01.2023;15:50:29;0;greeenland;0.6;2.8;0.304;1.01;0.78;3.7;99.1;100.4;10.53;0.432;0;3.7;0.57;2;7.14;-20.4;12.619;0.305;5.26;0
07.01.2023;15:50:31;0;greeenland;0.59;2.8;0.304;1.01;0.78;3.7;99.1;100.5;10.54;0.432;0;3.7;0.57;2;7.15;-21.1;12.625;0.304;5.25;0
07.01.2023;15:50:33;0;greeenland;0.6;2.8;0.304;1.01;0.78;3.7;99.2;100.5;10.54;0.433;0;3.7;0.56;2;7.16;-21.5;12.631;0.305;5.25;0
07.01.2023;15:50:35;0;greeenland;0.58;2.8;0.304;1.01;0.78;3.8;99.2;100.5;10.53;0.433;0;3.7;0.56;2;7.17;-21.9;12.636;0.306;5.25;0
07.01.2023;15:50:37;0;greeenland;0.58;2.8;0.304;1.01;0.78;3.8;99.2;100.5;10.53;0.432;0;3.7;0.54;2;7.17;-22.1;12.641;0.301;5.25;0
07.01.2023;15:50:39;0;greeenland;0.57;2.8;0.304;1.02;0.78;3.7;99.2;100.5;10.53;0.433;0;3.7;0.54;2;7.17;-21.9;12.646;0.308;5.25;0
07.01.2023;15:50:41;0;greeenland;0.56;2.8;0.304;1.02;0.78;3.8;99.2;100.5;10.53;0.433;0;3.7;0.55;2;7.17;-22.1;12.651;0.3;5.25;0
07.01.2023;15:50:43;0;greeenland;0.58;2.8;0.305;1.02;0.78;3.8;99.2;100.5;10.53;0.433;0;3.7;0.53;2;7.17;-22.2;12.657;0.311;5.25;0
07.01.2023;15:50:45;0;greeenland;0.58;2.8;0.305;1.03;0.79;3.8;99.2;100.5;10.53;0.433;0;3.7;0.53;2;7.17;-22.2;12.663;0.305;5.25;0
07.01.2023;15:50:47;0;greeenland;0.59;2.8;0.305;1.02;0.78;3.7;99.2;100.5;10.53;0.433;0;3.7;0.53;2;7.17;-22;12.669;0.305;5.25;0
07.01.2023;15:50:49;0;greeenland;0.58;2.8;0.305;1.03;0.79;3.8;99.2;100.5;10.53;0.433;0;3.7;0.53;2;7.16;-21.7;12.675;0.306;5.25;0
07.01.2023;15:50:51;0;greeenland;0.59;2.8;0.305;1.03;0.79;3.8;99.2;100.5;10.53;0.433;0;3.7;0.53;2;7.16;-21.4;12.68;0.305;5.25;0
07.01.2023;15:50:53;0;greeenland;0.59;2.8;0.305;1.03;0.79;3.8;99.2;100.6;10.53;0.433;0;3.7;0.53;2;7.16;-21.3;12.686;0.308;5.25;0
07.01.2023;15:50:55;0;greeenland;0.59;2.8;0.305;1.04;0.79;3.8;99.2;100.6;10.53;0.433;0;3.7;0.56;2;7.15;-20.9;12.691;0.304;5.25;0
07.01.2023;15:50:57;0;greeenland;0.57;2.8;0.305;1.04;0.79;3.8;99.2;100.6;10.53;0.433;0;3.7;0.57;2;7.14;-20.6;12.695;0.309;5.25;0
07.01.2023;15:50:59;0;greeenland;0.58;2.8;0.305;1.03;0.79;3.8;99.2;100.5;10.53;0.433;0;3.7;0.58;2;7.14;-20.5;12.697;0.302;5.25;0
07.01.2023;15:51:01;0;greeenland;0.58;2.8;0.305;1.04;0.79;3.8;99.2;100.5;10.53;0.433;0;3.7;0.56;2;7.14;-20.5;12.7;0.308;5.25;0
07.01.2023;15:51:03;0;greeenland;0.59;2.8;0.305;1.03;0.79;3.8;99.2;100.5;10.53;0.433;0;3.7;0.57;2;7.13;-20;12.704;0.299;5.25;0
07.01.2023;15:51:05;0;greeenland;0.6;2.8;0.305;1.03;0.79;3.8;99.2;100.5;10.52;0.433;0;3.7;0.59;2;7.13;-19.8;12.709;0.304;5.25;0
07.01.2023;15:51:07;0;greeenland;0.61;2.8;0.304;1.04;0.79;3.8;99.2;100.5;10.52;0.433;0;3.7;0.59;2;7.13;-19.7;12.712;0.304;5.25;0
07.01.2023;15:51:09;0;greeenland;0.63;2.8;0.305;1.04;0.79;3.8;99.2;100.5;10.52;0.433;0;3.7;0.6;2;7.13;-19.9;12.714;0.306;5.25;0
07.01.2023;15:51:11;0;greeenland;0.63;2.8;0.304;1.03;0.79;3.8;99.2;100.5;10.52;0.433;0;3.7;0.61;2;7.13;-20.1;12.717;0.303;5.25;0
07.01.2023;15:51:13;0;greeenland;0.63;2.8;0.304;1.01;0.78;3.8;99.2;100.5;10.52;0.433;0;3.7;0.6;2;7.13;-19.9;12.721;0.305;5.25;0
07.01.2023;15:51:15;0;greeenland;0.63;2.8;0.305;1.01;0.78;3.8;99.2;100.5;10.52;0.433;0;3.7;0.6;2;7.14;-20.1;12.724;0.304;5.25;0
07.01.2023;15:51:17;0;greeenland;0.61;2.8;0.304;1.02;0.78;3.8;99.2;100.5;10.51;0.433;0;3.7;0.59;2;7.14;-20.4;12.727;0.304;5.25;0
07.01.2023;15:51:19;0;greeenland;0.6;2.8;0.305;1.02;0.78;3.8;99.2;100.5;10.51;0.433;0;3.7;0.6;2;7.14;-20.6;12.73;0.307;5.25;0
07.01.2023;15:51:21;0;greeenland;0.6;2.8;0.304;1.03;0.79;3.8;99.1;100.4;10.51;0.432;0;3.7;0.61;2;7.15;-20.7;12.734;0.3;5.25;0
07.01.2023;15:51:23;0;greeenland;0.57;2.8;0.304;1.02;0.78;3.8;99.1;100.4;10.51;0.432;0;3.7;0.6;2;7.15;-21;12.739;0.31;5.25;0
07.01.2023;15:51:25;0;greeenland;0.56;2.8;0.304;1.02;0.78;3.8;99.1;100.4;10.5;0.432;0;3.7;0.6;2;7.25;-26.6;12.745;0.301;5.25;0
07.01.2023;15:51:27;0;greeenland;0.56;2.8;0.304;1.02;0.78;3.8;99.1;100.4;10.5;0.432;0;3.7;0.58;2;7.2;-23.9;12.749;0.304;5.25;0
07.01.2023;15:51:29;0;greeenland;0.57;2.9;0.304;1.02;0.79;3.8;99.1;100.5;10.51;0.432;0;3.7;0.58;2;7.23;-25.5;12.754;0.305;5.25;0
07.01.2023;15:51:31;0;greeenland;0.59;2.9;0.304;1.04;0.79;3.8;99.2;100.5;10.51;0.432;0;3.7;0.57;2;7.21;-24.2;12.76;0.303;5.25;0
07.01.2023;15:51:33;0;greeenland;0.61;2.9;0.304;1.05;0.79;3.8;99.1;100.5;10.5;0.432;0;3.7;0.58;2;7.2;-23.6;12.766;0.306;5.25;0
07.01.2023;15:51:35;0;greeenland;0.62;2.9;0.304;1.05;0.8;3.8;99.2;100.5;10.5;0.432;0;3.7;0.58;2;7.19;-23.2;12.772;0.305;5.25;0
07.01.2023;15:51:37;0;greeenland;0.62;2.9;0.304;1.04;0.79;3.8;99.1;100.4;10.5;0.432;0;3.7;0.58;2;7.18;-22.8;12.777;0.304;5.25;0
07.01.2023;15:51:39;0;greeenland;0.61;2.9;0.304;1.03;0.79;3.8;99.1;100.4;10.49;0.432;0;3.7;0.58;2;7.18;-22.6;12.78;0.307;5.25;0
07.01.2023;15:51:41;0;greeenland;0.61;2.9;0.304;1.01;0.78;3.8;99.1;100.4;10.49;0.432;0;3.7;0.6;2;7.17;-22.3;12.783;0.303;5.25;0
07.01.2023;15:51:43;0;greeenland;0.62;2.9;0.304;1.02;0.78;3.8;99;100.3;10.48;0.432;0;3.7;0.6;2;7.17;-21.9;12.785;0.302;5.25;0
07.01.2023;15:51:45;0;greeenland;0.62;2.9;0.304;1.02;0.78;3.8;99;100.3;10.48;0.433;0;3.7;0.61;2;7.16;-21.5;12.786;0.311;5.25;0
07.01.2023;15:51:47;0;greeenland;0.62;2.9;0.304;1.02;0.78;3.8;98.9;100.3;10.48;0.432;0;3.7;0.61;2;7.15;-21.1;12.787;0.299;5.25;0
07.01.2023;15:51:49;0;greeenland;0.63;2.9;0.304;1.02;0.78;3.8;98.9;100.2;10.47;0.432;0;3.7;0.6;2;7.07;-16.5;12.787;0.308;5.25;0
07.01.2023;15:51:51;0;greeenland;0.64;2.9;0.304;1.03;0.79;3.8;98.9;100.2;10.47;0.432;0;3.7;0.61;2;7.02;-13.5;12.79;0.304;5.25;0
07.01.2023;15:51:53;0;greeenland;0.61;2.9;0.304;1.03;0.79;3.8;98.9;100.2;10.47;0.432;0;3.7;0.59;2;6.99;-12.1;12.793;0.304;5.25;0
07.01.2023;15:51:55;0;greeenland;0.61;2.9;0.304;1.03;0.79;3.8;98.9;100.2;10.47;0.432;0;3.7;0.58;2;6.99;-12;12.797;0.305;5.25;0
07.01.2023;15:51:57;0;greeenland;0.62;2.9;0.304;1.04;0.79;3.8;98.9;100.2;10.46;0.432;0;3.7;0.58;2;6.99;-12.2;12.802;0.304;5.25;0
07.01.2023;15:51:59;0;greeenland;0.6;2.9;0.304;1.05;0.8;3.8;98.9;100.2;10.46;0.432;0;3.7;0.57;2;7;-12.6;12.803;0.308;5.25;0
07.01.2023;15:52:01;0;greeenland;0.6;2.9;0.304;1.07;0.8;3.8;98.9;100.2;10.46;0.432;0;3.7;0.57;2;7.01;-13.2;12.804;0.301;5.24;0
07.01.2023;15:52:03;0;greeenland;0.61;2.9;0.304;1.07;0.8;3.8;98.9;100.2;10.46;0.432;0;3.7;0.56;2;7.02;-13.5;12.805;0.308;5.24;0
07.01.2023;15:52:05;0;greeenland;0.6;2.9;0.304;1.06;0.8;3.8;98.8;100.2;10.46;0.432;0;3.7;0.56;2;7.01;-13.3;12.805;0.304;5.24;0
07.01.2023;15:52:07;0;greeenland;0.6;2.9;0.304;1.04;0.79;3.8;98.8;100.1;10.46;0.432;0;3.7;0.55;2;6.9;-7;12.802;0.308;5.24;0
07.01.2023;15:52:09;0;greeenland;0.6;2.9;0.304;1.02;0.79;3.8;98.8;100.1;10.46;0.432;0;3.7;0.55;2;6.92;-8.1;12.795;0.306;5.24;0
07.01.2023;15:52:11;0;greeenland;0.59;2.8;0.305;1;0.78;3.8;98.7;100.1;10.45;0.433;0;3.7;0.57;2;6.94;-9;12.788;0.31;5.24;0
07.01.2023;15:52:13;0;greeenland;0.59;2.8;0.304;0.98;0.77;3.8;98.7;100;10.45;0.433;0;3.7;0.57;2;6.96;-10.2;12.781;0.305;5.24;0
07.01.2023;15:52:15;0;greeenland;0.61;2.8;0.304;0.96;0.76;3.8;98.7;100;10.45;0.433;0;3.7;0.57;2;6.97;-11;12.771;0.305;5.24;0
07.01.2023;15:52:17;0;greeenland;0.62;2.8;0.304;0.94;0.76;3.7;98.6;99.9;10.45;0.432;0;3.7;0.56;2;6.98;-11.3;12.761;0.303;5.24;0
07.01.2023;15:52:19;0;greeenland;0.61;2.8;0.304;0.94;0.76;3.7;98.6;99.9;10.44;0.432;0;3.7;0.55;2;6.97;-11.1;12.748;0.305;5.24;0
07.01.2023;15:52:21;0;greeenland;0.62;2.8;0.304;0.94;0.76;3.7;98.6;99.9;10.45;0.433;0;3.7;0.56;2;6.97;-11;12.742;0.307;5.25;0
07.01.2023;15:52:23;0;greeenland;0.62;2.8;0.304;0.94;0.76;3.7;98.5;99.9;10.45;0.432;0;3.7;0.55;2;6.97;-10.6;12.733;0.302;5.25;0
07.01.2023;15:52:25;0;greeenland;0.61;2.8;0.304;0.95;0.76;3.7;98.5;99.8;10.44;0.432;0;3.6;0.55;2;6.96;-10.4;12.722;0.303;5.25;0
07.01.2023;15:52:27;0;greeenland;0.61;2.8;0.304;0.98;0.77;3.7;98.5;99.8;10.45;0.432;0;3.6;0.56;2;6.96;-10.5;12.71;0.3;5.25;0
07.01.2023;15:52:29;0;greeenland;0.61;2.8;0.304;1.01;0.78;3.7;98.5;99.8;10.45;0.432;0;3.6;0.57;2;6.97;-10.7;12.698;0.308;5.25;0
07.01.2023;15:52:31;0;greeenland;0.61;2.8;0.304;1.03;0.79;3.7;98.5;99.8;10.45;0.432;0;3.6;0.56;2;6.97;-10.9;12.692;0.3;5.24;0
07.01.2023;15:52:33;0;greeenland;0.59;2.8;0.304;1.07;0.8;3.7;98.5;99.9;10.46;0.432;0;3.6;0.56;2;6.98;-11.3;12.68;0.311;5.24;0
07.01.2023;15:52:35;0;greeenland;0.6;2.8;0.304;1.09;0.81;3.7;98.5;99.9;10.46;0.432;0;3.6;0.56;2;6.98;-11.6;12.674;0.304;5.24;0
07.01.2023;15:52:37;0;greeenland;0.6;2.8;0.304;1.1;0.81;3.7;98.5;99.9;10.46;0.432;0;3.6;0.57;2;6.99;-12.1;12.667;0.304;5.24;0
07.01.2023;15:52:39;0;greeenland;0.59;2.8;0.304;1.11;0.81;3.7;98.6;99.9;10.46;0.433;0;3.6;0.57;2;6.95;-10;12.664;0.303;5.24;0
07.01.2023;15:52:41;0;greeenland;0.59;2.8;0.305;1.13;0.82;3.7;98.6;99.9;10.47;0.433;0;3.6;0.57;2;7.01;-13.1;12.659;0.304;5.24;0
07.01.2023;15:52:43;0;greeenland;0.61;2.8;0.304;1.13;0.82;3.7;98.6;99.9;10.47;0.433;0;3.7;0.57;2;7.04;-14.6;12.655;0.303;5.24;0
07.01.2023;15:52:45;0;greeenland;0.6;2.8;0.305;1.1;0.81;3.8;98.6;99.9;10.47;0.433;0;3.7;0.57;2;7.14;-20.5;12.653;0.308;5.24;0
07.01.2023;15:52:47;0;greeenland;0.62;2.9;0.304;1.05;0.79;3.9;98.6;99.9;10.47;0.433;0;3.8;0.56;2;6.36;23.3;12.654;0.302;5.24;0
07.01.2023;15:52:49;0;greeenland;0.63;3;0.304;1.03;0.79;4;98.6;99.9;10.47;0.432;0;3.9;0.56;3;11.87;-285.1;12.648;0.305;5.24;0
07.01.2023;15:52:51;0;greeenland;0.65;3.3;0.304;1.02;0.79;4.4;98.6;99.9;10.47;0.432;0;4.3;0.57;3;6.56;12;12.636;0.307;5.23;0
07.01.2023;15:52:53;0;greeenland;0.65;3.4;0.304;1.02;0.78;4.5;98.6;99.9;10.47;0.432;0;4.5;0.55;3;4.96;101.6;12.621;0.299;5.23;0
07.01.2023;15:52:55;0;greeenland;0.65;3.4;0.304;0.96;0.76;4.5;98.5;99.8;10.47;0.432;0;4.4;0.55;3;6.75;1.5;12.607;0.308;5.23;0
07.01.2023;15:52:57;0;greeenland;0.63;3.2;0.304;0.92;0.75;4.3;98.4;99.7;10.46;0.432;0;4.2;0.56;3;7.31;-30.1;12.592;0.302;5.23;0
07.01.2023;15:52:59;0;greeenland;0.63;3.2;0.304;0.9;0.75;4.2;98.3;99.6;10.45;0.432;0;4.2;0.56;3;8.29;-84.5;12.568;0.301;5.23;0
07.01.2023;15:53:01;0;greeenland;0.62;3.1;0.304;0.88;0.74;4.1;98.1;99.4;10.44;0.433;0;4;0.55;3;6.17;34;12.539;0.304;5.18;0
07.01.2023;15:53:03;0;greeenland;0.61;2.8;0.304;0.87;0.73;3.8;98.1;99.4;10.44;0.432;0;3.7;0.57;2;6.39;21.6;12.522;0.3;5.18;0
07.01.2023;15:53:05;0;greeenland;0.62;2.5;0.304;0.96;0.77;3.4;98;99.3;10.44;0.432;0;3.3;0.58;2;6.87;-5.2;12.502;0.303;5.18;0
07.01.2023;15:53:07;0;greeenland;0.62;2.4;0.304;0.99;0.77;3.2;98;99.3;10.45;0.432;0;3.1;0.59;2;6.69;4.8;12.494;0.306;5.18;0
07.01.2023;15:53:09;0;greeenland;0.62;2.4;0.304;0.98;0.77;3.2;98;99.4;10.45;0.433;0;3.2;0.59;2;6.9;-7.1;12.487;0.308;5.18;0
07.01.2023;15:53:11;0;greeenland;0.59;2.4;0.304;0.97;0.77;3.3;98.1;99.4;10.46;0.432;0;3.2;0.59;2;6.8;-1.4;12.486;0.3;5.25;0
07.01.2023;15:53:13;0;greeenland;0.6;2.4;0.304;0.94;0.76;3.1;98.2;99.5;10.47;0.432;0;3.1;0.61;2;6.98;-11.5;12.49;0.31;5.25;0
07.01.2023;15:53:15;0;greeenland;0.59;2.3;0.304;0.96;0.76;3.1;98.2;99.6;10.47;0.432;0;3.1;0.61;2;6.94;-8.9;12.508;0.303;5.25;0
07.01.2023;15:53:17;0;greeenland;0.6;2.3;0.304;0.95;0.76;3.1;98.2;99.6;10.47;0.432;0;3;0.6;2;6.9;-7;12.531;0.302;5.25;0
07.01.2023;15:53:19;0;greeenland;0.59;2.2;0.304;0.97;0.77;3;98.2;99.5;10.46;0.432;0;2.9;0.62;2;6.88;-5.8;12.557;0.302;5.25;0
07.01.2023;15:53:21;0;greeenland;0.58;2.2;0.304;0.99;0.77;3;98.2;99.5;10.45;0.432;0;2.9;0.62;2;6.76;0.8;12.583;0.302;5.25;0
07.01.2023;15:53:23;0;greeenland;0.59;2.2;0.304;0.99;0.77;3;98.2;99.5;10.44;0.431;0;2.9;0.62;2;6.82;-2.4;12.605;0.304;5.25;0
07.01.2023;15:53:25;0;greeenland;0.59;2.2;0.304;1.02;0.78;3;98.2;99.5;10.44;0.432;0;2.9;0.59;2;6.85;-4.1;12.624;0.303;5.25;0
07.01.2023;15:53:27;0;greeenland;0.6;2.2;0.304;1.04;0.79;3;98.2;99.5;10.43;0.431;0;2.9;0.59;2;6.87;-5.2;12.635;0.304;5.25;0
07.01.2023;15:53:29;0;greeenland;0.61;2.2;0.304;1.06;0.8;3;98.3;99.6;10.44;0.431;0;2.9;0.6;2;6.88;-5.7;12.638;0.3;5.25;0
07.01.2023;15:53:31;0;greeenland;0.61;2.2;0.304;1.08;0.8;3;98.3;99.6;10.44;0.432;0;2.9;0.59;2;6.89;-6.3;12.64;0.305;5.26;0
07.01.2023;15:53:33;0;greeenland;0.62;2.2;0.303;1.11;0.81;3;98.4;99.7;10.45;0.431;0;2.9;0.59;2;6.89;-6.1;12.643;0.301;5.26;0
07.01.2023;15:53:35;0;greeenland;0.61;2.2;0.303;1.11;0.81;2.9;98.4;99.7;10.46;0.431;0;2.9;0.59;2;6.89;-6.2;12.643;0.309;5.26;0
07.01.2023;15:53:37;0;greeenland;0.63;2.2;0.303;1.11;0.81;2.9;98.5;99.8;10.47;0.431;0;2.9;0.59;2;6.89;-6.4;12.643;0.299;5.26;0
07.01.2023;15:53:39;0;greeenland;0.62;2.2;0.303;1.06;0.8;2.9;98.6;99.9;10.47;0.431;0;2.9;0.57;2;6.9;-6.7;12.647;0.302;5.26;0
07.01.2023;15:53:41;0;greeenland;0.61;2.2;0.303;1.07;0.8;2.9;98.7;100;10.48;0.431;0;2.9;0.57;2;7;-12.7;12.654;0.299;5.25;0
07.01.2023;15:53:43;0;greeenland;0.61;2.2;0.304;1.05;0.79;2.9;98.7;100;10.48;0.431;0;2.9;0.58;2;6.93;-8.6;12.66;0.309;5.25;0
07.01.2023;15:53:45;0;greeenland;0.61;2.2;0.303;1.02;0.78;2.9;98.8;100.1;10.49;0.431;0;2.9;0.59;2;6.99;-12.1;12.661;0.302;5.25;0
07.01.2023;15:53:47;0;greeenland;0.6;2.2;0.303;0.98;0.77;2.9;98.8;100.1;10.49;0.431;0;2.9;0.58;2;7.16;-21.3;12.661;0.305;5.25;0
07.01.2023;15:53:49;0;greeenland;0.61;2.2;0.303;0.95;0.76;2.9;98.8;100.2;10.49;0.431;0;2.9;0.58;2;3.39;189.6;12.664;0.3;5.25;0
07.01.2023;15:53:51;0;greeenland;0.61;2.1;0.303;0.95;0.76;2.8;98.9;100.2;10.5;0.43;0;2.8;0.58;2;7.22;-25;12.662;0.3;5.21;0
07.01.2023;15:53:53;0;greeenland;0.6;2;0.303;0.94;0.76;2.7;98.9;100.2;10.5;0.43;0;2.6;0.57;2;8.02;-69.8;12.664;0.298;5.21;0
07.01.2023;15:53:55;0;greeenland;0.6;1.9;0.302;0.93;0.75;2.5;98.9;100.2;10.5;0.43;0;2.4;0.58;2;7.48;-39.3;12.673;0.299;5.21;0
07.01.2023;15:53:57;0;greeenland;0.6;1.7;0.302;0.95;0.76;2.3;98.9;100.2;10.5;0.43;0;2.2;0.57;1;7.15;-21.2;12.683;0.303;5.21;0
07.01.2023;15:53:59;0;greeenland;0.61;1.6;0.302;0.99;0.77;2.1;98.9;100.2;10.5;0.429;0;2.1;0.58;1;7.63;-48.1;12.693;0.295;5.21;0
07.01.2023;15:54:01;0;greeenland;0.61;1.4;0.302;1;0.78;1.9;98.9;100.2;10.49;0.429;0;1.9;0.58;1;7.03;-14.1;12.703;0.3;5.51;12
07.01.2023;15:54:03;0;greeenland;0.61;1.3;0.302;1.03;0.79;1.8;98.9;100.2;10.49;0.429;0;1.7;0.57;1;6.6;9.6;12.716;0.309;5.51;12
07.01.2023;15:54:05;0;greeenland;0.62;1.3;0.302;1.03;0.79;1.8;98.9;100.2;10.49;0.429;0;1.7;0.57;1;6.76;1.1;12.749;0.305;5.51;12
07.01.2023;15:54:07;0;greeenland;0.65;1.3;0.302;0.53;0.62;1.8;99.2;100.5;10.51;0.429;0;1.7;0.59;1;5.12;92.5;12.79;0.31;5.51;12
07.01.2023;15:54:09;0;greeenland;0.68;1.3;0.302;-0.01;0.44;1.8;99.5;100.9;10.53;0.429;0;1.7;0.6;1;6.56;12.1;12.839;0.299;5.51;12
07.01.2023;15:54:11;0;greeenland;0.7;1.4;0.302;-0.59;0.25;1.8;99.8;101.2;10.55;0.43;0;1.8;0.63;1;5.43;75.5;12.887;0.306;5.26;0
07.01.2023;15:54:13;0;greeenland;0.72;1.4;0.302;-1.01;0.11;1.8;100.2;101.5;10.57;0.43;0;1.8;0.65;1;6.4;21.3;12.958;0.304;5.26;0
07.01.2023;15:54:15;0;greeenland;0.73;1.4;0.302;84.36;28.56;1.8;100.6;102;10.6;0.43;0;1.8;0.66;1;6.45;18.4;13.073;0.309;5.26;0
07.01.2023;15:54:17;0;greeenland;0.72;1.4;0.303;-7.15;-1.94;1.8;105.2;106.6;11.06;0.43;0;1.8;0.68;1;6.36;23.3;13.187;0.304;5.26;0
07.01.2023;15:54:19;0;greeenland;0.66;1.3;0.303;-6.96;-1.88;1.8;104.8;106.2;10.99;0.431;0;1.7;0.69;1;0.64;343.9;13.283;0.309;5.26;0
07.01.2023;15:54:24;0;greeenland;0.59;1.3;0.303;-4.77;-1.14;1.6;102.6;103.9;10.73;0.43;0;1.6;0.77;1;6.53;13.7;13.395;0.305;5.26;0
