Column1;Column2;Column3;Column4;Column5;Column6;Column7;Column8;Column9;Column10;Column11;Column12;Column13;Column14;Column15;Column16;Column17;Column18;Column19;Column20;Column21;Column22;Column23;Column24
KorEXO MEASUREMENT DATA FILE EXPORT;;;;;;;;;;;;;;;;;;;;;;;
;;;;;;;;;;;;;;;;;;;;;;;
FILE CREATED:;6/28/2024 4:41:39 PM;;;;;;;;;;;;;;;;;;;;;;
;;;;;;;;;;;;;;;;;;;;;;;
;;;MEAN VALUE:;-0.14;79.5;1.044;8.08;1.77;106.7;102.9;104.2;11.17;1.484;0.05;104.9;3.31;68;NA;-83.5;11.659;1.154;4.27;0
;;;STANDARD DEVIATION:;0.11;78.2;1.754;1.42;0.47;104.8;3.1;3.1;0.21;2.494;0.05;103.1;9;67;0.46;26.2;0.824;1.872;0.12;0
;;;;;;;;;;;;;;;;;;;;;;;
;;;SENSOR SERIAL NUMBER:;15D102812;15J102013;23C100032;16L101042;16L101042;15J102013;15D102216;15D102216;15D102216;23C100032;15J102013;15J102013;15D102812;15J102013;16A102315;16A102315;15J102013;23C100032;23D100053;23D100053
Date (MM/DD/YYYY);Time (HH:mm:ss);Time (Fract. Sec);Site Name;Chlorophyll RFU;Cond µS/cm;Depth m;fDOM QSU;fDOM RFU;nLF Cond µS/cm;ODO % sat;ODO % local;ODO mg/L;Pressure psi a;Sal psu;SpCond µS/cm;TAL PC RFU;TDS mg/L;pH;pH mV;Temp °C;Vertical Position m;Battery V;Cable Pwr V
6/28/2024;18:13:43;0;greeenland;-0.04;2.1;-0.133;7.07;1.43;3;99.5;100.8;11.11;-0.188;0;3;26.43;2;7.74;-54.7;10.487;-0.129;4.61;0
6/28/2024;18:13:45;0;greeenland;0;2.1;-0.131;7.04;1.42;3;99.9;101.2;11.15;-0.186;0;3;26.4;2;7.75;-55;10.497;-0.124;4.61;0
6/28/2024;18:13:47;0;greeenland;0;2.1;-0.132;7.02;1.41;3;100;101.4;11.16;-0.188;0;3;26.37;2;7.75;-55.3;10.506;-0.133;4.59;0
6/28/2024;18:13:49;0;greeenland;0;2.1;-0.131;7.04;1.42;3;100.1;101.5;11.17;-0.186;0;2.9;26.37;2;7.76;-55.5;10.512;-0.125;4.59;0
6/28/2024;18:13:51;0;greeenland;0;2.1;-0.131;7.03;1.42;3;100.2;101.5;11.18;-0.187;0;2.9;26.38;2;7.76;-55.5;10.517;-0.134;4.59;0
6/28/2024;18:13:53;0;greeenland;0;2.1;-0.131;7.01;1.41;3;100.4;101.7;11.19;-0.186;0;2.9;26.36;2;7.76;-55.4;10.528;-0.129;4.59;0
6/28/2024;18:13:55;0;greeenland;0;2.1;-0.131;7.01;1.41;2.9;100.5;101.9;11.21;-0.186;0;2.9;26.35;2;7.75;-55.1;10.537;-0.131;4.59;0
6/28/2024;18:13:57;0;greeenland;0;2.1;-0.131;7;1.41;2.9;100.5;101.9;11.21;-0.186;0;2.8;26.34;2;7.74;-54.7;10.543;-0.13;4.45;0
6/28/2024;18:13:59;0;greeenland;0.01;2;-0.131;7;1.41;2.9;100.5;101.9;11.2;-0.186;0;2.8;26.32;2;7.74;-54.5;10.545;-0.13;4.45;0
6/28/2024;18:14:01;0;greeenland;0;2;-0.131;6.99;1.41;2.8;100.5;101.9;11.2;-0.186;0;2.8;26.3;2;7.74;-54.3;10.546;-0.13;4.45;0
6/28/2024;18:14:03;0;greeenland;0.01;2;-0.13;6.98;1.4;2.8;100.5;101.9;11.2;-0.186;0;2.8;26.28;2;7.73;-54.1;10.546;-0.129;4.45;0
6/28/2024;18:14:05;0;greeenland;0.01;2;-0.131;6.98;1.4;2.8;100.5;101.8;11.2;-0.186;0;2.7;26.26;2;7.73;-53.9;10.544;-0.129;4.45;0
6/28/2024;18:14:07;0;greeenland;0.01;2;-0.13;6.98;1.4;2.8;100.5;101.8;11.2;-0.185;0;2.7;26.22;2;7.72;-53.6;10.542;-0.13;4.44;0
6/28/2024;18:14:09;0;greeenland;-0.02;2;-0.13;6.97;1.4;2.8;100.5;101.8;11.2;-0.185;0;2.7;26.19;2;7.72;-53.3;10.541;-0.129;4.44;0
6/28/2024;18:14:11;0;greeenland;0.01;2;-0.13;6.98;1.4;2.7;100.5;101.8;11.2;-0.185;0;2.7;26.16;2;7.71;-53;10.541;-0.131;4.44;0
6/28/2024;18:14:13;0;greeenland;0.03;2;-0.13;6.99;1.4;2.7;100.5;101.8;11.2;-0.185;0;2.7;26.14;2;7.71;-52.6;10.541;-0.13;4.44;0
6/28/2024;18:14:15;0;greeenland;0.02;1.9;-0.13;6.99;1.41;2.7;100.5;101.8;11.2;-0.185;0;2.7;26.11;2;7.7;-52.3;10.539;-0.129;4.44;0
6/28/2024;18:14:17;0;greeenland;0.01;1.9;-0.13;7;1.41;2.7;100.5;101.8;11.2;-0.185;0;2.7;26.1;2;7.7;-52.3;10.539;-0.129;4.43;0
6/28/2024;18:14:19;0;greeenland;0;1.9;-0.13;7;1.41;2.7;100.5;101.9;11.2;-0.185;0;2.7;26.08;2;7.7;-52.3;10.541;-0.131;4.43;0
6/28/2024;18:14:21;0;greeenland;-0.03;1.9;-0.13;7;1.41;2.7;100.5;101.9;11.2;-0.185;0;2.7;26.06;2;7.7;-52.2;10.542;-0.128;4.43;0
6/28/2024;18:14:23;0;greeenland;-0.07;1.9;-0.13;7;1.41;2.7;100.5;101.9;11.2;-0.185;0;2.7;26.04;2;7.7;-52.2;10.543;-0.131;4.43;0
6/28/2024;18:14:25;0;greeenland;-0.07;1.9;-0.13;7.01;1.41;2.7;100.5;101.9;11.2;-0.185;0;2.7;26.02;2;7.7;-52.1;10.544;-0.131;4.43;0
6/28/2024;18:14:27;0;greeenland;-0.06;1.9;-0.13;7.01;1.41;2.7;100.5;101.9;11.2;-0.185;0;2.7;25.99;2;7.69;-51.9;10.544;-0.126;4.43;0
6/28/2024;18:14:29;0;greeenland;-0.03;1.9;-0.13;7.01;1.41;2.7;100.5;101.9;11.2;-0.185;0;2.6;26;2;7.69;-51.9;10.544;-0.132;4.43;0
6/28/2024;18:14:31;0;greeenland;-0.02;1.9;-0.13;7.01;1.41;2.7;100.5;101.9;11.21;-0.185;0;2.6;26.01;2;7.69;-51.8;10.545;-0.127;4.43;0
6/28/2024;18:14:33;0;greeenland;-0.02;1.9;-0.13;7;1.41;2.7;100.5;101.9;11.21;-0.185;0;2.6;25.99;2;7.69;-51.8;10.547;-0.132;4.43;0
6/28/2024;18:14:35;0;greeenland;-0.03;1.9;-0.13;7;1.41;2.7;100.6;101.9;11.21;-0.184;0;2.6;25.98;2;7.69;-51.8;10.551;-0.124;4.43;0
6/28/2024;18:14:37;0;greeenland;-0.04;1.9;-0.13;7.02;1.41;2.7;100.6;101.9;11.21;-0.184;0;2.6;25.95;2;7.69;-51.9;10.557;-0.132;4.43;0
6/28/2024;18:14:39;0;greeenland;-0.05;1.9;-0.13;7.02;1.41;2.7;100.6;101.9;11.21;-0.184;0;2.6;25.93;2;7.69;-51.9;10.565;-0.124;4.43;0
6/28/2024;18:14:41;0;greeenland;-0.07;1.9;-0.13;7.02;1.41;2.7;100.6;101.9;11.21;-0.184;0;2.6;25.92;2;7.69;-51.9;10.575;-0.129;4.43;0
6/28/2024;18:14:43;0;greeenland;-0.06;1.9;-0.13;7.02;1.41;2.7;100.6;102;11.2;-0.184;0;2.6;25.94;2;7.69;-51.9;10.584;-0.13;4.43;0
6/28/2024;18:14:45;0;greeenland;-0.04;1.9;-0.13;7.01;1.41;2.7;100.6;102;11.2;-0.184;0;2.6;25.94;2;7.69;-52;10.595;-0.129;4.43;0
6/28/2024;18:14:47;0;greeenland;-0.02;1.9;-0.13;7.01;1.41;2.7;100.6;102;11.2;-0.184;0;2.6;25.93;2;7.7;-52.1;10.604;-0.129;4.42;0
6/28/2024;18:14:49;0;greeenland;0.01;1.9;-0.13;7.02;1.42;2.7;100.6;102;11.2;-0.184;0;2.6;25.9;2;7.7;-52.2;10.613;-0.128;4.42;0
6/28/2024;18:14:51;0;greeenland;0.02;1.9;-0.13;7.02;1.42;2.7;100.6;102;11.2;-0.184;0;2.6;25.9;2;7.7;-52.3;10.62;-0.129;4.42;0
6/28/2024;18:14:53;0;greeenland;0.03;1.9;-0.13;7.02;1.41;2.6;100.6;102;11.19;-0.185;0;2.6;25.89;2;7.7;-52.3;10.629;-0.13;4.42;0
6/28/2024;18:14:55;0;greeenland;0.03;1.9;-0.13;7.02;1.41;2.6;100.6;102;11.19;-0.185;0;2.6;25.88;2;7.7;-52.3;10.636;-0.129;4.42;0
6/28/2024;18:14:57;0;greeenland;0.02;1.9;-0.13;7.01;1.41;2.6;100.6;102;11.19;-0.185;0;2.6;25.91;2;7.7;-52.2;10.641;-0.131;4.43;0
6/28/2024;18:14:59;0;greeenland;0.01;1.9;-0.13;7;1.41;2.6;100.6;101.9;11.19;-0.185;0;2.6;25.92;2;7.7;-52.1;10.642;-0.13;4.43;0
6/28/2024;18:15:01;0;greeenland;0;2;-0.13;7;1.41;2.8;100.5;101.9;11.18;-0.184;0;2.8;25.92;2;7.62;-48;10.631;-0.128;4.43;0
6/28/2024;18:15:03;0;greeenland;0.01;2.2;-0.13;7.01;1.41;3.1;100.5;101.8;11.18;-0.185;0;3;25.96;2;7.65;-49.7;10.614;-0.13;4.43;0
6/28/2024;18:15:05;0;greeenland;0.02;2.3;-0.13;7.02;1.41;3.2;100.3;101.7;11.17;-0.185;0;3.2;26.12;2;7.6;-46.5;10.588;-0.132;4.43;0
6/28/2024;18:15:07;0;greeenland;0;2.3;-0.13;7.03;1.42;3.3;100.3;101.6;11.17;-0.185;0;3.2;26.21;2;7.6;-46.7;10.563;-0.13;3.77;0
6/28/2024;18:15:09;0;greeenland;-0.01;2.5;-0.13;7.03;1.42;3.5;100.2;101.6;11.17;-0.185;0;3.4;26.25;2;7.64;-48.7;10.54;-0.129;3.77;0
6/28/2024;18:15:11;0;greeenland;-0.03;2.7;-0.13;7.04;1.42;3.8;100.2;101.5;11.17;-0.184;0;3.7;26.27;2;7.65;-49.2;10.525;-0.128;3.77;0
6/28/2024;18:15:13;0;greeenland;-0.02;2.9;-0.13;7.06;1.43;4;100.2;101.6;11.18;-0.185;0;3.9;26.26;3;7.94;-66;10.518;-0.129;3.77;0
6/28/2024;18:15:15;0;greeenland;-0.05;2.8;-0.13;7.06;1.43;4;100.3;101.7;11.19;-0.184;0;3.9;26.25;3;7.86;-61.4;10.528;-0.128;3.77;0
6/28/2024;18:15:17;0;greeenland;-0.07;2.7;-0.13;7.09;1.44;3.9;100.4;101.7;11.19;-0.184;0;3.8;26.26;2;7.83;-59.4;10.543;-0.123;4.21;0
6/28/2024;18:15:19;0;greeenland;-0.09;2.7;-0.129;7.13;1.45;3.8;100.5;101.9;11.2;-0.184;0;3.8;26.23;2;7.8;-58.1;10.568;-0.127;4.21;0
6/28/2024;18:15:21;0;greeenland;-0.06;2.7;-0.129;7.13;1.45;3.8;100.6;101.9;11.2;-0.184;0;3.7;26.23;2;7.79;-57.5;10.593;-0.123;4.21;0
6/28/2024;18:15:23;0;greeenland;-0.06;2.6;-0.129;7.13;1.45;3.6;100.6;102;11.2;-0.184;0;3.6;26.12;2;7.79;-57.6;10.611;-0.13;4.21;0
6/28/2024;18:15:25;0;greeenland;-0.07;2.5;-0.129;7.14;1.45;3.5;100.7;102;11.2;-0.183;0;3.4;25.95;2;7.79;-57.6;10.626;-0.121;4.21;0
6/28/2024;18:15:27;0;greeenland;-0.07;2.4;-0.129;7.13;1.45;3.4;100.7;102;11.2;-0.183;0;3.3;25.91;2;7.8;-57.8;10.64;-0.131;4.3;0
6/28/2024;18:15:29;0;greeenland;-0.07;2.4;-0.129;7.13;1.45;3.3;100.7;102;11.2;-0.183;0;3.2;25.93;2;7.8;-58;10.653;-0.126;4.3;0
6/28/2024;18:15:31;0;greeenland;-0.06;2.3;-0.128;7.13;1.45;3.3;100.7;102.1;11.19;-0.183;0;3.2;25.93;2;7.81;-58.2;10.669;-0.127;4.3;0
6/28/2024;18:15:33;0;greeenland;-0.06;2.3;-0.128;7.14;1.45;3.2;100.7;102.1;11.19;-0.182;0;3.2;25.91;2;7.81;-58.3;10.685;-0.127;4.3;0
6/28/2024;18:15:35;0;greeenland;-0.07;2.3;-0.128;7.14;1.45;3.2;100.8;102.1;11.19;-0.182;0;3.2;25.91;2;7.81;-58.4;10.702;-0.127;4.3;0
6/28/2024;18:15:37;0;greeenland;-0.06;2.3;-0.128;7.11;1.45;3.2;100.8;102.1;11.19;-0.182;0;3.1;25.9;2;7.81;-58.4;10.719;-0.126;4.3;0
6/28/2024;18:15:39;0;greeenland;-0.05;2.2;-0.128;7.09;1.44;3.1;100.8;102.1;11.18;-0.182;0;3;25.9;2;7.81;-58.4;10.733;-0.128;4.34;0
6/28/2024;18:15:41;0;greeenland;-0.04;2.1;-0.128;7.08;1.44;3;100.8;102.1;11.18;-0.182;0;2.9;25.89;2;7.81;-58.4;10.747;-0.127;4.34;0
6/28/2024;18:15:43;0;greeenland;-0.04;2.1;-0.128;7.09;1.44;2.9;100.8;102.1;11.18;-0.181;0;2.9;25.89;2;7.81;-58.4;10.755;-0.128;4.34;0
6/28/2024;18:15:45;0;greeenland;-0.07;2;-0.128;7.09;1.44;2.8;100.7;102.1;11.17;-0.181;0;2.8;25.83;2;7.67;-50.4;10.758;-0.127;4.34;0
6/28/2024;18:15:47;0;greeenland;-0.05;2;-0.128;7.1;1.44;2.7;100.7;102;11.17;-0.181;0;2.7;1.5;2;7.66;-50;10.757;-0.128;4.34;0
6/28/2024;18:15:49;0;greeenland;-0.05;1.9;-0.128;7.1;1.44;2.7;100.7;102;11.17;-0.181;0;2.6;1.78;2;7.67;-50.4;10.754;-0.127;4.38;0
6/28/2024;18:15:51;0;greeenland;-0.03;1.9;-0.127;7.07;1.43;2.6;100.7;102;11.16;-0.181;0;2.6;1.71;2;7.67;-50.6;10.752;-0.127;4.38;0
6/28/2024;18:15:53;0;greeenland;-0.03;1.9;-0.128;7.06;1.43;2.6;100.7;102;11.16;-0.181;0;2.6;1.57;2;7.68;-51.4;10.75;-0.127;4.38;0
6/28/2024;18:15:55;0;greeenland;-0.03;1.9;-0.128;7.04;1.42;2.6;100.7;102;11.16;-0.181;0;2.5;1.54;2;7.69;-51.6;10.751;-0.127;4.38;0
6/28/2024;18:15:57;0;greeenland;-0.04;1.8;-0.128;7.04;1.42;2.6;100.7;102;11.16;-0.181;0;2.5;1.57;2;7.68;-51;10.752;-0.125;4.38;0
6/28/2024;18:15:59;0;greeenland;-0.04;1.8;-0.128;7.06;1.43;2.6;100.7;102;11.16;-0.181;0;2.5;1.57;2;7.67;-50.4;10.755;-0.128;4.32;0
6/28/2024;18:16:01;0;greeenland;-0.04;1.8;-0.127;7.06;1.43;2.6;100.7;102;11.16;-0.181;0;2.5;1.58;2;7.66;-49.9;10.76;-0.128;4.32;0
6/28/2024;18:16:03;0;greeenland;-0.06;1.8;-0.128;7.05;1.43;2.5;100.7;102;11.16;-0.182;0;2.5;1.58;2;7.65;-49.4;10.762;-0.129;4.32;0
6/28/2024;18:16:05;0;greeenland;-0.06;1.8;-0.128;7.07;1.43;2.5;100.6;102;11.16;-0.181;0;2.5;1.59;2;7.64;-48.9;10.762;-0.13;4.32;0
6/28/2024;18:16:07;0;greeenland;-0.05;1.8;-0.128;7.06;1.43;2.5;100.6;102;11.16;-0.182;0;2.5;1.57;2;7.63;-48.5;10.758;-0.127;4.32;0
6/28/2024;18:16:09;0;greeenland;-0.04;1.8;-0.128;7.06;1.43;2.5;100.6;101.9;11.16;-0.182;0;2.5;1.56;2;7.63;-48.2;10.755;-0.128;4.3;0
6/28/2024;18:16:11;0;greeenland;-0.07;1.8;-0.127;7.09;1.44;2.5;100.6;101.9;11.16;-0.181;0;2.5;1.56;2;7.62;-47.7;10.757;-0.121;4.3;0
6/28/2024;18:16:13;0;greeenland;-0.09;1.8;-0.128;7.09;1.44;2.5;100.6;101.9;11.16;-0.181;0;2.5;1.55;2;7.61;-47.2;10.759;-0.131;4.3;0
6/28/2024;18:16:15;0;greeenland;-0.08;1.8;-0.128;7.08;1.44;2.5;100.6;101.9;11.16;-0.181;0;2.5;1.54;2;7.6;-46.5;10.761;-0.122;4.3;0
6/28/2024;18:16:17;0;greeenland;-0.07;1.8;-0.128;7.1;1.44;2.5;100.6;101.9;11.15;-0.182;0;2.4;1.55;2;7.58;-45.8;10.762;-0.131;4.3;0
6/28/2024;18:16:19;0;greeenland;-0.07;1.8;-0.128;7.09;1.44;2.5;100.6;101.9;11.15;-0.182;0;2.4;1.54;2;7.5;-40.8;10.762;-0.127;4.26;0
6/28/2024;18:16:21;0;greeenland;-0.07;1.8;-0.128;7.08;1.43;2.5;100.6;101.9;11.15;-0.181;0;2.4;1.55;2;7.51;-41.4;10.759;-0.125;4.26;0
6/28/2024;18:16:23;0;greeenland;-0.07;1.8;-0.127;7.09;1.44;2.5;100.5;101.9;11.15;-0.181;0;2.4;1.56;2;7.49;-40.5;10.752;-0.126;4.26;0
6/28/2024;18:16:25;0;greeenland;-0.08;1.8;-0.127;7.08;1.43;2.5;100.5;101.9;11.15;-0.181;0;2.4;1.57;2;7.49;-40.6;10.742;-0.128;4.26;0
6/28/2024;18:16:27;0;greeenland;-0.08;1.8;-0.127;7.08;1.44;2.5;100.5;101.8;11.15;-0.181;0;2.4;1.58;2;7.51;-41.6;10.734;-0.127;4.26;0
6/28/2024;18:16:29;0;greeenland;-0.07;1.8;-0.127;7.07;1.43;2.5;100.5;101.8;11.15;-0.181;0;2.4;1.57;2;7.56;-44.2;10.731;-0.127;4.34;0
6/28/2024;18:16:31;0;greeenland;-0.06;1.8;-0.127;7.06;1.43;2.5;100.5;101.9;11.15;-0.181;0;2.4;1.58;2;7.57;-45;10.73;-0.128;4.34;0
6/28/2024;18:16:33;0;greeenland;-0.04;1.8;-0.128;7.06;1.43;2.5;100.5;101.9;11.16;-0.181;0;2.4;1.57;2;7.58;-45.3;10.734;-0.128;4.34;0
6/28/2024;18:16:35;0;greeenland;-0.04;1.8;-0.128;7.06;1.43;2.5;100.6;101.9;11.16;-0.181;0;2.4;1.57;2;7.57;-45.1;10.742;-0.127;4.34;0
6/28/2024;18:16:37;0;greeenland;-0.04;1.8;-0.128;7.06;1.43;2.5;100.6;102;11.16;-0.181;0;2.4;1.6;2;7.57;-45.2;10.755;-0.128;4.34;0
6/28/2024;18:16:39;0;greeenland;-0.07;1.8;-0.128;7.06;1.43;2.5;100.7;102;11.16;-0.182;0;2.4;1.61;2;7.58;-45.8;10.77;-0.128;4.38;0
6/28/2024;18:16:41;0;greeenland;-0.08;1.8;-0.128;7.06;1.43;2.5;100.7;102;11.16;-0.181;0;2.4;1.58;2;7.58;-45.6;10.781;-0.126;4.38;0
6/28/2024;18:16:43;0;greeenland;-0.09;1.8;-0.127;7.05;1.42;2.4;100.7;102;11.16;-0.181;0;2.4;1.58;2;7.58;-45.4;10.789;-0.126;4.38;0
6/28/2024;18:16:45;0;greeenland;-0.07;1.7;-0.127;7.05;1.42;2.4;100.6;102;11.15;-0.181;0;2.4;1.55;2;7.57;-45.1;10.792;-0.129;4.38;0
6/28/2024;18:16:47;0;greeenland;-0.06;1.7;-0.127;7.04;1.42;2.4;100.6;102;11.15;-0.181;0;2.4;1.56;2;7.57;-45;10.795;-0.126;4.38;0
6/28/2024;18:16:49;0;greeenland;-0.06;1.7;-0.128;7.05;1.42;2.4;100.6;102;11.15;-0.182;0;2.4;1.59;2;7.46;-38.8;10.796;-0.128;4.39;0
6/28/2024;18:16:51;0;greeenland;-0.04;1.7;-0.128;7.06;1.43;2.4;100.6;101.9;11.15;-0.181;0;2.4;1.6;2;7.55;-43.7;10.792;-0.128;4.39;0
6/28/2024;18:16:53;0;greeenland;-0.05;1.7;-0.128;7.06;1.43;2.4;100.6;101.9;11.15;-0.182;0;2.4;1.58;2;7.56;-44.6;10.786;-0.124;4.39;0
6/28/2024;18:16:55;0;greeenland;-0.05;1.8;-0.127;7.07;1.43;2.5;100.6;102;11.15;-0.181;0;2.5;1.57;2;7.57;-45.2;10.783;-0.129;4.39;0
6/28/2024;18:16:57;0;greeenland;-0.04;2;-0.128;7.06;1.43;2.7;100.7;102;11.16;-0.181;0;2.7;1.55;2;7.57;-44.8;10.779;-0.125;4.39;0
6/28/2024;18:16:59;0;greeenland;-0.04;2.1;-0.128;7.07;1.43;2.9;100.8;102.1;11.17;-0.181;0;2.9;1.55;2;7.57;-44.9;10.778;-0.129;4.36;0
6/28/2024;18:17:01;0;greeenland;-0.04;2.2;-0.128;7.07;1.43;3;100.8;102.1;11.17;-0.182;0;3;1.58;2;7.56;-44.3;10.771;-0.129;4.36;0
6/28/2024;18:17:03;0;greeenland;-0.04;2.3;-0.128;7.07;1.43;3.1;100.8;102.2;11.18;-0.182;0;3.1;1.6;2;7.55;-43.9;10.763;-0.13;4.36;0
6/28/2024;18:17:05;0;greeenland;-0.05;2.4;-0.128;7.06;1.43;3.4;100.8;102.2;11.18;-0.182;0;3.3;1.6;2;7.54;-43.5;10.753;-0.129;4.36;0
6/28/2024;18:17:07;0;greeenland;-0.05;2.6;-0.128;7.08;1.44;3.6;100.8;102.1;11.18;-0.182;0;3.5;1.57;2;7.54;-43.1;10.735;-0.127;4.36;0
6/28/2024;18:17:09;0;greeenland;-0.05;2.6;-0.128;7.08;1.43;3.6;100.7;102;11.17;-0.182;0;3.6;1.57;2;7.54;-43.1;10.717;-0.128;4.37;0
6/28/2024;18:17:11;0;greeenland;-0.06;2.6;-0.128;7.07;1.43;3.6;100.6;101.9;11.17;-0.182;0;3.6;1.58;2;7.53;-42.7;10.697;-0.128;4.37;0
6/28/2024;18:17:13;0;greeenland;-0.06;2.6;-0.128;7.06;1.43;3.7;100.5;101.9;11.17;-0.182;0;3.6;1.59;2;7.52;-42.4;10.675;-0.128;4.37;0
6/28/2024;18:17:15;0;greeenland;-0.06;2.7;-0.128;7.05;1.43;3.8;100.5;101.8;11.17;-0.182;0;3.7;1.58;2;7.52;-42.2;10.658;-0.128;4.37;0
6/28/2024;18:17:17;0;greeenland;-0.05;2.7;-0.128;7.06;1.43;3.8;100.5;101.8;11.17;-0.182;0;3.7;1.59;2;7.51;-41.9;10.645;-0.122;4.37;0
6/28/2024;18:17:19;0;greeenland;-0.05;2.7;-0.128;7.06;1.43;3.8;100.5;101.8;11.17;-0.182;0;3.7;1.59;2;7.51;-41.6;10.637;-0.127;4.39;0
6/28/2024;18:17:21;0;greeenland;-0.06;2.7;-0.128;7.06;1.43;3.7;100.5;101.8;11.18;-0.182;0;3.7;1.57;2;7.51;-41.4;10.633;-0.128;4.39;0
6/28/2024;18:17:23;0;greeenland;-0.07;2.7;-0.128;7.07;1.43;3.7;100.5;101.9;11.18;-0.182;0;3.7;1.57;2;7.5;-41.3;10.627;-0.128;4.39;0
6/28/2024;18:17:25;0;greeenland;-0.06;2.7;-0.128;7.08;1.43;3.7;100.5;101.9;11.18;-0.182;0;3.7;1.56;2;7.5;-41.2;10.624;-0.128;4.39;0
6/28/2024;18:17:27;0;greeenland;-0.07;2.6;-0.128;7.08;1.43;3.7;100.5;101.8;11.18;-0.182;0;3.6;1.56;2;7.5;-40.9;10.62;-0.127;4.39;0
6/28/2024;18:17:29;0;greeenland;-0.08;2.6;-0.128;7.08;1.43;3.7;100.5;101.8;11.18;-0.182;0;3.6;1.59;2;7.49;-40.7;10.611;-0.128;4.43;0
6/28/2024;18:17:31;0;greeenland;-0.08;2.6;-0.128;7.09;1.44;3.6;100.4;101.8;11.18;-0.182;0;3.6;1.6;2;7.49;-40.4;10.597;-0.129;4.43;0
6/28/2024;18:17:33;0;greeenland;-0.05;2.6;-0.128;7.09;1.44;3.6;100.4;101.7;11.17;-0.182;0;3.5;1.62;2;7.49;-40.4;10.587;-0.127;4.43;0
6/28/2024;18:17:35;0;greeenland;-0.04;2.5;-0.128;7.09;1.44;3.6;100.3;101.7;11.17;-0.182;0;3.5;1.62;2;7.49;-40.6;10.576;-0.128;4.43;0
6/28/2024;18:17:37;0;greeenland;-0.05;2.5;-0.128;7.09;1.44;3.5;100.3;101.6;11.17;-0.182;0;3.4;1.6;2;7.49;-40.7;10.567;-0.129;4.43;0
6/28/2024;18:17:39;0;greeenland;-0.05;2.4;-0.128;7.08;1.44;3.4;100.3;101.6;11.17;-0.182;0;3.4;1.62;2;7.5;-40.8;10.555;-0.129;4.45;0
6/28/2024;18:17:41;0;greeenland;-0.05;2.4;-0.128;7.09;1.44;3.3;100.3;101.6;11.18;-0.182;0;3.3;1.63;2;7.49;-40.8;10.547;-0.128;4.45;0
6/28/2024;18:17:43;0;greeenland;-0.05;2.3;-0.128;7.09;1.44;3.2;100.3;101.7;11.18;-0.182;0;3.2;1.64;2;7.49;-40.7;10.547;-0.124;4.45;0
6/28/2024;18:17:45;0;greeenland;-0.06;2.2;-0.128;7.07;1.43;3.1;100.4;101.7;11.19;-0.182;0;3.1;1.64;2;7.49;-40.6;10.545;-0.128;4.45;0
6/28/2024;18:17:47;0;greeenland;-0.06;2.2;-0.128;7.06;1.43;3;100.4;101.7;11.19;-0.182;0;3;1.64;2;7.49;-40.6;10.539;-0.124;4.45;0
6/28/2024;18:17:49;0;greeenland;-0.08;2.1;-0.128;7.06;1.43;2.9;100.4;101.7;11.19;-0.182;0;2.9;1.62;2;7.49;-40.5;10.526;-0.127;4.38;0
6/28/2024;18:17:51;0;greeenland;-0.08;2;-0.128;7.06;1.43;2.9;100.4;101.7;11.19;-0.181;0;2.8;1.6;2;7.49;-40.6;10.511;-0.122;4.38;0
6/28/2024;18:17:53;0;greeenland;-0.08;2;-0.128;7.07;1.43;2.8;100.4;101.7;11.2;-0.181;0;2.7;1.6;2;7.5;-41;10.499;-0.131;4.38;0
6/28/2024;18:17:55;0;greeenland;-0.08;1.9;-0.128;7.07;1.43;2.7;100.4;101.7;11.2;-0.182;0;2.7;1.6;2;7.6;-46.5;10.49;-0.127;4.38;0
6/28/2024;18:17:57;0;greeenland;-0.07;1.9;-0.128;7.06;1.43;2.7;100.4;101.7;11.2;-0.182;0;2.6;1.58;2;7.54;-43.1;10.481;-0.128;4.38;0
6/28/2024;18:17:59;0;greeenland;-0.06;1.8;-0.128;7.06;1.43;2.6;100.4;101.7;11.2;-0.182;0;2.6;1.56;2;7.54;-43.1;10.471;-0.128;4.39;0
6/28/2024;18:18:01;0;greeenland;-0.05;1.8;-0.128;7.06;1.43;2.6;100.4;101.7;11.21;-0.182;0;2.5;1.58;2;7.53;-42.7;10.461;-0.127;4.39;0
6/28/2024;18:18:03;0;greeenland;-0.04;1.8;-0.128;7.06;1.43;2.6;100.4;101.7;11.21;-0.182;0;2.5;1.56;2;7.53;-43;10.46;-0.128;4.39;0
6/28/2024;18:18:05;0;greeenland;-0.04;1.8;-0.128;7.07;1.43;2.5;100.4;101.7;11.21;-0.183;0;2.5;1.56;2;7.54;-43.3;10.462;-0.132;4.39;0
6/28/2024;18:18:07;0;greeenland;-0.06;1.8;-0.128;7.08;1.43;2.5;100.4;101.7;11.21;-0.182;0;2.5;1.56;2;7.54;-43.1;10.458;-0.128;4.39;0
6/28/2024;18:18:09;0;greeenland;-0.07;1.8;-0.128;7.07;1.43;2.5;100.3;101.6;11.2;-0.182;0;2.5;1.59;2;7.53;-42.6;10.443;-0.128;4.37;0
6/28/2024;18:18:11;0;greeenland;-0.07;1.8;-0.128;7.07;1.43;2.5;100.3;101.6;11.21;-0.182;0;2.5;1.57;2;7.53;-42.9;10.432;-0.128;4.37;0
6/28/2024;18:18:13;0;greeenland;-0.08;1.8;-0.128;7.06;1.43;2.5;100.3;101.6;11.21;-0.182;0;2.5;1.58;2;7.63;-48.4;10.431;-0.127;4.37;0
6/28/2024;18:18:15;0;greeenland;-0.09;1.8;-0.128;7.07;1.43;2.5;100.3;101.7;11.21;-0.183;0;2.5;1.6;2;7.63;-48.3;10.436;-0.129;4.37;0
6/28/2024;18:18:17;0;greeenland;-0.09;1.8;-0.128;7.07;1.43;2.5;100.3;101.7;11.21;-0.182;0;2.4;1.62;2;7.62;-47.8;10.442;-0.128;4.37;0
6/28/2024;18:18:19;0;greeenland;-0.08;1.7;-0.128;7.08;1.44;2.5;100.4;101.7;11.21;-0.182;0;2.4;1.63;2;7.62;-48;10.45;-0.127;4.36;0
6/28/2024;18:18:21;0;greeenland;-0.07;1.7;-0.128;7.08;1.43;2.4;100.5;101.8;11.22;-0.183;0;2.4;1.63;2;7.63;-48.3;10.466;-0.129;4.36;0
6/28/2024;18:18:23;0;greeenland;-0.07;1.7;-0.128;7.09;1.44;2.4;100.5;101.9;11.22;-0.183;0;2.4;1.65;2;7.63;-48.1;10.488;-0.125;4.36;0
6/28/2024;18:18:25;0;greeenland;-0.04;1.7;-0.129;7.09;1.44;2.4;100.5;101.9;11.22;-0.183;0;2.4;1.64;2;7.62;-48;10.503;-0.129;4.36;0
6/28/2024;18:18:27;0;greeenland;-0.04;1.7;-0.128;7.09;1.44;2.4;100.5;101.9;11.21;-0.183;0;2.3;1.64;2;7.62;-47.7;10.51;-0.125;4.36;0
6/28/2024;18:18:29;0;greeenland;-0.03;1.7;-0.129;7.11;1.44;2.4;100.5;101.8;11.21;-0.183;0;2.3;1.63;2;7.51;-41.8;10.505;-0.129;4.44;0
6/28/2024;18:18:31;0;greeenland;-0.04;1.7;-0.128;7.11;1.44;2.3;100.4;101.8;11.21;-0.183;0;2.3;1.64;1;7.57;-45.2;10.495;-0.127;4.44;0
6/28/2024;18:18:33;0;greeenland;-0.04;1.7;-0.128;7.11;1.45;2.3;100.4;101.7;11.2;-0.183;0;2.3;1.61;1;7.56;-44.2;10.484;-0.129;4.44;0
6/28/2024;18:18:35;0;greeenland;-0.04;1.6;-0.128;7.12;1.45;2.3;100.4;101.7;11.2;-0.183;0;2.3;1.6;1;7.55;-43.8;10.47;-0.13;4.44;0
6/28/2024;18:18:37;0;greeenland;-0.07;1.6;-0.128;7.12;1.45;2.3;100.3;101.7;11.2;-0.183;0;2.3;1.59;1;7.55;-44;10.456;-0.128;4.44;0
6/28/2024;18:18:39;0;greeenland;-0.08;1.6;-0.129;7.11;1.45;2.3;100.3;101.7;11.21;-0.183;0;2.3;1.6;1;7.56;-44.4;10.445;-0.132;4.45;0
6/28/2024;18:18:41;0;greeenland;-0.07;1.6;-0.128;7.12;1.45;2.3;100.4;101.7;11.21;-0.183;0;2.2;1.6;1;7.57;-44.9;10.441;-0.122;4.45;0
6/28/2024;18:18:43;0;greeenland;-0.05;1.6;-0.128;7.1;1.44;2.3;100.4;101.7;11.21;-0.183;0;2.2;1.59;1;7.57;-45.1;10.447;-0.132;4.45;0
6/28/2024;18:18:45;0;greeenland;-0.04;1.6;-0.128;7.09;1.44;2.3;100.4;101.7;11.21;-0.182;0;2.2;1.59;1;7.56;-44.6;10.444;-0.122;4.45;0
6/28/2024;18:18:47;0;greeenland;-0.05;1.6;-0.128;7.1;1.44;2.3;100.4;101.7;11.21;-0.182;0;2.2;1.6;1;7.56;-44.3;10.436;-0.132;4.45;0
6/28/2024;18:18:49;0;greeenland;-0.07;1.6;-0.128;7.11;1.44;2.3;100.3;101.7;11.21;-0.182;0;2.2;1.59;1;7.55;-43.9;10.426;-0.123;4.43;0
6/28/2024;18:18:51;0;greeenland;-0.06;1.6;-0.128;7.12;1.45;2.3;100.3;101.6;11.21;-0.182;0;2.2;1.62;1;7.55;-43.6;10.414;-0.129;4.43;0
6/28/2024;18:18:53;0;greeenland;-0.07;1.6;-0.128;7.13;1.45;2.3;100.2;101.6;11.21;-0.182;0;2.2;1.61;1;7.54;-43.4;10.399;-0.128;4.43;0
6/28/2024;18:18:55;0;greeenland;-0.09;1.7;-0.128;7.12;1.45;2.4;100.2;101.5;11.21;-0.182;0;2.3;1.63;2;7.54;-43.3;10.382;-0.128;4.43;0
6/28/2024;18:18:57;0;greeenland;-0.1;1.7;-0.128;7.13;1.45;2.5;100.2;101.5;11.21;-0.182;0;2.4;1.63;2;7.54;-43.5;10.374;-0.13;4.43;0
6/28/2024;18:18:59;0;greeenland;-0.1;5.5;-0.128;7.16;1.46;7.4;106.3;107.7;11.89;-0.183;0;7.3;1.54;5;8.66;-106.4;12.357;-0.132;4.13;0
6/28/2024;18:19:01;0;greeenland;-0.12;11.6;-0.129;7.12;1.45;15.8;101.2;102.6;10.86;-0.183;0.01;15.5;1.47;10;8.34;-88.8;11.856;-0.13;4.13;0
6/28/2024;18:19:03;0;greeenland;-0.12;12.5;-0.129;7.12;1.45;17.1;101.3;102.7;10.99;-0.183;0.01;16.8;1.48;11;8.29;-85.5;11.577;-0.13;4.13;0
6/28/2024;18:19:05;0;greeenland;-0.11;13.3;-0.129;7.14;1.45;18.3;101.2;102.5;11.04;-0.183;0.01;18;1.46;12;8.25;-83.6;11.39;-0.129;4.13;0
6/28/2024;18:19:07;0;greeenland;-0.09;14.1;-0.129;7.11;1.45;19.5;101.1;102.5;11.07;-0.183;0.01;19.1;1.46;12;8.25;-83.2;11.263;-0.128;4.13;0
6/28/2024;18:19:09;0;greeenland;-0.1;14.8;-0.129;7.1;1.44;20.5;101.1;102.5;11.1;-0.183;0.01;20.1;1.46;13;8.26;-83.8;11.187;-0.127;4.44;0
6/28/2024;18:19:11;0;greeenland;-0.08;15.4;-0.129;7.1;1.44;21.3;101.1;102.5;11.11;-0.183;0.01;20.9;1.45;14;8.26;-83.6;11.128;-0.129;4.44;0
6/28/2024;18:19:13;0;greeenland;-0.07;6.8;-0.129;7.1;1.44;9.4;101.1;102.5;11.12;-0.183;0;9.2;1.44;6;8.26;-84.1;11.085;-0.127;4.44;0
6/28/2024;18:19:15;0;greeenland;-0.08;6.1;-0.129;7.09;1.44;8.4;101.1;102.4;11.13;-0.183;0;8.3;1.45;5;8.26;-84;11.038;-0.129;4.44;0
6/28/2024;18:19:17;0;greeenland;-0.09;5.8;-0.129;7.06;1.43;8;101;102.4;11.14;-0.183;0;7.9;1.48;5;8.26;-83.8;10.944;-0.131;4.44;0
6/28/2024;18:19:19;0;greeenland;-0.06;6;-0.129;7.05;1.42;8.3;105.2;106.6;11.62;-0.183;0;8.1;1.57;5;8.65;-105.7;10.896;-0.129;4.35;0
6/28/2024;18:19:21;0;greeenland;-0.06;158.5;-0.124;7.2;1.47;211.9;103.3;104.7;11.02;-0.176;0.1;208.4;1.26;135;8.66;-106.8;12.476;-0.027;4.35;0
6/28/2024;18:19:23;0;greeenland;-0.11;159.2;-0.123;7.34;1.52;212.8;104;105.4;11.08;-0.174;0.1;209.2;0.9;136;8.66;-107;12.487;-0.108;4.35;0
6/28/2024;18:19:25;0;greeenland;-0.15;159.3;-0.122;7.46;1.56;212.9;104.4;105.8;11.12;-0.173;0.1;209.3;0.55;136;8.66;-107.1;12.497;-0.116;4.35;0
6/28/2024;18:19:27;0;greeenland;-0.2;159.3;-0.121;7.61;1.61;212.9;104.7;106;11.15;-0.173;0.1;209.3;0.2;136;8.67;-107.4;12.497;-0.116;4.35;0
6/28/2024;18:19:29;0;greeenland;-0.26;159.3;-0.121;7.73;1.65;212.8;104.9;106.3;11.17;-0.171;0.1;209.3;-0.13;136;8.67;-107.5;12.502;-0.116;4.42;0
6/28/2024;18:19:31;0;greeenland;-0.27;159.3;-0.12;7.86;1.7;212.8;105.1;106.5;11.2;-0.17;0.1;209.3;-0.48;136;8.67;-107.6;12.503;-0.108;4.42;0
6/28/2024;18:19:33;0;greeenland;-0.28;159.3;-0.119;7.99;1.74;212.8;105.3;106.7;11.21;-0.169;0.1;209.2;-0.84;136;8.67;-107.6;12.504;-0.102;4.42;0
6/28/2024;18:19:35;0;greeenland;-0.29;159.3;-0.117;8.13;1.79;212.8;105.5;106.9;11.23;-0.166;0.1;209.2;-1.17;136;8.67;-107.7;12.506;-0.106;4.42;0
6/28/2024;18:19:37;0;greeenland;-0.27;159.3;-0.116;8.27;1.83;212.8;105.8;107.2;11.27;-0.165;0.1;209.2;-1.45;136;8.68;-107.8;12.509;-0.105;4.42;0
6/28/2024;18:19:39;0;greeenland;-0.28;159.3;-0.112;8.34;1.85;212.8;106.1;107.5;11.3;-0.159;0.1;209.2;-1.47;136;8.68;-107.8;12.513;-0.036;4.25;0
6/28/2024;18:19:41;0;greeenland;-0.27;159.4;-0.104;8.32;1.85;212.8;106.3;107.7;11.32;-0.147;0.1;209.3;-1.47;136;8.68;-107.9;12.516;0.071;4.25;0
6/28/2024;18:19:43;0;greeenland;-0.27;159.4;-0.09;8.31;1.84;212.9;106.5;107.9;11.34;-0.128;0.1;209.3;-1.48;136;8.68;-107.9;12.52;0.117;4.25;0
6/28/2024;18:19:45;0;greeenland;-0.26;159.4;-0.078;8.31;1.84;212.9;106.7;108.1;11.36;-0.111;0.1;209.3;-1.48;136;8.68;-108;12.524;0.109;4.25;0
6/28/2024;18:19:47;0;greeenland;-0.28;159.5;-0.065;8.3;1.84;212.9;106.8;108.2;11.37;-0.092;0.1;209.3;-1.49;136;8.68;-108.1;12.527;0.121;4.25;0
6/28/2024;18:19:49;0;greeenland;-0.26;159.5;-0.051;8.29;1.84;212.9;106.9;108.3;11.38;-0.073;0.1;209.4;-1.48;136;8.68;-108.1;12.529;0.132;4.21;0
6/28/2024;18:19:51;0;greeenland;-0.26;159.5;-0.037;8.28;1.83;212.9;107;108.4;11.39;-0.052;0.1;209.4;-1.48;136;8.68;-108.2;12.531;0.133;4.21;0
6/28/2024;18:19:53;0;greeenland;-0.25;159.5;-0.023;8.27;1.83;212.9;107.1;108.5;11.39;-0.033;0.1;209.4;-1.5;136;8.68;-108.3;12.532;0.133;4.21;0
6/28/2024;18:19:55;0;greeenland;-0.25;159.5;-0.008;8.26;1.83;212.9;107.1;108.5;11.4;-0.011;0.1;209.4;-1.5;136;8.69;-108.3;12.533;0.149;4.21;0
6/28/2024;18:19:57;0;greeenland;-0.26;159.5;0.006;8.26;1.83;213;107.2;108.6;11.4;0.008;0.1;209.4;-1.5;136;8.69;-108.3;12.534;0.146;4.21;0
6/28/2024;18:19:59;0;greeenland;-0.27;159.6;0.016;8.26;1.83;213;107.2;108.6;11.41;0.022;0.1;209.4;-1.51;136;8.69;-108.4;12.535;0.143;4.21;0
6/28/2024;18:20:01;0;greeenland;-0.28;159.6;0.025;8.27;1.83;213;107.2;108.7;11.41;0.036;0.1;209.4;-1.49;136;8.69;-108.4;12.536;0.144;4.21;0
6/28/2024;18:20:03;0;greeenland;-0.3;159.6;0.038;8.26;1.83;213;107.3;108.7;11.41;0.055;0.1;209.4;-1.49;136;8.69;-108.4;12.537;0.152;4.21;0
6/28/2024;18:20:05;0;greeenland;-0.32;159.6;0.054;8.27;1.83;213;107.3;108.7;11.42;0.077;0.1;209.4;-1.5;136;8.69;-108.4;12.538;0.178;4.21;0
6/28/2024;18:20:07;0;greeenland;-0.32;159.6;0.071;8.26;1.83;213;107.3;108.7;11.42;0.101;0.1;209.4;-1.48;136;8.69;-108.4;12.539;0.22;4.21;0
6/28/2024;18:20:09;0;greeenland;-0.32;159.6;0.091;8.26;1.83;213;107.3;108.8;11.42;0.13;0.1;209.4;-1.5;136;8.69;-108.4;12.54;0.266;4.13;0
6/28/2024;18:20:11;0;greeenland;-0.32;159.6;0.111;8.27;1.83;213;107.4;108.8;11.42;0.157;0.1;209.4;-1.5;136;8.69;-108.5;12.542;0.274;4.13;0
6/28/2024;18:20:13;0;greeenland;-0.33;159.6;0.13;8.27;1.83;213;107.4;108.8;11.43;0.184;0.1;209.4;-1.5;136;8.69;-108.5;12.543;0.278;4.13;0
6/28/2024;18:20:15;0;greeenland;-0.31;159.6;0.157;8.27;1.83;213;107.4;108.8;11.43;0.224;0.1;209.4;-1.5;136;8.69;-108.5;12.544;0.29;4.13;0
6/28/2024;18:20:17;0;greeenland;-0.3;159.6;0.17;8.28;1.83;213;107.4;108.9;11.43;0.242;0.1;209.5;-1.47;136;8.69;-108.6;12.545;0.303;4.13;0
6/28/2024;18:20:19;0;greeenland;-0.3;159.6;0.189;8.27;1.83;213;107.4;108.9;11.43;0.269;0.1;209.5;-1.47;136;8.69;-108.6;12.545;0.296;4.14;0
6/28/2024;18:20:21;0;greeenland;-0.3;159.7;0.195;8.26;1.83;213.1;107.5;108.9;11.43;0.277;0.1;209.5;-1.48;136;8.69;-108.6;12.545;0.234;4.14;0
6/28/2024;18:20:23;0;greeenland;-0.3;159.7;0.202;8.26;1.83;213.1;107.5;108.9;11.43;0.288;0.1;209.5;-1.48;136;8.69;-108.6;12.545;0.302;4.14;0
6/28/2024;18:20:25;0;greeenland;-0.3;159.7;0.217;8.26;1.83;213;107.5;108.9;11.44;0.308;0.1;209.5;-1.47;136;8.69;-108.7;12.545;0.352;4.14;0
6/28/2024;18:20:27;0;greeenland;-0.3;159.6;0.23;8.26;1.83;213;107.5;108.9;11.44;0.327;0.1;209.5;-1.48;136;8.69;-108.7;12.545;0.394;4.14;0
6/28/2024;18:20:29;0;greeenland;-0.33;159.6;0.244;8.26;1.83;213;107.5;108.9;11.44;0.347;0.1;209.5;-1.46;136;8.69;-108.7;12.545;0.392;4.02;0
6/28/2024;18:20:31;0;greeenland;-0.33;159.6;0.257;8.26;1.83;213;107.5;108.9;11.44;0.365;0.1;209.5;-1.45;136;8.69;-108.7;12.546;0.38;4.02;0
6/28/2024;18:20:33;0;greeenland;-0.33;159.6;0.266;8.25;1.82;213;107.5;109;11.44;0.379;0.1;209.5;-1.44;136;8.69;-108.7;12.547;0.378;4.02;0
6/28/2024;18:20:35;0;greeenland;-0.31;159.6;0.28;8.24;1.82;213;107.5;109;11.44;0.398;0.1;209.5;-1.43;136;8.69;-108.8;12.548;0.398;4.02;0
6/28/2024;18:20:37;0;greeenland;-0.29;159.7;0.292;8.23;1.82;213;107.5;109;11.44;0.416;0.1;209.5;-1.44;136;8.69;-108.8;12.548;0.396;4.02;0
6/28/2024;18:20:39;0;greeenland;-0.3;159.7;0.307;8.23;1.82;213.1;107.5;109;11.44;0.436;0.1;209.5;-1.44;136;8.69;-108.8;12.548;0.394;3.95;0
6/28/2024;18:20:41;0;greeenland;-0.29;159.7;0.319;8.24;1.82;213.1;107.5;109;11.44;0.453;0.1;209.5;-1.42;136;8.69;-108.8;12.548;0.388;3.95;0
6/28/2024;18:20:43;0;greeenland;-0.29;159.7;0.331;8.24;1.82;213.1;107.5;109;11.44;0.471;0.1;209.5;-1.39;136;8.69;-108.8;12.548;0.4;3.95;0
6/28/2024;18:20:45;0;greeenland;-0.29;159.7;0.341;8.23;1.82;213.1;107.5;109;11.44;0.485;0.1;209.5;-1.39;136;8.69;-108.8;12.548;0.408;3.95;0
6/28/2024;18:20:47;0;greeenland;-0.3;159.7;0.349;8.22;1.81;213.1;107.5;109;11.44;0.497;0.1;209.5;-1.4;136;8.69;-108.8;12.548;0.404;3.95;0
6/28/2024;18:20:49;0;greeenland;-0.3;159.7;0.357;8.21;1.81;213.1;107.5;109;11.44;0.507;0.1;209.5;-1.4;136;8.69;-108.8;12.548;0.42;4.16;0
6/28/2024;18:20:51;0;greeenland;-0.3;159.7;0.364;8.21;1.81;213.1;107.5;109;11.44;0.518;0.1;209.5;-1.42;136;8.69;-108.8;12.548;0.412;4.16;0
6/28/2024;18:20:53;0;greeenland;-0.32;159.7;0.367;8.22;1.81;213.1;107.5;109;11.44;0.521;0.1;209.5;-1.43;136;8.69;-108.8;12.548;0.314;4.16;0
6/28/2024;18:20:55;0;greeenland;-0.3;159.7;0.365;8.22;1.81;213.1;107.5;109;11.44;0.518;0.1;209.5;-1.45;136;8.69;-108.8;12.548;0.282;4.16;0
6/28/2024;18:20:57;0;greeenland;-0.28;159.6;0.369;8.22;1.81;213;107.5;109;11.44;0.525;0.1;209.5;-1.43;136;8.69;-108.8;12.548;0.422;4.16;0
6/28/2024;18:20:59;0;greeenland;-0.29;159.6;0.381;8.22;1.81;213;107.5;109;11.44;0.542;0.1;209.5;-1.44;136;8.69;-108.8;12.547;0.491;4.04;0
6/28/2024;18:21:01;0;greeenland;-0.26;159.6;0.394;8.22;1.81;213;107.5;109;11.44;0.561;0.1;209.4;-1.44;136;8.69;-108.8;12.547;0.562;4.04;0
6/28/2024;18:21:03;0;greeenland;-0.24;159.6;0.405;8.22;1.81;213;107.5;109;11.44;0.576;0.1;209.5;-1.44;136;8.69;-108.8;12.547;0.545;4.04;0
6/28/2024;18:21:05;0;greeenland;-0.24;159.7;0.417;8.23;1.82;213;107.5;109;11.44;0.593;0.1;209.5;-1.44;136;8.69;-108.8;12.548;0.615;4.04;0
6/28/2024;18:21:07;0;greeenland;-0.26;159.7;0.43;8.23;1.82;213.1;107.5;109;11.44;0.611;0.1;209.5;-1.46;136;8.69;-108.8;12.548;0.671;4.04;0
6/28/2024;18:21:09;0;greeenland;-0.29;159.7;0.448;8.22;1.82;213.1;107.5;108.9;11.44;0.637;0.1;209.5;-1.47;136;8.69;-108.8;12.548;0.739;4.12;0
6/28/2024;18:21:11;0;greeenland;-0.32;159.7;0.467;8.23;1.82;213.1;107.5;108.9;11.44;0.664;0.1;209.5;-1.46;136;8.69;-108.9;12.549;0.758;4.12;0
6/28/2024;18:21:13;0;greeenland;-0.32;159.7;0.489;8.22;1.82;213.1;107.5;108.9;11.44;0.695;0.1;209.5;-1.48;136;8.7;-108.9;12.55;0.782;4.12;0
6/28/2024;18:21:15;0;greeenland;-0.32;159.7;0.51;8.23;1.82;213.1;107.5;108.9;11.44;0.726;0.1;209.5;-1.49;136;8.69;-108.9;12.55;0.83;4.12;0
6/28/2024;18:21:17;0;greeenland;-0.29;159.7;0.535;8.23;1.82;213;107.5;108.9;11.44;0.76;0.1;209.5;-1.48;136;8.7;-108.9;12.55;0.83;4.12;0
6/28/2024;18:21:19;0;greeenland;-0.29;159.7;0.557;8.22;1.82;213;107.5;108.9;11.44;0.792;0.1;209.5;-1.48;136;8.7;-108.9;12.55;0.848;4.13;0
6/28/2024;18:21:21;0;greeenland;-0.28;159.7;0.585;8.21;1.81;213;107.5;108.9;11.44;0.832;0.1;209.5;-1.49;136;8.7;-108.9;12.55;0.92;4.13;0
6/28/2024;18:21:23;0;greeenland;-0.27;159.7;0.612;8.2;1.81;213;107.5;108.9;11.43;0.87;0.1;209.5;-1.5;136;8.7;-108.9;12.55;0.926;4.13;0
6/28/2024;18:21:25;0;greeenland;-0.27;159.7;0.642;8.2;1.81;213.1;107.5;108.9;11.43;0.912;0.1;209.5;-1.49;136;8.7;-108.9;12.55;0.948;4.13;0
6/28/2024;18:21:27;0;greeenland;-0.28;159.7;0.67;8.2;1.81;213.1;107.5;108.9;11.43;0.952;0.1;209.6;-1.5;136;8.7;-108.9;12.55;0.977;4.13;0
6/28/2024;18:21:29;0;greeenland;-0.28;159.7;0.702;8.22;1.81;213.1;107.5;108.9;11.43;0.997;0.1;209.6;-1.5;136;8.69;-108.9;12.55;0.988;4.17;0
6/28/2024;18:21:31;0;greeenland;-0.28;159.8;0.734;8.22;1.81;213.2;107.4;108.9;11.43;1.043;0.1;209.6;-1.48;136;8.69;-108.8;12.549;0.979;4.17;0
6/28/2024;18:21:33;0;greeenland;-0.28;159.8;0.775;8.23;1.82;213.2;107.4;108.9;11.43;1.102;0.1;209.6;-1.48;136;8.69;-108.8;12.549;1.041;4.17;0
6/28/2024;18:21:35;0;greeenland;-0.28;159.8;0.809;8.23;1.82;213.2;107.4;108.9;11.43;1.15;0.1;209.6;-1.48;136;8.69;-108.8;12.549;1.086;4.17;0
6/28/2024;18:21:37;0;greeenland;-0.31;159.7;0.843;8.22;1.82;213.2;107.4;108.9;11.43;1.198;0.1;209.6;-1.5;136;8.69;-108.8;12.549;1.107;4.17;0
6/28/2024;18:21:39;0;greeenland;-0.3;159.7;0.874;8.22;1.81;213.1;107.4;108.8;11.43;1.242;0.1;209.6;-1.51;136;8.69;-108.8;12.549;1.176;4.19;0
6/28/2024;18:21:41;0;greeenland;-0.3;159.7;0.909;8.23;1.82;213.1;107.4;108.8;11.43;1.292;0.1;209.6;-1.51;136;8.69;-108.8;12.549;1.185;4.19;0
6/28/2024;18:21:43;0;greeenland;-0.27;159.7;0.94;8.24;1.82;213.1;107.4;108.8;11.43;1.337;0.1;209.6;-1.51;136;8.69;-108.7;12.549;1.222;4.19;0
6/28/2024;18:21:45;0;greeenland;-0.29;159.7;0.969;8.24;1.82;213.1;107.4;108.8;11.43;1.378;0.1;209.5;-1.51;136;8.69;-108.7;12.55;1.259;4.19;0
6/28/2024;18:21:47;0;greeenland;-0.27;159.7;1;8.24;1.82;213.1;107.4;108.8;11.43;1.422;0.1;209.5;-1.51;136;8.69;-108.7;12.55;1.312;4.19;0
6/28/2024;18:21:49;0;greeenland;-0.26;159.7;1.029;8.24;1.82;213.1;107.4;108.8;11.42;1.463;0.1;209.5;-1.53;136;8.69;-108.7;12.55;1.32;4.19;0
6/28/2024;18:21:51;0;greeenland;-0.26;159.7;1.059;8.23;1.82;213.1;107.4;108.8;11.42;1.506;0.1;209.6;-1.52;136;8.69;-108.8;12.55;1.315;4.19;0
6/28/2024;18:21:53;0;greeenland;-0.27;159.8;1.085;8.22;1.82;213.2;107.4;108.8;11.43;1.542;0.1;209.6;-1.52;136;8.69;-108.8;12.55;1.323;4.19;0
6/28/2024;18:21:55;0;greeenland;-0.28;159.8;1.113;8.22;1.81;213.2;107.4;108.8;11.43;1.582;0.1;209.6;-1.5;136;8.69;-108.8;12.55;1.354;4.19;0
6/28/2024;18:21:57;0;greeenland;-0.3;159.8;1.14;8.23;1.82;213.2;107.4;108.8;11.43;1.621;0.1;209.6;-1.51;136;8.69;-108.8;12.55;1.383;4.19;0
6/28/2024;18:21:59;0;greeenland;-0.31;159.8;1.167;8.23;1.82;213.2;107.4;108.8;11.43;1.659;0.1;209.6;-1.5;136;8.69;-108.8;12.55;1.383;4.21;0
6/28/2024;18:22:01;0;greeenland;-0.31;159.8;1.188;8.24;1.82;213.2;107.4;108.8;11.43;1.689;0.1;209.6;-1.49;136;8.69;-108.8;12.55;1.342;4.21;0
6/28/2024;18:22:03;0;greeenland;-0.3;159.8;1.21;8.24;1.82;213.2;107.4;108.9;11.43;1.721;0.1;209.6;-1.5;136;8.69;-108.8;12.549;1.345;4.21;0
6/28/2024;18:22:05;0;greeenland;-0.31;159.7;1.23;8.23;1.82;213.1;107.4;108.9;11.43;1.749;0.1;209.6;-1.52;136;8.69;-108.8;12.549;1.359;4.21;0
6/28/2024;18:22:07;0;greeenland;-0.28;159.7;1.254;8.22;1.82;213.1;107.4;108.9;11.43;1.782;0.1;209.6;-1.51;136;8.69;-108.8;12.549;1.421;4.21;0
6/28/2024;18:22:09;0;greeenland;-0.28;159.7;1.277;8.21;1.81;213.1;107.4;108.9;11.43;1.815;0.1;209.6;-1.51;136;8.69;-108.8;12.549;1.457;4.21;0
6/28/2024;18:22:11;0;greeenland;-0.26;159.8;1.302;8.2;1.81;213.2;107.4;108.9;11.43;1.851;0.1;209.6;-1.52;136;8.69;-108.8;12.549;1.491;4.21;0
6/28/2024;18:22:13;0;greeenland;-0.28;159.8;1.323;8.21;1.81;213.2;107.4;108.9;11.43;1.882;0.1;209.6;-1.54;136;8.69;-108.8;12.549;1.511;4.21;0
6/28/2024;18:22:15;0;greeenland;-0.29;159.8;1.348;8.21;1.81;213.2;107.4;108.9;11.43;1.916;0.1;209.6;-1.53;136;8.69;-108.8;12.549;1.567;4.21;0
6/28/2024;18:22:17;0;greeenland;-0.28;159.8;1.371;8.21;1.81;213.2;107.4;108.8;11.43;1.949;0.1;209.6;-1.53;136;8.69;-108.7;12.548;1.645;4.21;0
6/28/2024;18:22:19;0;greeenland;-0.3;159.8;1.399;8.21;1.81;213.2;107.4;108.8;11.42;1.989;0.1;209.6;-1.54;136;8.69;-108.7;12.548;1.688;4.22;0
6/28/2024;18:22:21;0;greeenland;-0.29;159.8;1.424;8.21;1.81;213.2;107.4;108.8;11.42;2.024;0.1;209.6;-1.54;136;8.69;-108.7;12.547;1.715;4.22;0
6/28/2024;18:22:23;0;greeenland;-0.29;159.8;1.45;8.22;1.81;213.2;107.4;108.8;11.42;2.062;0.1;209.6;-1.53;136;8.69;-108.7;12.546;1.73;4.22;0
6/28/2024;18:22:25;0;greeenland;-0.27;159.8;1.472;8.22;1.82;213.2;107.4;108.8;11.42;2.093;0.1;209.6;-1.51;136;8.69;-108.6;12.546;1.739;4.22;0
6/28/2024;18:22:27;0;greeenland;-0.28;159.8;1.495;8.24;1.82;213.2;107.3;108.8;11.42;2.126;0.1;209.6;-1.51;136;8.69;-108.6;12.545;1.733;4.22;0
6/28/2024;18:22:29;0;greeenland;-0.29;159.8;1.517;8.24;1.82;213.2;107.3;108.8;11.42;2.157;0.1;209.6;-1.51;136;8.69;-108.6;12.545;1.761;4.23;0
6/28/2024;18:22:31;0;greeenland;-0.29;159.8;1.544;8.25;1.83;213.2;107.3;108.8;11.42;2.195;0.1;209.7;-1.5;136;8.69;-108.6;12.545;1.808;4.23;0
6/28/2024;18:22:33;0;greeenland;-0.27;159.8;1.569;8.25;1.83;213.2;107.3;108.8;11.42;2.231;0.1;209.7;-1.5;136;8.69;-108.6;12.545;1.85;4.23;0
6/28/2024;18:22:35;0;greeenland;-0.27;159.8;1.594;8.25;1.82;213.2;107.3;108.8;11.42;2.266;0.1;209.7;-1.52;136;8.69;-108.6;12.546;1.876;4.23;0
6/28/2024;18:22:37;0;greeenland;-0.27;159.8;1.624;8.26;1.83;213.2;107.3;108.8;11.42;2.309;0.1;209.7;-1.51;136;8.69;-108.6;12.546;1.965;4.23;0
6/28/2024;18:22:39;0;greeenland;-0.28;159.8;1.66;8.26;1.83;213.2;107.3;108.7;11.42;2.361;0.1;209.7;-1.51;136;8.69;-108.6;12.546;1.996;4.23;0
6/28/2024;18:22:41;0;greeenland;-0.26;159.8;1.694;8.24;1.82;213.2;107.3;108.7;11.42;2.408;0.1;209.7;-1.52;136;8.69;-108.6;12.547;2.002;4.23;0
6/28/2024;18:22:43;0;greeenland;-0.25;159.8;1.728;8.24;1.82;213.2;107.3;108.7;11.42;2.456;0.1;209.7;-1.5;136;8.69;-108.6;12.547;2.058;4.23;0
6/28/2024;18:22:45;0;greeenland;-0.26;159.8;1.766;8.23;1.82;213.2;107.3;108.7;11.42;2.511;0.1;209.7;-1.51;136;8.69;-108.6;12.547;2.11;4.23;0
6/28/2024;18:22:47;0;greeenland;-0.26;159.8;1.801;8.23;1.82;213.2;107.3;108.7;11.41;2.561;0.1;209.7;-1.49;136;8.69;-108.6;12.546;2.156;4.23;0
6/28/2024;18:22:49;0;greeenland;-0.26;159.8;1.841;8.22;1.82;213.2;107.3;108.7;11.41;2.617;0.1;209.7;-1.51;136;8.69;-108.6;12.545;2.217;4.23;0
6/28/2024;18:22:51;0;greeenland;-0.25;159.8;1.878;8.23;1.82;213.2;107.3;108.7;11.41;2.671;0.1;209.7;-1.5;136;8.69;-108.6;12.545;2.259;4.23;0
6/28/2024;18:22:53;0;greeenland;-0.26;159.8;1.918;8.22;1.81;213.2;107.3;108.7;11.41;2.727;0.1;209.7;-1.52;136;8.69;-108.6;12.545;2.256;4.23;0
6/28/2024;18:22:55;0;greeenland;-0.28;159.8;1.951;8.22;1.81;213.3;107.2;108.7;11.41;2.774;0.1;209.7;-1.49;136;8.69;-108.6;12.544;2.317;4.23;0
6/28/2024;18:22:57;0;greeenland;-0.29;159.8;1.987;8.22;1.81;213.3;107.2;108.7;11.41;2.825;0.1;209.7;-1.51;136;8.69;-108.5;12.544;2.329;4.23;0
6/28/2024;18:22:59;0;greeenland;-0.3;159.8;2.019;8.22;1.81;213.3;107.2;108.7;11.41;2.87;0.1;209.7;-1.5;136;8.69;-108.5;12.543;2.326;4.22;0
6/28/2024;18:23:01;0;greeenland;-0.29;159.8;2.049;8.22;1.82;213.3;107.2;108.6;11.41;2.913;0.1;209.7;-1.52;136;8.69;-108.5;12.543;2.254;4.22;0
6/28/2024;18:23:03;0;greeenland;-0.3;159.8;2.076;8.23;1.82;213.3;107.2;108.6;11.41;2.952;0.1;209.7;-1.52;136;8.69;-108.4;12.541;2.275;4.22;0
6/28/2024;18:23:05;0;greeenland;-0.28;159.8;2.107;8.24;1.82;213.3;107.2;108.6;11.4;2.996;0.1;209.7;-1.51;136;8.69;-108.4;12.54;2.284;4.22;0
6/28/2024;18:23:07;0;greeenland;-0.29;159.8;2.135;8.24;1.82;213.3;107.2;108.6;11.4;3.035;0.1;209.8;-1.52;136;8.69;-108.3;12.539;2.307;4.22;0
6/28/2024;18:23:09;0;greeenland;-0.27;159.9;2.165;8.25;1.82;213.3;107.1;108.6;11.4;3.078;0.1;209.8;-1.51;136;8.68;-108.3;12.539;2.357;4.22;0
6/28/2024;18:23:11;0;greeenland;-0.3;159.9;2.191;8.24;1.82;213.4;107.1;108.5;11.4;3.116;0.1;209.8;-1.51;136;8.68;-108.2;12.538;2.366;4.22;0
6/28/2024;18:23:13;0;greeenland;-0.3;159.9;2.219;8.26;1.83;213.4;107.1;108.5;11.4;3.155;0.1;209.8;-1.51;136;8.68;-108.2;12.538;2.381;4.22;0
6/28/2024;18:23:15;0;greeenland;-0.31;159.9;2.241;8.25;1.83;213.4;107.1;108.5;11.39;3.187;0.1;209.8;-1.51;136;8.68;-108.1;12.538;2.402;4.22;0
6/28/2024;18:23:17;0;greeenland;-0.31;159.9;2.266;8.25;1.83;213.4;107.1;108.5;11.39;3.221;0.1;209.8;-1.5;136;8.68;-108.1;12.538;2.465;4.22;0
6/28/2024;18:23:19;0;greeenland;-0.29;159.9;2.292;8.26;1.83;213.4;107.1;108.5;11.39;3.259;0.1;209.8;-1.49;136;8.68;-108.1;12.538;2.539;4.23;0
6/28/2024;18:23:21;0;greeenland;-0.29;159.9;2.321;8.26;1.83;213.4;107.1;108.5;11.39;3.3;0.1;209.8;-1.49;136;8.68;-108;12.538;2.567;4.23;0
6/28/2024;18:23:23;0;greeenland;-0.27;159.9;2.345;8.26;1.83;213.4;107.1;108.5;11.39;3.334;0.1;209.8;-1.51;136;8.68;-108;12.538;2.6;4.23;0
6/28/2024;18:23:25;0;greeenland;-0.28;159.9;2.369;8.27;1.83;213.4;107.1;108.5;11.39;3.368;0.1;209.8;-1.51;136;8.68;-108;12.538;2.632;4.23;0
6/28/2024;18:23:27;0;greeenland;-0.26;159.9;2.394;8.27;1.83;213.4;107;108.5;11.39;3.404;0.1;209.8;-1.54;136;8.68;-108;12.537;2.688;4.23;0
6/28/2024;18:23:29;0;greeenland;-0.28;159.9;2.421;8.27;1.83;213.4;107;108.5;11.39;3.442;0.1;209.8;-1.56;136;8.68;-108;12.537;2.741;4.23;0
6/28/2024;18:23:31;0;greeenland;-0.27;159.9;2.446;8.27;1.83;213.4;107;108.4;11.39;3.478;0.1;209.8;-1.56;136;8.68;-108;12.537;2.779;4.23;0
6/28/2024;18:23:33;0;greeenland;-0.28;159.9;2.472;8.27;1.83;213.4;107;108.4;11.38;3.515;0.1;209.8;-1.55;136;8.68;-107.9;12.536;2.818;4.23;0
6/28/2024;18:23:35;0;greeenland;-0.29;159.9;2.5;8.27;1.83;213.4;107;108.4;11.38;3.555;0.1;209.8;-1.53;136;8.68;-107.9;12.536;2.852;4.23;0
6/28/2024;18:23:37;0;greeenland;-0.28;159.9;2.528;8.28;1.84;213.4;107;108.4;11.38;3.595;0.1;209.8;-1.54;136;8.68;-107.9;12.535;2.903;4.23;0
6/28/2024;18:23:39;0;greeenland;-0.28;159.9;2.565;8.29;1.84;213.4;106.9;108.4;11.38;3.646;0.1;209.8;-1.57;136;8.68;-107.9;12.534;2.936;4.23;0
6/28/2024;18:23:41;0;greeenland;-0.29;159.9;2.6;8.3;1.84;213.4;106.9;108.3;11.38;3.697;0.1;209.9;-1.56;136;8.68;-107.8;12.531;2.977;4.23;0
6/28/2024;18:23:43;0;greeenland;-0.29;159.9;2.64;8.32;1.85;213.5;106.9;108.3;11.38;3.754;0.1;209.9;-1.55;136;8.67;-107.6;12.526;3.042;4.23;0
6/28/2024;18:23:45;0;greeenland;-0.28;159.9;2.68;8.34;1.85;213.5;106.9;108.3;11.37;3.81;0.1;210;-1.52;136;8.67;-107.3;12.517;3.096;4.23;0
6/28/2024;18:23:47;0;greeenland;-0.29;159.9;2.723;8.37;1.87;213.6;106.8;108.2;11.37;3.871;0.1;210.1;-1.51;137;8.66;-106.9;12.506;3.123;4.23;0
6/28/2024;18:23:49;0;greeenland;-0.28;160;2.762;8.41;1.88;213.7;106.7;108.1;11.36;3.927;0.1;210.2;-1.5;137;8.65;-106.5;12.493;3.153;4.23;0
6/28/2024;18:23:51;0;greeenland;-0.27;160;2.807;8.45;1.89;213.8;106.6;108;11.35;3.991;0.1;210.3;-1.51;137;8.64;-105.9;12.48;3.213;4.23;0
6/28/2024;18:23:53;0;greeenland;-0.26;160;2.85;8.48;1.9;214;106.4;107.8;11.34;4.053;0.1;210.4;-1.53;137;8.63;-105.3;12.469;3.256;4.23;0
6/28/2024;18:23:55;0;greeenland;-0.28;160.1;2.897;8.52;1.92;214.1;106.2;107.7;11.32;4.119;0.1;210.5;-1.54;137;8.62;-104.8;12.459;3.308;4.23;0
6/28/2024;18:23:57;0;greeenland;-0.27;160.1;2.937;8.56;1.93;214.2;106;107.5;11.3;4.177;0.1;210.6;-1.51;137;8.61;-104.2;12.451;3.337;4.23;0
6/28/2024;18:23:59;0;greeenland;-0.27;160.2;2.982;8.61;1.94;214.3;105.8;107.2;11.28;4.24;0.1;210.7;-1.51;137;8.6;-103.5;12.446;3.376;4.23;0
6/28/2024;18:24:01;0;greeenland;-0.26;160.2;3.023;8.66;1.96;214.4;105.6;107;11.26;4.298;0.1;210.8;-1.5;137;8.59;-102.9;12.44;3.408;4.23;0
6/28/2024;18:24:03;0;greeenland;-0.26;160.3;3.067;8.69;1.97;214.5;105.4;106.8;11.24;4.361;0.1;210.9;-1.51;137;8.58;-102.2;12.432;3.435;4.23;0
6/28/2024;18:24:05;0;greeenland;-0.22;160.3;3.107;8.74;1.99;214.5;105.2;106.6;11.23;4.417;0.1;210.9;-1.51;137;8.57;-101.6;12.423;3.485;4.23;0
6/28/2024;18:24:07;0;greeenland;-0.19;160.3;3.15;8.78;2;214.6;105.1;106.5;11.21;4.479;0.1;211;-1.48;137;8.56;-101.1;12.411;3.535;4.23;0
6/28/2024;18:24:09;0;greeenland;-0.19;160.2;3.191;8.82;2.02;214.7;104.9;106.3;11.19;4.537;0.1;211;-1.47;137;8.55;-100.7;12.398;3.602;4.23;0
6/28/2024;18:24:11;0;greeenland;-0.17;160.2;3.235;8.87;2.03;214.7;104.7;106.1;11.18;4.6;0.1;211.1;-1.48;137;8.55;-100.4;12.385;3.589;4.23;0
6/28/2024;18:24:13;0;greeenland;-0.18;160.2;3.274;8.91;2.05;214.7;104.5;105.9;11.16;4.655;0.1;211.1;-1.5;137;8.54;-100.1;12.371;3.623;4.23;0
6/28/2024;18:24:15;0;greeenland;-0.18;160.1;3.317;8.97;2.06;214.7;104.4;105.8;11.15;4.716;0.1;211.1;-1.49;137;8.54;-100;12.359;3.684;4.23;0
6/28/2024;18:24:17;0;greeenland;-0.2;160.1;3.356;9.01;2.08;214.7;104.3;105.7;11.14;4.772;0.1;211.1;-1.5;137;8.54;-99.8;12.348;3.73;4.23;0
6/28/2024;18:24:19;0;greeenland;-0.2;160;3.401;9.05;2.09;214.7;104.2;105.6;11.14;4.835;0.1;211.1;-1.49;137;8.53;-99.7;12.339;3.784;4.25;0
6/28/2024;18:24:21;0;greeenland;-0.18;160;3.44;9.08;2.1;214.7;104.1;105.5;11.13;4.891;0.1;211.1;-1.48;137;8.53;-99.6;12.333;3.813;4.25;0
6/28/2024;18:24:23;0;greeenland;-0.2;160;3.483;9.11;2.11;214.7;104.1;105.5;11.13;4.952;0.1;211.1;-1.49;137;8.53;-99.5;12.326;3.876;4.25;0
6/28/2024;18:24:25;0;greeenland;-0.18;160;3.522;9.13;2.12;214.7;104.1;105.5;11.13;5.007;0.1;211.1;-1.5;137;8.53;-99.4;12.321;3.89;4.25;0
6/28/2024;18:24:27;0;greeenland;-0.18;160;3.56;9.15;2.13;214.7;104.1;105.5;11.13;5.061;0.1;211.1;-1.49;137;8.53;-99.3;12.318;3.918;4.25;0
6/28/2024;18:24:29;0;greeenland;-0.16;160;3.6;9.17;2.13;214.7;104.1;105.5;11.13;5.119;0.1;211.1;-1.49;137;8.53;-99.3;12.315;3.936;4.25;0
6/28/2024;18:24:31;0;greeenland;-0.14;160;3.636;9.2;2.14;214.7;104.1;105.4;11.13;5.169;0.1;211.1;-1.47;137;8.53;-99.2;12.314;3.953;4.25;0
6/28/2024;18:24:33;0;greeenland;-0.12;160;3.676;9.21;2.15;214.8;104;105.4;11.13;5.226;0.1;211.2;-1.46;137;8.52;-99.1;12.313;4.059;4.25;0
6/28/2024;18:24:35;0;greeenland;-0.13;160;3.714;9.22;2.15;214.8;104;105.4;11.12;5.281;0.1;211.2;-1.45;137;8.52;-98.9;12.312;4.122;4.25;0
6/28/2024;18:24:37;0;greeenland;-0.14;160;3.759;9.24;2.15;214.8;104;105.3;11.12;5.344;0.1;211.2;-1.42;137;8.52;-98.7;12.312;4.181;4.25;0
6/28/2024;18:24:39;0;greeenland;-0.13;160;3.8;9.27;2.16;214.8;103.9;105.3;11.11;5.403;0.1;211.2;-1.44;137;8.51;-98.5;12.31;4.224;4.24;0
6/28/2024;18:24:41;0;greeenland;-0.14;160;3.845;9.31;2.18;214.9;103.8;105.2;11.11;5.468;0.1;211.3;-1.45;137;8.51;-98.3;12.307;4.259;4.24;0
6/28/2024;18:24:43;0;greeenland;-0.18;160.1;3.886;9.35;2.19;214.9;103.8;105.1;11.1;5.526;0.1;211.3;-1.45;137;8.51;-98.1;12.303;4.299;4.24;0
6/28/2024;18:24:45;0;greeenland;-0.2;160.1;3.932;9.4;2.21;215;103.7;105.1;11.09;5.591;0.1;211.3;-1.46;137;8.5;-97.9;12.296;4.382;4.24;0
6/28/2024;18:24:47;0;greeenland;-0.19;160;3.974;9.44;2.22;215;103.6;105;11.09;5.65;0.1;211.4;-1.47;137;8.5;-97.7;12.29;4.401;4.24;0
6/28/2024;18:24:49;0;greeenland;-0.18;160;4.02;9.5;2.24;215;103.6;104.9;11.08;5.716;0.1;211.4;-1.48;137;8.5;-97.5;12.279;4.448;4.23;0
6/28/2024;18:24:51;0;greeenland;-0.18;160;4.063;9.55;2.26;215;103.5;104.9;11.08;5.777;0.1;211.4;-1.48;137;8.49;-97.3;12.267;4.483;4.23;0
6/28/2024;18:24:53;0;greeenland;-0.18;160;4.11;9.61;2.28;215;103.4;104.8;11.07;5.844;0.1;211.4;-1.47;137;8.49;-97.1;12.255;4.531;4.23;0
6/28/2024;18:24:55;0;greeenland;-0.13;159.9;4.152;9.66;2.3;215.1;103.4;104.8;11.07;5.904;0.1;211.4;-1.48;137;8.49;-96.9;12.245;4.567;4.23;0
6/28/2024;18:24:57;0;greeenland;-0.11;159.9;4.198;9.71;2.31;215.1;103.3;104.7;11.07;5.969;0.1;211.5;-1.49;137;8.48;-96.7;12.238;4.617;4.23;0
6/28/2024;18:24:59;0;greeenland;-0.11;159.9;4.24;9.76;2.33;215.1;103.3;104.7;11.07;6.029;0.1;211.5;-1.48;137;8.48;-96.6;12.232;4.641;4.23;0
6/28/2024;18:25:01;0;greeenland;-0.13;159.9;4.283;9.79;2.34;215.1;103.3;104.6;11.06;6.089;0.1;211.5;-1.48;137;8.48;-96.5;12.226;4.617;4.23;0
6/28/2024;18:25:03;0;greeenland;-0.09;159.9;4.321;9.81;2.34;215.1;103.2;104.6;11.06;6.144;0.1;211.5;-1.44;137;8.48;-96.4;12.224;4.658;4.23;0
6/28/2024;18:25:05;0;greeenland;-0.07;159.9;4.365;9.83;2.35;215.1;103.2;104.6;11.06;6.206;0.1;211.5;-1.44;137;8.47;-96.2;12.222;4.718;4.23;0
6/28/2024;18:25:07;0;greeenland;-0.08;159.9;4.405;9.86;2.36;215.1;103.2;104.6;11.06;6.263;0.1;211.5;-1.42;137;8.47;-96.1;12.22;4.745;4.23;0
6/28/2024;18:25:09;0;greeenland;-0.07;159.9;4.445;9.88;2.37;215.1;103.1;104.5;11.06;6.321;0.1;211.5;-1.42;137;8.47;-96;12.216;4.761;4.22;0
6/28/2024;18:25:11;0;greeenland;-0.07;159.9;4.487;9.9;2.37;215.2;103.1;104.5;11.05;6.379;0.1;211.5;-1.42;137;8.47;-95.9;12.212;4.783;4.22;0
6/28/2024;18:25:13;0;greeenland;-0.11;159.8;4.521;9.91;2.38;215.2;103.1;104.4;11.05;6.428;0.1;211.5;-1.43;137;8.47;-95.8;12.207;4.793;4.22;0
6/28/2024;18:25:15;0;greeenland;-0.08;159.8;4.556;9.93;2.38;215.2;103;104.4;11.05;6.478;0.1;211.6;-1.43;138;8.47;-95.8;12.2;4.807;4.22;0
6/28/2024;18:25:17;0;greeenland;-0.13;159.8;4.586;9.94;2.39;215.2;103;104.4;11.05;6.52;0.1;211.6;-1.44;138;8.46;-95.7;12.195;4.823;4.22;0
6/28/2024;18:25:19;0;greeenland;-0.09;159.8;4.619;9.95;2.39;215.2;103;104.4;11.04;6.568;0.1;211.6;-1.42;138;8.46;-95.6;12.191;4.875;4.2;0
6/28/2024;18:25:21;0;greeenland;-0.11;159.8;4.65;9.96;2.4;215.2;103;104.3;11.04;6.612;0.1;211.6;-1.44;138;8.46;-95.6;12.186;4.915;4.2;0
6/28/2024;18:25:23;0;greeenland;-0.12;159.8;4.682;10;2.41;215.2;102.9;104.3;11.04;6.657;0.1;211.6;-1.45;138;8.46;-95.6;12.181;4.96;4.2;0
6/28/2024;18:25:25;0;greeenland;-0.13;159.8;4.712;10.03;2.42;215.3;102.9;104.3;11.04;6.7;0.1;211.6;-1.44;138;8.46;-95.5;12.17;5.009;4.2;0
6/28/2024;18:25:27;0;greeenland;-0.15;159.7;4.745;10.08;2.43;215.3;102.9;104.2;11.04;6.747;0.1;211.6;-1.44;138;8.46;-95.4;12.162;5.044;4.2;0
6/28/2024;18:25:29;0;greeenland;-0.18;159.7;4.775;10.15;2.46;215.3;102.8;104.2;11.04;6.789;0.1;211.6;-1.43;138;8.46;-95.4;12.153;5.069;4.19;0
6/28/2024;18:25:31;0;greeenland;-0.18;159.7;4.807;10.26;2.5;215.3;102.7;104.1;11.03;6.835;0.1;211.7;-1.45;138;8.46;-95.2;12.131;5.132;4.19;0
6/28/2024;18:25:33;0;greeenland;-0.2;159.6;4.838;10.4;2.54;215.4;102.6;104;11.02;6.879;0.1;211.8;-1.43;138;8.45;-95.1;12.095;5.191;4.19;0
6/28/2024;18:25:35;0;greeenland;-0.2;159.5;4.872;10.55;2.59;215.5;102.4;103.8;11.01;6.927;0.1;211.9;-1.44;138;8.45;-94.8;12.058;5.227;4.19;0
6/28/2024;18:25:37;0;greeenland;-0.17;159.4;4.904;10.7;2.64;215.6;102.2;103.6;11;6.972;0.1;212;-1.46;138;8.44;-94.5;12.022;5.275;4.19;0
6/28/2024;18:25:39;0;greeenland;-0.16;159.3;4.941;10.87;2.7;215.7;102;103.4;10.99;7.025;0.1;212.1;-1.45;138;8.44;-94;11.977;5.314;4.17;0
6/28/2024;18:25:41;0;greeenland;-0.14;159.2;4.976;11.03;2.75;215.9;101.8;103.1;10.98;7.075;0.1;212.3;-1.46;138;8.43;-93.5;11.924;5.34;4.17;0
6/28/2024;18:25:43;0;greeenland;-0.16;159.1;5.013;11.17;2.8;216.1;101.5;102.9;10.96;7.128;0.1;212.4;-1.47;138;8.42;-93;11.872;5.38;4.17;0
6/28/2024;18:25:45;0;greeenland;-0.15;159;5.047;11.32;2.85;216.2;101.3;102.7;10.95;7.177;0.1;212.5;-1.48;138;8.41;-92.4;11.831;5.438;4.17;0
6/28/2024;18:25:47;0;greeenland;-0.16;159;5.087;11.48;2.9;216.3;101.1;102.5;10.94;7.233;0.1;212.6;-1.48;138;8.4;-91.8;11.791;5.485;4.17;0
6/28/2024;18:25:49;0;greeenland;-0.16;158.9;5.125;11.66;2.96;216.4;100.9;102.3;10.93;7.288;0.1;212.7;-1.48;138;8.38;-91.1;11.744;5.548;4.16;0
6/28/2024;18:25:51;0;greeenland;-0.12;158.8;5.168;11.79;3;216.6;100.7;102;10.91;7.349;0.1;212.9;-1.49;138;8.37;-90.5;11.698;5.582;4.16;0
6/28/2024;18:25:53;0;greeenland;-0.11;158.7;5.21;11.93;3.05;216.6;100.4;101.7;10.89;7.408;0.1;212.9;-1.49;138;8.36;-89.8;11.664;5.629;4.16;0
6/28/2024;18:25:55;0;greeenland;-0.08;158.6;5.252;12.08;3.1;216.7;100.1;101.4;10.87;7.469;0.1;213;-1.48;138;8.35;-89.2;11.63;5.67;4.16;0
6/28/2024;18:25:57;0;greeenland;-0.06;158.5;5.299;12.23;3.15;216.8;99.8;101.1;10.84;7.535;0.1;213.1;-1.49;138;8.34;-88.6;11.605;5.712;4.16;0
6/28/2024;18:25:59;0;greeenland;-0.07;158.5;5.341;12.39;3.21;216.8;99.5;100.8;10.82;7.594;0.1;213.1;-1.47;139;8.33;-88;11.581;5.748;4.16;0
6/28/2024;18:26:01;0;greeenland;-0.09;158.4;5.387;12.57;3.26;216.8;99.2;100.5;10.79;7.66;0.1;213.1;-1.47;139;8.32;-87.4;11.553;5.785;4.16;0
6/28/2024;18:26:03;0;greeenland;-0.09;158.3;5.427;12.73;3.32;216.8;98.9;100.2;10.76;7.717;0.1;213.1;-1.46;139;8.31;-86.9;11.534;5.792;4.16;0
6/28/2024;18:26:05;0;greeenland;-0.08;158.2;5.473;12.84;3.35;216.8;98.6;99.9;10.74;7.782;0.1;213.1;-1.47;139;8.3;-86.3;11.513;5.896;4.16;0
6/28/2024;18:26:07;0;greeenland;-0.09;158.1;5.516;12.89;3.37;216.8;98.3;99.6;10.71;7.844;0.1;213.1;-1.46;138;8.29;-85.8;11.491;5.948;4.16;0
6/28/2024;18:26:09;0;greeenland;-0.08;158;5.565;12.94;3.39;216.8;98;99.4;10.69;7.914;0.1;213.1;-1.45;139;8.28;-85.3;11.469;6.009;4.16;0
6/28/2024;18:26:11;0;greeenland;-0.07;157.9;5.607;12.97;3.4;216.8;97.8;99.1;10.67;7.973;0.1;213.1;-1.44;139;8.28;-84.9;11.446;5.998;4.16;0
6/28/2024;18:26:13;0;greeenland;-0.06;157.9;5.65;12.98;3.4;216.9;97.6;98.9;10.65;8.034;0.1;213.1;-1.44;139;8.27;-84.5;11.428;5.998;4.16;0
6/28/2024;18:26:15;0;greeenland;-0.07;157.8;5.687;12.97;3.4;216.9;97.4;98.7;10.63;8.088;0.1;213.2;-1.42;139;8.26;-84.1;11.41;6.002;4.16;0
6/28/2024;18:26:17;0;greeenland;-0.06;157.8;5.727;12.95;3.39;217;97.3;98.6;10.62;8.144;0.1;213.2;-1.41;139;8.26;-83.7;11.393;6.01;4.16;0
6/28/2024;18:26:19;0;greeenland;-0.06;157.8;5.762;12.92;3.38;217;97.2;98.5;10.61;8.193;0.1;213.3;-1.42;139;8.25;-83.4;11.377;6.011;4.16;0
6/28/2024;18:26:21;0;greeenland;-0.05;157.7;5.796;12.87;3.37;217;97.1;98.4;10.61;8.241;0.1;213.3;-1.43;139;8.25;-83.2;11.361;5.965;4.16;0
6/28/2024;18:26:23;0;greeenland;-0.05;157.7;5.818;12.83;3.35;217;97;98.3;10.61;8.273;0.1;213.3;-1.43;139;8.24;-83.1;11.351;5.871;4.16;0
6/28/2024;18:26:25;0;greeenland;-0.06;157.7;5.83;12.85;3.36;217;97;98.3;10.6;8.29;0.1;213.3;-1.45;139;8.24;-83;11.349;5.583;4.16;0
6/28/2024;18:26:27;0;greeenland;-0.1;157.7;5.051;12.82;3.35;216.9;97;98.3;10.6;7.182;0.1;213.2;-1.45;139;8.24;-82.9;11.368;5.141;4.16;0
6/28/2024;18:26:29;0;greeenland;-0.12;157.7;4.874;12.75;3.32;216.7;97.1;98.4;10.61;6.931;0.1;213;-1.46;138;8.24;-83;11.415;4.961;4.17;0
6/28/2024;18:26:31;0;greeenland;-0.14;157.8;4.619;12.62;3.28;216.5;97.3;98.6;10.62;6.568;0.1;212.8;-1.46;138;8.25;-83.2;11.48;4.491;4.17;0
6/28/2024;18:26:33;0;greeenland;-0.15;158.1;4.327;12.35;3.19;216.2;97.7;99;10.64;6.152;0.1;212.5;-1.46;138;8.37;-90.3;11.598;4.237;4.17;0
6/28/2024;18:26:35;0;greeenland;-0.17;158.4;4.246;12.06;3.09;215.9;98.2;99.5;10.66;6.037;0.1;212.2;-1.46;138;8.41;-92.5;11.735;3.893;4.17;0
6/28/2024;18:26:37;0;greeenland;-0.16;158.7;4.025;11.69;2.97;215.6;98.9;100.2;10.7;5.723;0.1;211.9;-1.49;138;8.43;-93.5;11.874;3.429;4.17;0
6/28/2024;18:26:39;0;greeenland;-0.19;159.1;3.888;11.34;2.85;215.3;99.6;100.9;10.74;5.528;0.1;211.6;-1.46;138;8.44;-94.5;12.012;3.3;4.17;0
6/28/2024;18:26:41;0;greeenland;-0.2;159.4;2.619;10.93;2.72;215;100.3;101.6;10.78;3.724;0.1;211.4;-1.48;137;8.46;-95.2;12.139;2.689;4.17;0
6/28/2024;18:26:43;0;greeenland;-0.23;159.7;2.643;10.5;2.57;214.8;101;102.3;10.83;3.757;0.1;211.2;-1.47;137;8.47;-96.2;12.253;2.562;4.17;0
6/28/2024;18:26:45;0;greeenland;-0.22;159.9;2.245;10.04;2.42;214.5;101.6;103;10.87;3.192;0.1;210.9;-1.45;137;8.61;-103.7;12.337;1.958;4.17;0
6/28/2024;18:26:47;0;greeenland;-0.24;159.9;2.046;9.61;2.28;214.2;102.2;103.6;10.92;2.91;0.1;210.6;-1.46;137;8.65;-106.3;12.391;1.825;4.17;0
6/28/2024;18:26:49;0;greeenland;-0.26;159.9;1.186;9.23;2.15;214;102.8;104.2;10.97;1.687;0.1;210.4;-1.45;137;8.66;-106.7;12.438;1.279;4.17;0
6/28/2024;18:26:51;0;greeenland;-0.26;159.8;1.123;8.99;2.07;213.7;103.4;104.7;11.02;1.597;0.1;210.1;-1.46;137;8.66;-107.1;12.476;1.148;4.17;0
6/28/2024;18:26:53;0;greeenland;-0.27;159.8;0.644;8.8;2.01;213.4;103.9;105.3;11.07;0.916;0.1;209.9;-1.47;136;8.67;-107.4;12.505;0.541;4.17;0
6/28/2024;18:26:55;0;greeenland;-0.29;159.7;0.36;8.66;1.96;213.3;104.5;105.9;11.12;0.512;0.1;209.7;-1.47;136;8.67;-107.7;12.523;0.309;4.17;0
6/28/2024;18:26:57;0;greeenland;-0.3;159.7;0.285;8.55;1.93;213.1;105;106.4;11.17;0.406;0.1;209.6;-1.47;136;8.68;-107.9;12.537;0.063;4.17;0
6/28/2024;18:26:59;0;greeenland;-0.32;13.8;0.163;8.41;1.88;18.4;105.4;106.8;11.22;0.232;0.01;18.1;-1.41;12;8.68;-107.9;12.537;-0.127;4.35;0
6/28/2024;18:27:01;0;greeenland;-0.29;6.9;0.086;8.22;1.82;9.2;105.6;107.1;11.25;0.122;0;9;-1.16;6;8.43;-94.1;12.497;-0.131;4.35;0
6/28/2024;18:27:03;0;greeenland;-0.24;6.2;0.044;8.06;1.76;8.3;105.6;107;11.26;0.063;0;8.1;-0.81;5;8.39;-91.4;12.424;-0.133;4.35;0
6/28/2024;18:27:05;0;greeenland;-0.18;6;0.014;7.91;1.71;8.1;105.2;106.6;11.25;0.02;0;7.9;-0.47;5;8.41;-92.7;12.324;-0.13;4.35;0
6/28/2024;18:27:07;0;greeenland;-0.13;6.5;-0.006;7.79;1.67;8.7;101.8;103.1;10.9;-0.009;0;8.5;-0.13;6;8.4;-91.9;12.214;-0.133;4.35;0
6/28/2024;18:27:09;0;greeenland;-0.08;7.7;-0.023;7.66;1.63;10.4;102;103.4;10.96;-0.032;0;10.2;0.2;7;8.55;-100.5;12.093;-0.135;4.42;0
6/28/2024;18:27:11;0;greeenland;-0.05;7.3;-0.034;7.52;1.58;9.8;102;103.3;10.98;-0.048;0;9.7;0.56;6;8.53;-99.4;11.987;-0.129;4.42;0
6/28/2024;18:27:13;0;greeenland;-0.04;6.9;-0.046;7.39;1.54;9.3;101.9;103.2;10.99;-0.065;0;9.2;0.89;6;8.54;-99.7;11.912;-0.132;4.42;0
6/28/2024;18:27:15;0;greeenland;-0.02;6.6;-0.054;7.25;1.49;8.9;101.8;103.2;11;-0.077;0;8.8;1.23;6;8.54;-99.9;11.866;-0.13;4.42;0
6/28/2024;18:27:17;0;greeenland;-0.03;6.4;-0.06;7.12;1.45;8.7;101.7;103.1;11;-0.085;0;8.5;1.48;6;8.54;-99.9;11.849;-0.132;4.42;0
6/28/2024;18:27:19;0;greeenland;-0.01;6.2;-0.064;7.12;1.45;8.4;101.6;103;10.99;-0.091;0;8.3;1.57;5;8.54;-100.1;11.844;-0.128;4.23;0
6/28/2024;18:27:21;0;greeenland;-0.03;5.2;-0.069;7.13;1.45;7;101.6;102.9;10.99;-0.098;0;6.9;1.56;4;8.54;-100.1;11.854;-0.136;4.23;0
6/28/2024;18:27:23;0;greeenland;-0.04;4.8;-0.073;7.14;1.45;6.5;101.5;102.9;10.98;-0.104;0;6.4;1.56;4;8.55;-100.4;11.87;-0.126;4.23;0
6/28/2024;18:27:25;0;greeenland;-0.04;4.7;-0.077;7.15;1.46;6.3;101.4;102.8;10.96;-0.109;0;6.2;1.57;4;8.55;-100.4;11.875;-0.133;4.23;0
6/28/2024;18:27:27;0;greeenland;-0.05;4.6;-0.08;7.15;1.46;6.2;101.3;102.7;10.95;-0.114;0;6.1;1.57;4;8.54;-100.1;11.873;-0.131;4.23;0
6/28/2024;18:27:29;0;greeenland;-0.05;4.5;-0.083;7.14;1.45;6.2;101.2;102.6;10.94;-0.118;0;6;1.55;4;8.54;-99.8;11.867;-0.132;4.25;0
6/28/2024;18:27:31;0;greeenland;-0.04;4.5;-0.095;7.14;1.45;6.1;101.1;102.5;10.93;-0.135;0;6;1.55;4;8.54;-99.7;11.868;-0.132;4.25;0
6/28/2024;18:27:33;0;greeenland;-0.03;4.4;-0.118;7.14;1.46;6;101.1;102.4;10.92;-0.167;0;5.9;1.55;4;8.53;-99.4;11.874;-0.131;4.25;0
6/28/2024;18:27:35;0;greeenland;-0.04;4.4;-0.132;7.15;1.46;6;101;102.3;10.91;-0.188;0;5.9;1.55;4;8.53;-99.2;11.871;-0.133;4.25;0
6/28/2024;18:27:37;0;greeenland;-0.03;4.4;-0.132;7.14;1.46;6;100.9;102.3;10.91;-0.188;0;5.9;1.54;4;8.52;-98.9;11.866;-0.133;4.25;0
6/28/2024;18:27:39;0;greeenland;-0.05;4.4;-0.132;7.14;1.46;5.9;100.9;102.2;10.91;-0.188;0;5.8;1.52;4;8.52;-98.8;11.864;-0.132;4.26;0
6/28/2024;18:27:41;0;greeenland;-0.02;4.4;-0.132;7.15;1.46;5.9;100.9;102.2;10.91;-0.188;0;5.8;1.5;4;8.52;-98.7;11.872;-0.132;4.26;0
6/28/2024;18:27:43;0;greeenland;-0.01;4.3;-0.132;7.15;1.46;5.9;100.9;102.2;10.9;-0.188;0;5.8;1.49;4;8.52;-98.5;11.883;-0.131;4.26;0
6/28/2024;18:27:45;0;greeenland;0;4.3;-0.132;7.13;1.45;5.9;100.8;102.2;10.9;-0.188;0;5.8;1.48;4;8.51;-98.4;11.887;-0.133;4.26;0
6/28/2024;18:27:47;0;greeenland;-0.01;4.3;-0.132;7.13;1.45;5.9;100.8;102.2;10.9;-0.187;0;5.8;1.48;4;8.51;-98.1;11.89;-0.13;4.26;0
6/28/2024;18:27:49;0;greeenland;-0.02;4.3;-0.132;7.12;1.45;5.9;100.8;102.2;10.89;-0.188;0;5.8;1.49;4;8.51;-98.3;11.895;-0.133;4.25;0
6/28/2024;18:27:51;0;greeenland;-0.03;4.3;-0.132;7.12;1.45;5.8;100.8;102.1;10.89;-0.187;0;5.7;1.48;4;8.51;-98.4;11.899;-0.129;4.25;0
6/28/2024;18:27:53;0;greeenland;-0.04;4.3;-0.132;7.12;1.45;5.8;100.8;102.1;10.88;-0.187;0;5.7;1.49;4;8.52;-98.5;11.903;-0.133;4.25;0
6/28/2024;18:27:55;0;greeenland;-0.05;4.2;-0.132;7.12;1.45;5.8;100.7;102.1;10.88;-0.187;0;5.7;1.49;4;8.52;-98.8;11.905;-0.133;4.25;0
6/28/2024;18:27:57;0;greeenland;-0.05;4.2;-0.132;7.13;1.45;5.7;100.7;102;10.88;-0.187;0;5.6;1.5;4;8.52;-98.8;11.903;-0.126;4.25;0
6/28/2024;18:27:59;0;greeenland;-0.04;4.2;-0.132;7.13;1.45;5.6;100.6;102;10.87;-0.187;0;5.6;1.48;4;8.52;-98.8;11.895;-0.135;4.25;0
6/28/2024;18:28:01;0;greeenland;-0.04;4.1;-0.132;7.12;1.45;5.6;100.6;101.9;10.87;-0.187;0;5.5;1.5;4;8.52;-98.8;11.883;-0.127;4.25;0
6/28/2024;18:28:03;0;greeenland;-0.04;4.1;-0.132;7.13;1.45;5.6;100.5;101.9;10.86;-0.188;0;5.5;1.49;4;8.52;-98.7;11.866;-0.135;4.25;0
6/28/2024;18:28:05;0;greeenland;-0.06;4.1;-0.132;7.14;1.45;5.5;100.5;101.8;10.87;-0.188;0;5.4;1.51;4;8.52;-98.7;11.853;-0.127;4.25;0
6/28/2024;18:28:07;0;greeenland;-0.07;4;-0.132;7.15;1.46;5.5;100.5;101.8;10.87;-0.188;0;5.4;1.5;4;8.52;-98.6;11.84;-0.134;4.25;0
6/28/2024;18:28:09;0;greeenland;-0.05;4;-0.132;7.16;1.46;5.5;100.5;101.8;10.87;-0.188;0;5.4;1.49;3;8.52;-98.7;11.834;-0.127;4.26;0
6/28/2024;18:28:11;0;greeenland;-0.05;4;-0.132;7.15;1.46;5.5;100.5;101.9;10.88;-0.188;0;5.4;1.49;3;8.52;-98.8;11.836;-0.132;4.26;0
6/28/2024;18:28:13;0;greeenland;-0.04;4;-0.132;7.14;1.46;5.5;100.6;101.9;10.88;-0.187;0;5.4;1.5;3;8.52;-98.8;11.842;-0.131;4.26;0
6/28/2024;18:28:15;0;greeenland;-0.02;4;-0.132;7.13;1.45;5.4;100.6;101.9;10.88;-0.187;0;5.3;1.51;3;8.52;-98.7;11.85;-0.132;4.26;0
6/28/2024;18:28:17;0;greeenland;-0.03;4;-0.131;7.12;1.45;5.4;100.6;102;10.88;-0.187;0;5.3;1.51;3;8.52;-98.7;11.86;-0.126;4.26;0
6/28/2024;18:28:19;0;greeenland;-0.04;4;-0.132;7.12;1.45;5.4;100.6;102;10.88;-0.187;0;5.3;1.52;3;8.52;-98.7;11.869;-0.132;4.26;0
6/28/2024;18:28:21;0;greeenland;-0.06;3.9;-0.132;7.11;1.44;5.3;100.6;102;10.88;-0.187;0;5.3;1.53;3;8.52;-98.7;11.874;-0.132;4.26;0
6/28/2024;18:28:23;0;greeenland;-0.05;3.9;-0.132;7.1;1.44;5.3;100.6;101.9;10.87;-0.187;0;5.2;1.53;3;8.52;-98.7;11.868;-0.131;4.26;0
6/28/2024;18:28:25;0;greeenland;-0.07;3.9;-0.132;7.1;1.44;5.3;100.6;101.9;10.87;-0.187;0;5.2;1.53;3;8.52;-98.7;11.858;-0.132;4.26;0
6/28/2024;18:28:27;0;greeenland;-0.06;3.9;-0.132;7.09;1.44;5.3;100.5;101.8;10.87;-0.187;0;5.2;1.54;3;8.51;-98.4;11.842;-0.132;4.26;0
6/28/2024;18:28:29;0;greeenland;-0.07;3.9;-0.132;7.09;1.44;5.3;100.5;101.8;10.87;-0.188;0;5.2;1.57;3;8.51;-98.3;11.818;-0.133;4.27;0
6/28/2024;18:28:31;0;greeenland;-0.07;3.9;-0.132;7.1;1.44;5.3;100.4;101.8;10.87;-0.188;0;5.2;1.56;3;8.51;-98.1;11.793;-0.133;4.27;0
6/28/2024;18:28:33;0;greeenland;-0.08;3.9;-0.132;7.1;1.44;5.3;100.4;101.7;10.87;-0.188;0;5.2;1.56;3;8.5;-97.8;11.764;-0.133;4.27;0
6/28/2024;18:28:35;0;greeenland;-0.08;3.8;-0.132;7.11;1.44;5.2;100.4;101.7;10.88;-0.188;0;5.1;1.54;3;8.5;-97.8;11.748;-0.133;4.27;0
6/28/2024;18:28:37;0;greeenland;-0.08;3.8;-0.132;7.11;1.44;5.2;100.4;101.7;10.88;-0.188;0;5.1;1.54;3;8.5;-97.7;11.732;-0.131;4.27;0
6/28/2024;18:28:39;0;greeenland;-0.07;3.8;-0.132;7.11;1.45;5.2;100.4;101.7;10.89;-0.188;0;5.1;1.53;3;8.5;-97.5;11.714;-0.133;4.27;0
6/28/2024;18:28:41;0;greeenland;-0.05;3.8;-0.132;7.12;1.45;5.2;100.4;101.7;10.89;-0.187;0;5.1;1.52;3;8.49;-97.1;11.703;-0.13;4.27;0
6/28/2024;18:28:43;0;greeenland;-0.04;3.8;-0.132;7.11;1.45;5.2;100.4;101.7;10.9;-0.188;0;5.1;1.51;3;8.49;-97;11.694;-0.134;4.27;0
6/28/2024;18:28:45;0;greeenland;-0.04;3.8;-0.132;7.12;1.45;5.2;100.4;101.8;10.9;-0.187;0;5.1;1.51;3;8.49;-97;11.682;-0.133;4.27;0
6/28/2024;18:28:47;0;greeenland;-0.04;3.8;-0.132;7.11;1.44;5.2;100.4;101.8;10.9;-0.188;0;5.1;1.48;3;8.49;-97.2;11.67;-0.128;4.27;0
6/28/2024;18:28:49;0;greeenland;-0.03;3.8;-0.132;7.11;1.44;5.2;100.4;101.8;10.91;-0.188;0;5.1;1.49;3;8.5;-97.5;11.662;-0.135;4.27;0
6/28/2024;18:28:51;0;greeenland;-0.03;3.8;-0.132;7.1;1.44;5.2;100.5;101.8;10.91;-0.188;0;5.1;1.5;3;8.5;-97.8;11.662;-0.129;4.27;0
6/28/2024;18:28:53;0;greeenland;-0.05;3.8;-0.132;7.11;1.44;5.2;100.5;101.8;10.91;-0.188;0;5.1;1.52;3;8.51;-97.9;11.66;-0.135;4.27;0
6/28/2024;18:28:55;0;greeenland;-0.06;3.8;-0.132;7.11;1.44;5.2;100.5;101.9;10.92;-0.188;0;5.1;1.5;3;8.51;-98;11.665;-0.127;4.27;0
6/28/2024;18:28:57;0;greeenland;-0.05;3.8;-0.132;7.11;1.44;5.2;100.5;101.8;10.92;-0.188;0;5.1;1.51;3;8.5;-97.7;11.658;-0.136;4.27;0
6/28/2024;18:28:59;0;greeenland;-0.04;3.8;-0.132;7.11;1.44;5.2;100.5;101.8;10.92;-0.188;0;5.1;1.5;3;8.5;-97.6;11.656;-0.129;4.27;0
6/28/2024;18:29:01;0;greeenland;-0.05;3.8;-0.132;7.11;1.44;5.2;100.5;101.8;10.92;-0.188;0;5.1;1.5;3;8.5;-97.8;11.646;-0.132;4.27;0
6/28/2024;18:29:03;0;greeenland;-0.02;3.8;-0.133;7.11;1.44;5.1;100.5;101.8;10.92;-0.189;0;5.1;1.51;3;8.51;-98.1;11.628;-0.133;4.27;0
6/28/2024;18:29:05;0;greeenland;-0.06;3.7;-0.133;7.1;1.44;5.1;100.5;101.9;10.93;-0.189;0;5;1.52;3;8.51;-98.3;11.613;-0.133;4.27;0
6/28/2024;18:29:07;0;greeenland;-0.05;3.7;-0.133;7.1;1.44;5.1;100.5;101.8;10.93;-0.189;0;5;1.54;3;8.51;-98.3;11.595;-0.131;4.27;0
6/28/2024;18:29:09;0;greeenland;-0.06;3.7;-0.133;7.1;1.44;5.1;100.5;101.9;10.94;-0.189;0;5;1.52;3;8.51;-98.3;11.582;-0.133;4.26;0
6/28/2024;18:29:11;0;greeenland;-0.07;3.7;-0.133;7.09;1.44;5;100.5;101.9;10.94;-0.188;0;4.9;1.47;3;8.51;-98;11.573;-0.131;4.26;0
6/28/2024;18:29:13;0;greeenland;-0.07;3.8;-0.133;7.1;1.44;5.2;100.6;101.9;10.94;-0.188;0;5.1;1.47;3;8.5;-97.8;11.56;-0.132;4.26;0
6/28/2024;18:29:15;0;greeenland;-0.08;3.8;-0.133;7.1;1.44;5.2;100.5;101.9;10.95;-0.189;0;5.1;1.48;3;8.5;-97.7;11.547;-0.132;4.26;0
6/28/2024;18:29:17;0;greeenland;-0.06;3.9;-0.133;7.12;1.45;5.3;100.5;101.9;10.95;-0.188;0;5.2;1.47;3;8.5;-97.8;11.537;-0.133;4.26;0
6/28/2024;18:29:19;0;greeenland;-0.06;3.9;-0.133;7.11;1.44;5.3;100.5;101.9;10.95;-0.189;0;5.2;1.49;3;8.51;-98.1;11.533;-0.133;4.23;0
