KorEXO MEASUREMENT DATA FILE EXPORT;;;;;;;;;;;;;;;;;;;;;;;;;
;;;;;;;;;;;;;;;;;;;;;;;;;
FILE CREATED:;07.03.2022 21:09;;;;;;;;;;;;;;;;;;;;;;;;
;;;;;;;;;;;;;;;;;;;;;;;;;
;;;MEAN VALUE:;0.77;0.26;-0.1;0.286;4.06;1.27;-0.1;107;108.5;10.58;0.406;0;-0.1;3.08;3.08;0;NA;68.2;15.959;0.286;4.94;0
;;;STANDARD DEVIATION:;0.1;0.3;0;0;0.11;0.04;0;0.3;0.3;0.03;0.001;0;0;0.11;0.11;0;0.81;42.5;0.135;0;0.01;0
;;;;;;;;;;;;;;;;;;;;;;;;;
;;;SENSOR SERIAL NUMBER:;20D103574;20D103574;15M102904;15C104792;16L101039;16L101039;15M102904;15D102217;15D102217;15D102217;15C104792;15M102904;15M102904;20D103574;20D103574;15M102904;15E101239;15E101239;15M102904;15C104792;15D102261;15D102261
Date (MM/DD/YYYY);Time (HH:MM:SS);Time (Fract. Sec);Site Name;Chlorophyll RFU;Chlorophyll ug/L;Cond µS/cm;Depth m;fDOM QSU;fDOM RFU;nLF Cond µS/cm;ODO % sat;ODO % local;ODO mg/L;Pressure psi a;Sal psu;SpCond µS/cm;BGA PC RFU;BGA PC ug/L;TDS mg/L;pH;pH mV;Temp °C;Vertical Position m;Battery V;Cable Pwr V
07.01.2022;09:29:08;0;greeenland;0.76;0.26;0;0.285;3.89;1.21;-0.1;106.7;108.2;10.59;0.406;0;-0.1;3.15;3.15;0;5.41;85.5;15.73;0.286;4.96;0
07.01.2022;09:29:10;0;greeenland;0.84;0.49;-0.1;0.285;4.03;1.26;-0.1;106.8;108.2;10.6;0.405;0;-0.1;3.15;3.15;0;5.54;79.3;15.724;0.285;4.95;0
07.01.2022;09:29:12;0;greeenland;0.85;0.53;0;0.286;3.92;1.22;0;106.9;108.3;10.61;0.407;0;0;3.05;3.05;0;5.65;73.3;15.748;0.286;4.95;0
07.01.2022;09:29:14;0;greeenland;0.78;0.3;0;0.286;4.13;1.29;-0.1;107.1;108.5;10.62;0.406;0;-0.1;3.13;3.13;0;5.83;63.8;15.796;0.286;4.95;0
07.01.2022;09:29:16;0;greeenland;0.85;0.52;0;0.286;4.06;1.27;-0.1;106.8;108.2;10.59;0.406;0;-0.1;3.15;3.15;0;5.72;69.6;15.792;0.285;4.95;0
07.01.2022;09:29:18;0;greeenland;0.72;0.13;-0.1;0.286;4.02;1.25;-0.1;106.9;108.3;10.6;0.406;0;-0.1;2.9;2.9;0;5.77;66.9;15.782;0.286;4.95;0
07.01.2022;09:29:20;0;greeenland;0.68;0.01;0;0.285;4.01;1.25;-0.1;106.9;108.4;10.6;0.406;0;-0.1;3.19;3.19;0;5.81;64.7;15.8;0.285;4.95;0
07.01.2022;09:29:22;0;greeenland;0.79;0.34;0;0.286;4.22;1.32;-0.1;107.1;108.5;10.62;0.406;0;-0.1;3.2;3.2;0;5.78;66.5;15.808;0.286;4.95;0
07.01.2022;09:29:24;0;greeenland;0.7;0.05;-0.1;0.286;4.06;1.27;-0.1;107.1;108.5;10.61;0.406;0;-0.1;3.12;3.12;0;5.51;80.4;15.825;0.286;4.95;0
07.01.2022;09:29:26;0;greeenland;0.84;0.49;0;0.285;4.17;1.3;-0.1;107.1;108.5;10.61;0.405;0;-0.1;3.1;3.1;0;5.51;80.6;15.826;0.285;4.95;0
07.01.2022;09:29:28;0;greeenland;0.81;0.4;0;0.285;4.1;1.28;0;106.8;108.2;10.58;0.405;0;0;3.26;3.26;0;5.46;83.1;15.814;0.286;4.95;0
07.01.2022;09:29:30;0;greeenland;0.72;0.1;-0.1;0.285;4.2;1.32;-0.1;107;108.4;10.6;0.406;0;-0.1;3.06;3.06;0;5.61;75.6;15.85;0.285;4.95;0
07.01.2022;09:29:32;0;greeenland;0.78;0.31;-0.1;0.285;4.1;1.28;-0.1;107;108.4;10.59;0.405;0;-0.1;3.24;3.24;0;5.52;80;15.83;0.285;4.95;0
07.01.2022;09:29:34;0;greeenland;0.71;0.09;-0.1;0.285;4.16;1.3;-0.1;107;108.4;10.6;0.405;0;-0.1;3.01;3.01;0;5.49;81.5;15.865;0.285;4.95;0
07.01.2022;09:29:36;0;greeenland;0.76;0.24;-0.1;0.285;4.16;1.3;-0.1;107;108.4;10.59;0.404;0;-0.1;3.1;3.1;0;5.43;85;15.857;0.285;4.95;0
07.01.2022;09:29:38;0;greeenland;0.78;0.31;-0.1;0.285;4.02;1.25;-0.1;107;108.4;10.59;0.405;0;-0.1;3.18;3.18;0;5.65;73.4;15.873;0.285;4.95;0
07.01.2022;09:29:40;0;greeenland;0.8;0.37;-0.1;0.286;4.15;1.3;-0.1;107.2;108.7;10.61;0.407;0;-0.1;3.14;3.14;0;5.67;72.2;15.903;0.286;4.94;0
07.01.2022;09:29:42;0;greeenland;0.77;0.27;-0.1;0.285;4.24;1.33;-0.1;107.2;108.6;10.6;0.405;0;-0.1;3.04;3.04;0;5.46;83.3;15.936;0.285;4.94;0
07.01.2022;09:29:44;0;greeenland;0.77;0.27;0;0.285;4.1;1.28;-0.1;107;108.5;10.58;0.405;0;-0.1;3.11;3.11;0;5.45;83.6;15.95;0.286;4.94;0
07.01.2022;09:29:46;0;greeenland;0.69;0.04;-0.1;0.286;3.92;1.22;-0.1;107.2;108.7;10.59;0.406;0;-0.1;3.19;3.19;0;5.61;75.3;15.957;0.286;4.94;0
07.01.2022;09:29:48;0;greeenland;0.74;0.18;-0.1;0.286;4.04;1.26;-0.1;107;108.5;10.57;0.406;0;-0.1;3.31;3.31;0;5.44;84.3;15.948;0.286;4.94;0
07.01.2022;09:29:50;0;greeenland;0.69;0.04;-0.1;0.285;4.03;1.26;-0.1;107.2;108.6;10.59;0.405;0;-0.1;3.27;3.27;0;5.54;78.9;15.978;0.286;4.93;0
07.01.2022;09:29:52;0;greeenland;0.77;0.28;-0.1;0.286;4.17;1.3;-0.1;107.2;108.6;10.58;0.406;0;-0.1;3.08;3.08;0;5.51;80.9;15.99;0.286;4.93;0
07.01.2022;09:29:54;0;greeenland;0.71;0.1;0;0.285;3.91;1.22;-0.1;106.8;108.2;10.55;0.405;0;-0.1;3.2;3.2;0;5.53;79.6;15.932;0.286;4.93;0
07.01.2022;09:29:56;0;greeenland;0.79;0.35;0;0.286;3.99;1.24;-0.1;106.9;108.4;10.57;0.406;0;-0.1;2.92;2.92;0;5.53;79.8;15.951;0.286;4.93;0
07.01.2022;09:29:58;0;greeenland;0.73;0.14;-0.1;0.286;4.04;1.26;-0.1;107.2;108.6;10.59;0.406;0;-0.1;3.12;3.12;0;5.77;67;15.971;0.286;4.93;0
07.01.2022;09:30:00;0;greeenland;0.76;0.25;0;0.286;3.82;1.19;-0.1;107.2;108.6;10.59;0.406;0;-0.1;3.05;3.05;0;5.4;86.6;15.981;0.286;4.94;0
07.01.2022;09:30:02;0;greeenland;0.68;-0.02;-0.1;0.285;3.93;1.23;-0.1;107.1;108.6;10.58;0.405;0;-0.1;3.07;3.07;0;5.33;89.9;16.011;0.285;4.94;0
07.01.2022;09:30:04;0;greeenland;0.67;-0.04;-0.1;0.286;4.25;1.33;-0.1;107.1;108.5;10.57;0.406;0;-0.1;3.15;3.15;0;5.63;74.2;16.034;0.285;4.94;0
07.01.2022;09:30:06;0;greeenland;0.72;0.11;-0.1;0.285;4.11;1.29;-0.1;107.1;108.5;10.56;0.405;0;-0.1;3.1;3.1;0;5.44;84.3;16.041;0.285;4.94;0
07.01.2022;09:30:08;0;greeenland;0.71;0.09;-0.1;0.286;4.04;1.26;-0.1;107.2;108.6;10.57;0.406;0;-0.1;2.97;2.97;0;5.62;74.7;16.064;0.286;4.94;0
07.01.2022;09:30:10;0;greeenland;0.86;0.56;-0.1;0.285;4.05;1.26;-0.1;107.1;108.6;10.56;0.405;0;-0.1;3.18;3.18;0;5.73;69.4;16.087;0.286;4.94;0
07.01.2022;09:30:12;0;greeenland;0.71;0.07;-0.1;0.285;4.06;1.27;-0.1;107.2;108.6;10.56;0.405;0;-0.1;2.98;2.98;0;5.45;83.8;16.094;0.286;4.94;0
07.01.2022;09:30:14;0;greeenland;0.78;0.3;-0.1;0.286;4.12;1.29;-0.1;107.3;108.7;10.57;0.407;0;-0.1;3.06;3.06;0;5.51;80.5;16.097;0.286;4.94;0
07.01.2022;09:30:16;0;greeenland;0.74;0.19;0;0.285;4.27;1.34;-0.1;107.4;108.8;10.57;0.405;0;-0.1;3.06;3.06;0;5.66;72.6;16.128;0.286;4.94;0
07.01.2022;09:30:18;0;greeenland;0.7;0.04;-0.1;0.286;3.88;1.21;-0.1;107.2;108.6;10.55;0.406;0;-0.1;2.97;2.97;0;5.73;69.4;16.135;0.286;4.94;0
07.01.2022;09:30:20;0;greeenland;0.78;0.31;-0.1;0.286;4.13;1.29;-0.1;107.3;108.7;10.56;0.406;0;-0.1;2.97;2.97;0;5.56;78.1;16.136;0.285;4.94;0
07.01.2022;09:30:22;0;greeenland;0.73;0.15;-0.1;0.286;3.98;1.24;-0.1;107.1;108.6;10.55;0.406;0;-0.1;2.97;2.97;0;5.58;76.9;16.1;0.286;4.94;0
07.01.2022;09:30:24;0;greeenland;0.66;-0.08;0;0.286;4.14;1.3;-0.1;107.2;108.6;10.56;0.406;0;-0.1;3.04;3.04;0;5.54;79.1;16.087;0.286;4.94;0
07.01.2022;09:30:26;0;greeenland;0.75;0.21;-0.1;0.286;3.86;1.2;-0.1;107.4;108.8;10.58;0.406;0;-0.1;2.89;2.89;0;5.71;70.1;16.135;0.286;4.94;0
07.01.2022;09:30:28;0;greeenland;0.83;0.45;-0.1;0.286;4.09;1.28;-0.1;107.2;108.7;10.55;0.406;0;-0.1;2.93;2.93;0;5.7;70.9;16.156;0.286;4.94;0
07.01.2022;09:30:30;0;greeenland;0.8;0.36;-0.1;0.286;4.07;1.27;-0.1;107.2;108.6;10.55;0.406;0;-0.1;2.92;2.92;0;5.53;79.4;16.148;0.285;4.94;0
07.01.2022;09:30:32;0;greeenland;0.72;0.1;-0.1;0.286;4.06;1.27;-0.1;107.3;108.7;10.56;0.406;0;-0.1;2.89;2.89;0;5.37;88.1;16.172;0.286;4.94;0
07.01.2022;09:30:34;0;greeenland;1.3;1.95;-0.1;0.286;3.99;1.24;-0.1;107.1;108.5;10.53;0.407;0;-0.1;3.13;3.13;0;9.8;-143.6;16.196;0.287;4.94;0
07.01.2022;09:30:36;0;greeenland;0.73;0.15;-0.1;0.285;4.07;1.27;-0.1;105.6;107;10.4;0.404;0;-0.1;3.08;3.08;0;9.12;-108;15.929;0.284;4.94;0
07.01.2022;09:31:11;0;greeenland;0.7;0.06;-0.1;0.29;-7.28;-2.51;-0.1;109.3;110.7;10.48;0.412;0;-0.1;3.02;3.02;0;5.51;80.9;17.418;0.29;4.87;0
07.01.2022;09:31:12;0;greeenland;0.69;0.04;-0.1;0.29;-7.28;-2.51;-0.1;109.1;110.6;10.46;0.412;0;-0.1;2.96;2.96;0;5.48;82.8;17.478;0.29;4.87;0
07.01.2022;09:31:14;0;greeenland;0.72;0.11;0;0.29;-7.28;-2.51;-0.1;109.1;110.5;10.42;0.412;0;-0.1;2.84;2.84;0;5.42;85.7;17.589;0.29;4.87;0
07.01.2022;09:31:16;0;greeenland;0.7;0.04;0;0.29;-7.29;-2.52;-0.1;109.1;110.6;10.41;0.412;0;0;3;3;0;5.44;85;17.692;0.29;4.87;0
07.01.2022;09:31:18;0;greeenland;0.73;0.14;-0.1;0.29;-7.29;-2.52;-0.1;109.1;110.6;10.39;0.412;0;-0.1;3.01;3.01;0;5.46;84;17.792;0.29;4.87;0
07.01.2022;09:31:20;0;greeenland;0.72;0.11;-0.1;0.29;-7.29;-2.52;-0.1;109.1;110.5;10.36;0.412;0;-0.1;2.91;2.91;0;5.46;84;17.887;0.29;4.87;0
07.01.2022;09:31:22;0;greeenland;0.69;0.03;-0.1;0.29;-7.3;-2.52;-0.1;109.1;110.6;10.34;0.412;0;-0.1;2.92;2.92;0;5.48;82.5;17.996;0.289;4.87;0
07.01.2022;09:31:24;0;greeenland;0.74;0.17;-0.1;0.289;-7.31;-2.52;-0.1;109.2;110.6;10.33;0.411;0;-0.1;2.92;2.92;0;5.46;84;18.086;0.289;4.87;0
07.01.2022;09:31:26;0;greeenland;0.69;0.01;-0.1;0.289;-7.31;-2.52;-0.1;109.1;110.6;10.3;0.41;0;-0.1;2.94;2.94;0;5.5;81.6;18.168;0.289;4.88;0
07.01.2022;09:31:28;0;greeenland;0.68;-0.01;0;0.289;-7.31;-2.52;0;109.2;110.7;10.3;0.411;0;0;2.93;2.93;0;5.57;77.9;18.281;0.289;4.88;0
07.01.2022;09:31:30;0;greeenland;0.67;-0.03;0;0.289;-7.31;-2.52;0;109.2;110.7;10.27;0.41;0;0;3.04;3.04;0;5.58;77.8;18.377;0.289;4.88;0
07.01.2022;09:31:32;0;greeenland;0.74;0.17;-0.1;0.29;-7.32;-2.53;-0.1;109.4;110.9;10.28;0.412;0;-0.1;2.95;2.95;0;5.57;78.1;18.474;0.29;4.88;0
07.01.2022;09:31:34;0;greeenland;0.73;0.16;0;0.289;-7.32;-2.53;0;109.4;110.9;10.24;0.411;0;0;2.96;2.96;0;5.61;76;18.59;0.289;4.88;0
07.01.2022;09:31:36;0;greeenland;0.72;0.12;0;0.289;-7.32;-2.53;0;109.5;110.9;10.23;0.411;0;0;3.04;3.04;0;5.63;74.9;18.677;0.289;4.89;0
07.01.2022;09:31:38;0;greeenland;0.71;0.09;-0.1;0.289;-7.33;-2.53;-0.1;109.4;110.9;10.21;0.41;0;-0.1;3.04;3.04;0;5.66;73.6;18.777;0.289;4.89;0
07.01.2022;09:31:40;0;greeenland;0.75;0.22;0;0.288;-7.34;-2.53;-0.1;109.5;110.9;10.19;0.41;0;-0.1;2.9;2.9;0;5.66;73.6;18.874;0.289;4.89;0
07.01.2022;09:31:42;0;greeenland;0.72;0.11;0;0.289;-7.34;-2.53;-0.1;109.6;111.1;10.18;0.411;0;-0.1;2.96;2.96;0;5.68;72.5;18.995;0.288;4.89;0
07.01.2022;09:31:44;0;greeenland;0.7;0.05;-0.1;0.289;-7.34;-2.53;-0.1;109.6;111;10.16;0.41;0;-0.1;2.93;2.93;0;5.6;76.8;19.106;0.289;4.89;0
07.01.2022;09:31:46;0;greeenland;0.77;0.27;0;0.288;-7.34;-2.53;0;109.7;111.1;10.14;0.409;0;0;2.99;2.99;0;5.57;78.4;19.193;0.288;4.89;0
07.01.2022;09:31:48;0;greeenland;0.74;0.19;-0.1;0.289;-7.35;-2.54;-0.1;109.8;111.2;10.13;0.41;0;-0.1;2.9;2.9;0;5.58;77.9;19.292;0.289;4.89;0
07.01.2022;09:31:50;0;greeenland;0.71;0.1;-0.1;0.288;-7.36;-2.54;-0.1;109.9;111.4;10.13;0.409;0;-0.1;3.01;3.01;0;5.54;80.1;19.4;0.288;4.89;0
07.01.2022;09:31:52;0;greeenland;0.73;0.16;-0.1;0.289;-7.36;-2.54;-0.1;110.2;111.6;10.12;0.41;0;-0.1;2.95;2.95;0;5.55;79.2;19.53;0.289;4.89;0
07.01.2022;09:31:54;0;greeenland;0.7;0.05;-0.1;0.289;-7.37;-2.54;-0.1;110.3;111.7;10.11;0.41;0;-0.1;2.99;2.99;0;5.59;77.1;19.635;0.289;4.89;0
07.01.2022;09:31:56;0;greeenland;0.73;0.14;-0.1;0.288;-7.37;-2.54;-0.1;110.4;111.9;10.1;0.409;0;-0.1;2.95;2.95;0;5.64;75;19.769;0.289;4.28;0
07.01.2022;09:31:58;0;greeenland;0.74;0.17;-0.1;0.288;-7.37;-2.54;-0.1;110.5;112;10.08;0.409;0;-0.1;2.92;2.92;0;5.66;73.8;19.891;0.288;4.28;0
07.01.2022;09:32:00;0;greeenland;0.69;0.03;-0.1;0.288;-7.38;-2.55;-0.1;110.7;112.1;10.07;0.409;0;-0.1;3.05;3.05;0;5.68;72.7;20.038;0.288;4.28;0
07.01.2022;09:32:02;0;greeenland;0.72;0.11;-0.1;0.288;-7.39;-2.55;-0.1;110.7;112.2;10.04;0.409;0;-0.1;2.93;2.93;0;5.7;71.9;20.207;0.288;4.28;0
07.01.2022;09:32:04;0;greeenland;0.69;0.03;-0.1;0.288;-7.4;-2.55;-0.1;110.6;112;10.01;0.409;0;-0.1;3.04;3.04;0;5.71;71.2;20.271;0.288;4.28;0
07.01.2022;09:32:06;0;greeenland;0.66;-0.07;-0.1;0.288;-7.4;-2.55;-0.1;110.6;112.1;10;0.409;0;-0.1;3.08;3.08;0;5.7;71.8;20.346;0.288;4.67;0
07.01.2022;09:32:08;0;greeenland;0.71;0.1;-0.1;0.288;-7.4;-2.55;-0.1;110.6;112.1;9.98;0.409;0;-0.1;3;3;0;5.71;71;20.494;0.289;4.67;0
07.01.2022;09:32:10;0;greeenland;0.74;0.19;-0.1;0.289;-7.41;-2.56;-0.1;110.6;112.1;9.95;0.41;0;-0.1;3.01;3.01;0;5.66;74.1;20.597;0.289;4.67;0
07.01.2022;09:32:12;0;greeenland;0.71;0.09;-0.1;0.288;-7.41;-2.56;-0.1;110.5;112;9.92;0.408;0;-0.1;3.07;3.07;0;5.64;74.9;20.758;0.288;4.67;0
07.01.2022;09:32:14;0;greeenland;0.72;0.13;-0.1;0.288;-7.42;-2.56;-0.1;110.4;111.8;9.88;0.409;0;-0.1;2.98;2.98;0;5.64;74.9;20.847;0.288;4.67;0
07.01.2022;09:32:16;0;greeenland;0.69;0.03;-0.1;0.289;-7.42;-2.56;-0.1;110.3;111.8;9.85;0.41;0;-0.1;2.99;2.99;0;5.67;73.4;20.961;0.289;4.71;0
07.01.2022;09:32:18;0;greeenland;0.72;0.11;-0.1;0.289;-7.43;-2.56;-0.1;110.2;111.6;9.82;0.41;0;-0.1;3.08;3.08;0;5.69;72.5;21.06;0.289;4.71;0
07.01.2022;09:32:20;0;greeenland;0.78;0.29;-0.1;0.289;-7.43;-2.56;-0.1;110.1;111.5;9.79;0.409;0;-0.1;2.97;2.97;0;5.68;72.9;21.164;0.289;4.71;0
07.01.2022;09:32:22;0;greeenland;0.69;0.03;-0.1;0.288;-7.44;-2.57;-0.1;110.1;111.6;9.78;0.409;0;-0.1;3.09;3.09;0;5.67;73.6;21.227;0.288;4.71;0
07.01.2022;09:32:24;0;greeenland;0.71;0.08;-0.1;0.289;-7.44;-2.56;-0.1;110;111.5;9.76;0.41;0;-0.1;2.92;2.92;0;5.66;73.9;21.293;0.288;4.71;0
07.01.2022;09:32:26;0;greeenland;0.73;0.15;-0.1;0.289;-7.44;-2.57;-0.1;110;111.5;9.75;0.41;0;-0.1;2.98;2.98;0;5.68;73.3;21.326;0.289;4.68;0
07.01.2022;09:32:28;0;greeenland;0.73;0.13;-0.1;0.289;-7.44;-2.57;-0.1;109.9;111.4;9.73;0.41;0;-0.1;2.92;2.92;0;5.69;72.4;21.391;0.289;4.68;0
07.01.2022;09:32:30;0;greeenland;0.75;0.21;-0.1;0.289;-7.45;-2.57;-0.1;109.8;111.3;9.7;0.411;0;-0.1;3.08;3.08;0;5.71;71.4;21.502;0.29;4.68;0
07.01.2022;09:32:32;0;greeenland;0.68;-0.01;-0.1;0.289;-7.45;-2.57;-0.1;109.5;110.9;9.66;0.41;0;-0.1;2.93;2.93;0;5.7;71.8;21.528;0.288;4.68;0
07.01.2022;09:32:34;0;greeenland;0.69;0.01;-0.1;0.288;-7.45;-2.57;-0.1;109.4;110.8;9.64;0.409;0;-0.1;3.02;3.02;0;5.71;71.3;21.613;0.289;4.68;0
07.01.2022;09:32:36;0;greeenland;0.75;0.21;-0.1;0.289;-7.45;-2.57;-0.1;109.2;110.7;9.62;0.41;0;-0.1;3.01;3.01;0;5.7;71.9;21.671;0.289;4.57;0
07.01.2022;09:32:38;0;greeenland;0.71;0.07;-0.1;0.289;-7.46;-2.57;-0.1;108.8;110.3;9.57;0.41;0;-0.1;3.04;3.04;0;5.71;71.3;21.714;0.289;4.57;0
07.01.2022;09:32:40;0;greeenland;0.75;0.22;0;0.289;-7.46;-2.57;0;108.4;109.8;9.53;0.41;0;0;3.06;3.06;0;5.73;70.4;21.725;0.289;4.57;0
07.01.2022;09:32:42;0;greeenland;0.72;0.11;0;0.289;-7.46;-2.57;-0.1;108.2;109.7;9.52;0.41;0;-0.1;2.97;2.97;0;5.74;70;21.73;0.289;4.57;0
07.01.2022;09:32:44;0;greeenland;0.67;-0.03;0;0.289;-7.46;-2.57;-0.1;108.1;109.6;9.5;0.411;0;-0.1;3.02;3.02;0;5.73;70.3;21.747;0.29;4.57;0
07.01.2022;09:32:46;0;greeenland;0.7;0.05;0;0.289;-7.46;-2.57;-0.1;108.1;109.6;9.5;0.41;0;-0.1;3.12;3.12;0;5.73;70.6;21.761;0.289;4.69;0
07.01.2022;09:32:48;0;greeenland;0.76;0.23;0;0.289;-7.46;-2.57;-0.1;108;109.4;9.49;0.41;0;-0.1;3.08;3.08;0;5.73;70.7;21.784;0.289;4.69;0
07.01.2022;09:32:50;0;greeenland;0.71;0.07;-0.1;0.289;-7.46;-2.57;-0.1;108.1;109.5;9.49;0.41;0;-0.1;3.06;3.06;0;5.68;73;21.802;0.289;4.69;0
07.01.2022;09:32:52;0;greeenland;0.69;0.04;-0.1;0.29;-7.47;-2.57;-0.1;108.1;109.6;9.49;0.411;0;-0.1;2.95;2.95;0;5.69;72.9;21.799;0.288;4.69;0
07.01.2022;09:32:54;0;greeenland;0.7;0.06;-0.1;0.289;-7.46;-2.57;-0.1;108.2;109.7;9.5;0.41;0;-0.1;2.99;2.99;0;5.68;73.2;21.793;0.289;4.69;0
07.01.2022;09:32:56;0;greeenland;0.69;0.04;-0.1;0.289;-7.46;-2.57;-0.1;108.4;109.8;9.52;0.411;0;-0.1;3.03;3.03;0;5.69;72.6;21.786;0.289;4.74;0
07.01.2022;09:32:58;0;greeenland;0.7;0.06;-0.1;0.29;-7.46;-2.57;-0.1;108.5;110;9.52;0.411;0;-0.1;3.05;3.05;0;5.9;61.5;21.83;0.289;4.74;0
07.01.2022;09:33:00;0;greeenland;0.64;-0.13;0;0.29;-7.46;-2.57;-0.1;108.8;110.2;9.55;0.411;0;-0.1;2.96;2.96;0;5.67;73.5;21.778;0.29;4.74;0
07.01.2022;09:33:02;0;greeenland;0.74;0.19;-0.1;0.289;-7.46;-2.57;-0.1;109;110.4;9.57;0.41;0;-0.1;2.98;2.98;0;5.61;77;21.768;0.289;4.74;0
07.01.2022;09:33:04;0;greeenland;0.68;-0.01;-0.1;0.288;-7.46;-2.57;-0.1;109.1;110.6;9.58;0.409;0;-0.1;2.88;2.88;0;5.59;77.7;21.85;0.288;4.74;0
07.01.2022;09:33:06;0;greeenland;0.67;-0.03;-0.1;0.289;-7.46;-2.57;-0.1;109.2;110.7;9.57;0.411;0;-0.1;2.94;2.94;0;5.61;77.2;21.916;0.289;4.76;0
07.01.2022;09:33:08;0;greeenland;0.72;0.11;0;0.289;-7.47;-2.58;0;109.3;110.8;9.57;0.41;0;0;3.03;3.03;0;5.62;76.6;21.995;0.289;4.76;0
07.01.2022;09:33:10;0;greeenland;0.68;-0.01;0;0.29;-7.48;-2.58;0;109.5;110.9;9.56;0.411;0;0;3.01;3.01;0;5.63;76;22.074;0.29;4.76;0
07.01.2022;09:33:12;0;greeenland;0.76;0.25;0;0.289;-7.48;-2.58;0;109.4;110.9;9.55;0.41;0;0;2.97;2.97;0;5.64;75.4;22.118;0.289;4.76;0
07.01.2022;09:33:14;0;greeenland;0.71;0.08;0;0.289;-7.48;-2.58;0;109.1;110.5;9.52;0.41;0;0;3.03;3.03;0;5.65;75.1;22.115;0.289;4.76;0
07.01.2022;09:33:16;0;greeenland;0.71;0.09;0;0.289;-7.48;-2.58;0;109;110.4;9.5;0.41;0;0;2.97;2.97;0;5.65;74.6;22.177;0.289;4.68;0
07.01.2022;09:33:18;0;greeenland;0.71;0.1;0;0.289;-7.48;-2.58;0;108.7;110.1;9.47;0.41;0;0;3.03;3.03;0;5.66;74.6;22.2;0.289;4.68;0
07.01.2022;09:33:20;0;greeenland;0.71;0.09;0;0.289;-7.48;-2.58;0;108.6;110;9.45;0.41;0;0;3;3;0;5.65;74.7;22.227;0.289;4.68;0
07.01.2022;09:33:22;0;greeenland;0.76;0.23;-0.1;0.29;-7.48;-2.58;-0.1;108.3;109.8;9.43;0.411;0;-0.1;3.04;3.04;0;5.65;74.7;22.239;0.29;4.68;0
07.01.2022;09:33:24;0;greeenland;0.69;0.02;0;0.289;-7.48;-2.58;0;108.4;109.8;9.43;0.411;0;0;3.04;3.04;0;5.65;75;22.262;0.289;4.68;0
07.01.2022;09:33:26;0;greeenland;0.66;-0.07;-0.1;0.289;-7.49;-2.58;-0.1;108.5;109.9;9.43;0.41;0;-0.1;3.06;3.06;0;5.66;74.3;22.283;0.289;4.67;0
07.01.2022;09:33:28;0;greeenland;0.7;0.05;-0.1;0.29;-7.48;-2.58;-0.1;108.4;109.8;9.42;0.411;0;-0.1;2.94;2.94;0;5.65;74.9;22.279;0.29;4.67;0
07.01.2022;09:33:30;0;greeenland;0.72;0.11;-0.1;0.289;-7.49;-2.58;-0.1;108.5;109.9;9.43;0.411;0;-0.1;2.99;2.99;0;5.65;74.9;22.275;0.289;4.67;0
07.01.2022;09:33:32;0;greeenland;0.72;0.13;0;0.289;-7.48;-2.58;0;108.4;109.8;9.42;0.41;0;0;2.98;2.98;0;5.64;75.5;22.263;0.288;4.67;0
07.01.2022;09:33:34;0;greeenland;0.71;0.1;0;0.289;-7.48;-2.58;0;108.6;110;9.45;0.41;0;0;3.03;3.03;0;5.65;74.6;22.246;0.289;4.67;0
07.01.2022;09:33:36;0;greeenland;0.67;-0.04;-0.1;0.289;-7.48;-2.58;-0.1;109;110.4;9.48;0.41;0;-0.1;3.01;3.01;0;5.64;75.2;22.296;0.289;4.59;0
07.01.2022;09:33:38;0;greeenland;0.74;0.2;0;0.289;-7.49;-2.58;-0.1;109.3;110.7;9.49;0.41;0;-0.1;3.13;3.13;0;5.64;75.6;22.389;0.289;4.59;0
07.01.2022;09:33:40;0;greeenland;0.73;0.16;-0.1;0.289;-7.48;-2.58;-0.1;109.4;110.9;9.49;0.41;0;-0.1;2.99;2.99;0;5.66;74.4;22.386;0.29;4.59;0
07.01.2022;09:33:42;0;greeenland;0.71;0.09;0;0.29;-7.49;-2.58;0;109.9;111.4;9.55;0.411;0;0;3.08;3.08;0;5.62;76.3;22.409;0.29;4.59;0
07.01.2022;09:33:44;0;greeenland;0.76;0.26;0;0.289;-7.49;-2.58;-0.1;110.1;111.6;9.55;0.41;0;-0.1;2.99;2.99;0;5.63;76.1;22.451;0.289;4.59;0
07.01.2022;09:33:46;0;greeenland;0.68;-0.01;-0.1;0.289;-7.49;-2.58;-0.1;110.3;111.8;9.55;0.41;0;-0.1;3.04;3.04;0;5.61;77.1;22.538;0.289;4.74;0
07.01.2022;09:33:48;0;greeenland;0.71;0.1;-0.1;0.29;-7.49;-2.58;-0.1;110.2;111.7;9.53;0.411;0;-0.1;3.03;3.03;0;5.61;77.3;22.629;0.29;4.74;0
07.01.2022;09:33:50;0;greeenland;0.69;0.01;-0.1;0.29;-7.5;-2.59;-0.1;110.3;111.8;9.52;0.411;0;-0.1;3.01;3.01;0;5.61;77.2;22.694;0.29;4.74;0
07.01.2022;09:33:52;0;greeenland;0.73;0.14;0;0.29;-7.51;-2.59;0;110.3;111.8;9.52;0.411;0;0;3.12;3.12;0;5.6;77.7;22.718;0.29;4.74;0
07.01.2022;09:34:26;0;greeenland;0.75;0.22;-0.1;0.294;-7.53;-2.59;-0.1;109.9;111.3;9.4;0.417;0;-0.1;3.03;3.03;0;5.56;80.1;23.099;0.294;4.84;0
07.01.2022;09:34:28;0;greeenland;0.72;0.11;-0.1;0.294;-7.52;-2.59;-0.1;109.7;111.1;9.4;0.417;0;-0.1;3.06;3.06;0;5.56;79.9;23.046;0.293;4.84;0
07.01.2022;09:34:30;0;greeenland;0.71;0.08;0;0.294;-7.52;-2.59;0;109.8;111.3;9.42;0.418;0;0;3.07;3.07;0;5.55;80.4;23.071;0.294;4.84;0
07.01.2022;09:34:32;0;greeenland;0.66;-0.06;-0.1;0.294;-7.52;-2.59;-0.1;109.7;111.1;9.4;0.417;0;-0.1;3.13;3.13;0;5.55;80.5;23.057;0.294;4.84;0
07.01.2022;09:34:34;0;greeenland;0.68;-0.02;-0.1;0.294;-7.52;-2.59;-0.1;109.7;111.1;9.41;0.417;0;-0.1;3.06;3.06;0;5.55;80.6;23.018;0.294;4.84;0
07.01.2022;09:34:36;0;greeenland;0.75;0.22;-0.1;0.294;-7.52;-2.59;-0.1;109.7;111.1;9.4;0.417;0;-0.1;3.02;3.02;0;5.54;81.1;23.024;0.294;4.84;0
07.01.2022;09:34:38;0;greeenland;0.7;0.05;-0.1;0.295;-7.52;-2.59;-0.1;109.7;111.2;9.4;0.418;0;-0.1;2.99;2.99;0;5.54;80.7;23.077;0.294;4.84;0
07.01.2022;09:34:40;0;greeenland;0.7;0.05;-0.1;0.295;-7.52;-2.59;-0.1;109.5;111;9.38;0.418;0;-0.1;3.12;3.12;0;5.54;80.9;23.036;0.294;4.84;0
07.01.2022;09:34:42;0;greeenland;0.7;0.04;-0.1;0.294;-7.52;-2.59;-0.1;109.6;111.1;9.4;0.417;0;-0.1;3.03;3.03;0;5.54;81.2;22.983;0.294;4.84;0
07.01.2022;09:34:44;0;greeenland;0.69;0.01;0;0.294;-7.52;-2.59;-0.1;109.6;111;9.41;0.417;0;-0.1;3.05;3.05;0;5.54;80.9;22.956;0.295;4.84;0
07.01.2022;09:34:46;0;greeenland;0.76;0.24;-0.1;0.294;-7.51;-2.59;-0.1;109.5;110.9;9.4;0.418;0;-0.1;3.06;3.06;0;5.55;80.2;22.965;0.295;4.84;0
07.01.2022;09:34:48;0;greeenland;0.67;-0.03;-0.1;0.294;-7.52;-2.59;-0.1;109.3;110.8;9.38;0.418;0;-0.1;2.95;2.95;0;5.56;79.7;22.956;0.294;4.84;0
07.01.2022;09:34:50;0;greeenland;0.69;0.04;-0.1;0.294;-7.52;-2.59;-0.1;109.6;111;9.41;0.417;0;-0.1;2.98;2.98;0;5.57;79.5;22.931;0.295;4.84;0
07.01.2022;09:34:52;0;greeenland;0.71;0.08;-0.1;0.294;-7.52;-2.59;-0.1;109.6;111.1;9.42;0.416;0;-0.1;3.03;3.03;0;5.54;80.7;22.901;0.293;4.84;0
07.01.2022;09:34:54;0;greeenland;0.71;0.07;-0.1;0.294;-7.51;-2.59;-0.1;109.8;111.2;9.43;0.417;0;-0.1;3.04;3.04;0;5.52;82.2;22.892;0.294;4.84;0
07.01.2022;09:34:56;0;greeenland;0.71;0.08;0;0.294;-7.51;-2.59;-0.1;110;111.4;9.45;0.417;0;-0.1;3.09;3.09;0;5.5;82.8;22.917;0.294;4.84;0
07.01.2022;09:34:58;0;greeenland;0.73;0.13;0;0.295;-7.52;-2.59;-0.1;110.2;111.7;9.48;0.418;0;-0.1;3.02;3.02;0;5.49;83.6;22.849;0.294;4.84;0
07.01.2022;09:35:00;0;greeenland;0.69;0.03;0;0.294;-7.52;-2.59;-0.1;110.4;111.9;9.5;0.417;0;-0.1;3.05;3.05;0;5.49;83.7;22.868;0.294;4.84;0
07.01.2022;09:35:02;0;greeenland;0.65;-0.11;-0.1;0.293;-7.52;-2.59;-0.1;110.5;112;9.5;0.416;0;-0.1;3.03;3.03;0;5.49;83.7;22.931;0.293;4.84;0
07.01.2022;09:35:04;0;greeenland;0.71;0.09;-0.1;0.293;-7.52;-2.59;-0.1;110.7;112.2;9.51;0.416;0;-0.1;3.05;3.05;0;5.47;84.7;22.971;0.294;4.84;0
07.01.2022;09:35:06;0;greeenland;0.69;0.03;-0.1;0.292;-1.19;-0.48;-0.1;110.7;112.2;9.5;0.415;0;-0.1;3.04;3.04;0;5.46;85.1;22.98;0.293;4.84;0
07.01.2022;09:35:08;0;greeenland;0.68;0.01;0;0.293;4.27;1.34;-0.1;109.7;111.1;9.42;0.416;0;-0.1;3.07;3.07;0;5.43;87;22.819;0.293;4.84;0
07.01.2022;09:35:10;0;greeenland;0.73;0.14;-0.1;0.292;3.89;1.21;-0.1;108.2;109.6;9.33;0.415;0;-0.1;3.03;3.03;0;6;56.2;22.626;0.292;4.77;0
07.01.2022;09:35:12;0;greeenland;0.69;0.01;0;0.292;3.63;1.12;-0.1;108.7;110.2;9.41;0.415;0;-0.1;3.02;3.02;0;5.94;59.7;22.523;0.292;4.77;0
07.01.2022;09:35:14;0;greeenland;0.66;-0.06;-0.1;0.293;3.94;1.23;-0.1;107.8;109.2;9.33;0.415;0;-0.1;2.91;2.91;0;5.42;87;22.418;0.292;4.77;0
07.01.2022;09:35:16;0;greeenland;0.7;0.05;-0.1;0.292;3.96;1.24;-0.1;107.5;108.9;9.33;0.415;0;-0.1;3.01;3.01;0;5.45;85.6;22.32;0.293;4.77;0
07.01.2022;09:35:18;0;greeenland;0.71;0.09;-0.1;0.292;4.02;1.25;-0.1;107.3;108.7;9.33;0.414;0;-0.1;3;3;0;5.48;83.9;22.239;0.291;4.77;0
07.01.2022;09:35:20;0;greeenland;0.74;0.17;0;0.292;3.78;1.17;0;107.1;108.6;9.34;0.414;0;0;3.01;3.01;0;5.43;86.5;22.123;0.292;4.39;0
07.01.2022;09:35:22;0;greeenland;0.66;-0.07;0;0.292;4.26;1.33;0;107.1;108.6;9.36;0.415;0;0;2.99;2.99;0;5.39;88.5;22.024;0.292;4.39;0
07.01.2022;09:35:24;0;greeenland;0.72;0.1;0;0.293;3.99;1.24;-0.1;107.1;108.6;9.37;0.415;0;-0.1;2.95;2.95;0;5.45;85.6;21.938;0.292;4.39;0
07.01.2022;09:35:26;0;greeenland;0.7;0.05;0;0.292;3.96;1.24;0;107.2;108.6;9.39;0.414;0;0;2.92;2.92;0;5.38;89;21.851;0.293;4.39;0
07.01.2022;09:35:28;0;greeenland;0.7;0.06;-0.1;0.293;4.07;1.27;-0.1;107.1;108.5;9.4;0.416;0;-0.1;2.97;2.97;0;5.36;90.2;21.742;0.292;4.39;0
07.01.2022;09:35:30;0;greeenland;0.69;0.02;0;0.293;3.89;1.21;-0.1;107.3;108.7;9.44;0.415;0;-0.1;2.96;2.96;0;5.41;87.6;21.636;0.293;4.71;0
07.01.2022;09:35:32;0;greeenland;0.72;0.13;-0.1;0.293;4.01;1.25;-0.1;107.3;108.8;9.46;0.416;0;-0.1;3.03;3.03;0;5.38;89;21.529;0.293;4.71;0
07.01.2022;09:35:34;0;greeenland;0.72;0.1;-0.1;0.294;3.99;1.24;-0.1;107.5;108.9;9.5;0.417;0;-0.1;2.95;2.95;0;5.35;90.5;21.442;0.293;4.71;0
07.01.2022;09:35:36;0;greeenland;0.71;0.09;-0.1;0.293;3.84;1.19;-0.1;107.5;109;9.51;0.415;0;-0.1;2.94;2.94;0;5.35;90.8;21.374;0.292;4.71;0
07.01.2022;09:35:38;0;greeenland;0.73;0.14;0;0.292;4.1;1.28;-0.1;107.6;109;9.53;0.414;0;-0.1;2.89;2.89;0;5.32;92.4;21.283;0.292;4.71;0
07.01.2022;09:35:40;0;greeenland;0.7;0.07;-0.1;0.292;4.12;1.29;-0.1;107.6;109.1;9.55;0.414;0;-0.1;2.93;2.93;0;5.33;91.8;21.184;0.292;4.77;0
07.01.2022;09:35:42;0;greeenland;0.69;0.04;-0.1;0.292;3.81;1.19;-0.1;107.8;109.2;9.58;0.414;0;-0.1;2.94;2.94;0;5.3;93;21.101;0.292;4.77;0
07.01.2022;09:35:44;0;greeenland;0.68;-0.02;-0.1;0.292;3.75;1.16;-0.1;107.8;109.3;9.6;0.415;0;-0.1;2.97;2.97;0;5.29;93.8;21.021;0.292;4.77;0
07.01.2022;09:35:46;0;greeenland;0.6;-0.25;-0.1;0.292;4.01;1.25;-0.1;107.9;109.3;9.63;0.414;0;-0.1;2.96;2.96;0;5.23;96.9;20.936;0.292;4.77;0
07.01.2022;09:35:48;0;greeenland;0.7;0.04;-0.1;0.292;4.11;1.28;-0.1;108;109.4;9.65;0.414;0;-0.1;3;3;0;5.28;94.3;20.824;0.293;4.77;0
07.01.2022;09:35:50;0;greeenland;0.72;0.1;-0.1;0.293;4.03;1.26;-0.1;108.1;109.6;9.68;0.415;0;-0.1;2.95;2.95;0;5.15;100.9;20.759;0.293;4.73;0
07.01.2022;09:35:52;0;greeenland;0.73;0.14;-0.1;0.293;3.8;1.18;-0.1;108.1;109.6;9.69;0.415;0;-0.1;2.96;2.96;0;5.22;97.2;20.685;0.292;4.73;0
07.01.2022;09:35:54;0;greeenland;0.73;0.16;-0.1;0.292;3.94;1.23;-0.1;108.1;109.6;9.71;0.415;0;-0.1;3.01;3.01;0;5.23;96.8;20.592;0.292;4.73;0
07.01.2022;09:35:56;0;greeenland;0.68;-0.01;-0.1;0.292;4.15;1.3;-0.1;108.2;109.6;9.73;0.415;0;-0.1;2.98;2.98;0;5.22;97;20.524;0.293;4.73;0
07.01.2022;09:35:58;0;greeenland;0.74;0.17;-0.1;0.292;3.77;1.17;-0.1;108.3;109.7;9.75;0.415;0;-0.1;2.95;2.95;0;5.14;101.6;20.47;0.292;4.73;0
07.01.2022;09:36:00;0;greeenland;0.67;-0.04;-0.1;0.292;3.91;1.22;-0.1;108.4;109.8;9.77;0.415;0;-0.1;2.94;2.94;0;5.22;97;20.391;0.293;4.65;0
07.01.2022;09:36:02;0;greeenland;0.7;0.05;-0.1;0.293;3.9;1.21;-0.1;108.4;109.9;9.79;0.415;0;-0.1;2.91;2.91;0;5.25;95.9;20.324;0.293;4.65;0
07.01.2022;09:36:04;0;greeenland;0.71;0.08;-0.1;0.293;3.8;1.18;-0.1;108.4;109.8;9.8;0.415;0;-0.1;2.92;2.92;0;5.24;96.3;20.254;0.292;4.65;0
07.01.2022;09:36:06;0;greeenland;0.67;-0.04;-0.1;0.293;4.18;1.31;-0.1;108.5;110;9.82;0.415;0;-0.1;2.97;2.97;0;5.12;102.6;20.201;0.292;4.65;0
07.01.2022;09:36:08;0;greeenland;0.68;0.01;-0.1;0.293;3.86;1.2;-0.1;108.6;110;9.84;0.416;0;-0.1;2.91;2.91;0;5.19;98.9;20.147;0.293;4.65;0
07.01.2022;09:36:10;0;greeenland;0.71;0.07;-0.1;0.293;4.02;1.25;-0.1;108.6;110;9.85;0.416;0;-0.1;2.92;2.92;0;5.21;97.9;20.105;0.293;4.44;0
07.01.2022;09:36:12;0;greeenland;0.65;-0.09;-0.1;0.293;4.07;1.27;-0.1;108.7;110.1;9.87;0.415;0;-0.1;2.94;2.94;0;5.14;101.1;20.049;0.293;4.44;0
07.01.2022;09:36:14;0;greeenland;0.68;0;-0.1;0.292;3.97;1.24;-0.1;108.7;110.2;9.88;0.415;0;-0.1;2.93;2.93;0;5.08;104.7;19.996;0.292;4.44;0
07.01.2022;09:36:16;0;greeenland;0.69;0.03;-0.1;0.293;3.9;1.21;-0.1;108.7;110.2;9.89;0.416;0;-0.1;2.92;2.92;0;5.16;100.2;19.951;0.293;4.44;0
07.01.2022;09:36:18;0;greeenland;0.7;0.06;0;0.292;3.85;1.2;-0.1;108.8;110.2;9.91;0.414;0;-0.1;2.89;2.89;0;5.19;98.6;19.895;0.292;4.44;0
07.01.2022;09:36:20;0;greeenland;0.7;0.07;-0.1;0.292;3.98;1.24;-0.1;108.7;110.2;9.91;0.415;0;-0.1;2.93;2.93;0;5.21;97.4;19.86;0.293;4.26;0
07.01.2022;09:36:22;0;greeenland;0.69;0.03;-0.1;0.292;3.97;1.24;-0.1;108.8;110.3;9.93;0.415;0;-0.1;2.96;2.96;0;5.21;97.8;19.825;0.292;4.26;0
07.01.2022;09:36:24;0;greeenland;0.73;0.16;-0.1;0.293;3.96;1.23;-0.1;108.8;110.3;9.94;0.415;0;-0.1;2.96;2.96;0;5.23;96.3;19.776;0.292;4.26;0
07.01.2022;09:36:26;0;greeenland;0.72;0.13;-0.1;0.292;3.96;1.23;-0.1;108.9;110.4;9.95;0.415;0;-0.1;2.97;2.97;0;5.17;99.8;19.739;0.292;4.26;0
07.01.2022;09:36:28;0;greeenland;0.74;0.17;-0.1;0.293;4.04;1.26;-0.1;108.9;110.4;9.96;0.416;0;-0.1;2.94;2.94;0;5.24;96.1;19.683;0.292;4.26;0
07.01.2022;09:36:30;0;greeenland;0.73;0.15;-0.1;0.292;3.95;1.23;-0.1;109;110.4;9.98;0.415;0;-0.1;2.83;2.83;0;5.15;100.7;19.63;0.293;4.84;0
07.01.2022;09:36:32;0;greeenland;0.71;0.08;-0.1;0.293;3.99;1.25;-0.1;109;110.4;9.99;0.416;0;-0.1;2.95;2.95;0;5.18;99.3;19.585;0.292;4.84;0
07.01.2022;09:36:34;0;greeenland;0.69;0.03;0;0.293;3.73;1.16;-0.1;109;110.5;10;0.415;0;-0.1;2.94;2.94;0;5.3;92.8;19.529;0.293;4.84;0
07.01.2022;09:36:36;0;greeenland;0.75;0.2;-0.1;0.293;3.7;1.15;-0.1;109;110.4;10.01;0.416;0;-0.1;2.95;2.95;0;5.23;96.6;19.482;0.293;4.84;0
07.01.2022;09:36:38;0;greeenland;0.68;-0.02;-0.1;0.292;3.84;1.19;-0.1;109;110.4;10.02;0.415;0;-0.1;2.88;2.88;0;5.17;99.6;19.437;0.292;4.84;0
07.01.2022;09:36:40;0;greeenland;0.7;0.06;-0.1;0.292;3.84;1.19;-0.1;109.1;110.5;10.03;0.415;0;-0.1;2.94;2.94;0;5.16;99.9;19.398;0.292;4.74;0
07.01.2022;09:36:42;0;greeenland;0.73;0.16;-0.1;0.293;3.84;1.19;-0.1;109.1;110.5;10.04;0.415;0;-0.1;2.92;2.92;0;5.17;99.6;19.348;0.293;4.74;0
07.01.2022;09:36:44;0;greeenland;0.71;0.09;-0.1;0.292;3.91;1.22;-0.1;109.1;110.6;10.06;0.415;0;-0.1;2.98;2.98;0;5.25;95.3;19.31;0.292;4.74;0
07.01.2022;09:36:46;0;greeenland;0.72;0.12;-0.1;0.292;4.18;1.31;-0.1;109.1;110.6;10.06;0.415;0;-0.1;2.85;2.85;0;5.11;102.7;19.285;0.292;4.74;0
07.01.2022;09:36:48;0;greeenland;0.69;0.03;-0.1;0.293;3.79;1.18;-0.1;109.2;110.6;10.08;0.416;0;-0.1;2.95;2.95;0;5.38;88.5;19.232;0.292;4.74;0
07.01.2022;09:36:50;0;greeenland;0.73;0.15;0;0.293;3.98;1.24;0;109.2;110.6;10.08;0.416;0;0;2.91;2.91;0;5.02;107.2;19.207;0.293;4.53;0
07.01.2022;09:36:52;0;greeenland;0.71;0.09;0;0.293;3.79;1.18;-0.1;109.2;110.6;10.09;0.416;0;-0.1;2.92;2.92;0;5.19;98.5;19.19;0.293;4.53;0
07.01.2022;09:36:54;0;greeenland;0.65;-0.09;-0.1;0.293;3.98;1.24;-0.1;109.2;110.6;10.09;0.415;0;-0.1;2.96;2.96;0;5.27;94.2;19.152;0.292;4.53;0
07.01.2022;09:36:56;0;greeenland;0.71;0.08;-0.1;0.292;3.98;1.24;-0.1;109.2;110.6;10.1;0.415;0;-0.1;2.9;2.9;0;5.1;102.9;19.134;0.292;4.53;0
07.01.2022;09:36:58;0;greeenland;0.62;-0.19;-0.1;0.292;4.01;1.25;-0.1;109.2;110.6;10.1;0.415;0;-0.1;2.98;2.98;0;5.16;100.1;19.104;0.293;4.53;0
07.01.2022;09:37:00;0;greeenland;0.7;0.07;0;0.292;3.99;1.24;-0.1;109.2;110.7;10.11;0.415;0;-0.1;2.91;2.91;0;5.17;99.6;19.076;0.292;4.79;0
07.01.2022;09:37:02;0;greeenland;0.72;0.13;0;0.293;3.77;1.17;-0.1;109.2;110.7;10.12;0.415;0;0;2.94;2.94;0;5.18;99.1;19.029;0.293;4.79;0
07.01.2022;09:37:04;0;greeenland;0.69;0.02;-0.1;0.292;3.83;1.19;-0.1;109.3;110.7;10.14;0.415;0;-0.1;2.96;2.96;0;5.08;104.4;19.004;0.292;4.79;0
07.01.2022;09:37:06;0;greeenland;0.72;0.13;0;0.292;4.04;1.26;-0.1;109.3;110.7;10.14;0.415;0;-0.1;2.95;2.95;0;5.07;104.7;18.978;0.292;4.79;0
07.01.2022;09:37:08;0;greeenland;0.73;0.14;-0.1;0.293;3.91;1.22;-0.1;109.2;110.7;10.14;0.416;0;-0.1;2.93;2.93;0;5.29;93;18.943;0.292;4.79;0
07.01.2022;09:37:10;0;greeenland;0.74;0.17;-0.1;0.293;3.96;1.24;-0.1;109.3;110.8;10.15;0.416;0;-0.1;2.84;2.84;0;5.19;98.1;18.911;0.293;4.7;0
07.01.2022;09:37:12;0;greeenland;0.68;0;-0.1;0.293;3.95;1.23;-0.1;109.3;110.8;10.16;0.415;0;-0.1;2.97;2.97;0;5.08;104.1;18.896;0.291;4.7;0
07.01.2022;09:37:14;0;greeenland;0.66;-0.09;-0.1;0.292;3.9;1.22;-0.1;109.3;110.8;10.16;0.415;0;-0.1;2.94;2.94;0;5.12;101.8;18.864;0.292;4.7;0
07.01.2022;09:37:16;0;greeenland;0.69;0.03;-0.1;0.292;4.09;1.28;-0.1;109.3;110.8;10.17;0.415;0;-0.1;2.96;2.96;0;5.26;94.5;18.828;0.292;4.7;0
07.01.2022;09:37:18;0;greeenland;0.73;0.14;0;0.292;3.95;1.23;0;109.3;110.8;10.18;0.414;0;0;2.86;2.86;0;5.12;102;18.799;0.291;4.7;0
07.01.2022;09:37:20;0;greeenland;0.7;0.05;-0.1;0.292;3.99;1.24;-0.1;109.4;110.8;10.19;0.415;0;-0.1;2.89;2.89;0;5.08;104.3;18.765;0.292;4.72;0
07.01.2022;09:37:22;0;greeenland;0.7;0.07;0;0.293;4.06;1.27;-0.1;109.4;110.8;10.2;0.416;0;-0.1;2.9;2.9;0;5.08;104;18.747;0.293;4.72;0
07.01.2022;09:37:24;0;greeenland;0.71;0.09;0;0.292;3.88;1.21;-0.1;109.4;110.8;10.2;0.415;0;-0.1;2.97;2.97;0;5.21;97.4;18.725;0.292;4.72;0
07.01.2022;09:37:26;0;greeenland;0.7;0.05;-0.1;0.293;4.01;1.25;-0.1;109.3;110.8;10.2;0.415;0;-0.1;2.86;2.86;0;5.08;104.2;18.701;0.292;4.72;0
07.01.2022;09:37:28;0;greeenland;0.7;0.06;-0.1;0.292;4.06;1.27;-0.1;109.4;110.8;10.21;0.415;0;-0.1;2.94;2.94;0;5.23;95.9;18.676;0.292;4.72;0
07.01.2022;09:37:30;0;greeenland;0.7;0.04;-0.1;0.293;4.02;1.25;-0.1;109.4;110.8;10.21;0.416;0;-0.1;3.03;3.03;0;5.15;100.5;18.664;0.293;4.67;0
07.01.2022;09:37:32;0;greeenland;0.72;0.13;-0.1;0.293;4.22;1.32;-0.1;109.4;110.9;10.22;0.416;0;-0.1;2.89;2.89;0;5.12;101.9;18.653;0.294;4.67;0
07.01.2022;09:37:34;0;greeenland;0.7;0.05;0;0.292;3.93;1.23;-0.1;109.5;110.9;10.23;0.415;0;-0.1;2.86;2.86;0;4.95;110.7;18.64;0.292;4.67;0
07.01.2022;09:37:36;0;greeenland;0.7;0.05;-0.1;0.293;3.85;1.2;-0.1;109.5;110.9;10.23;0.416;0;-0.1;2.92;2.92;0;5.16;99.9;18.634;0.292;4.67;0
07.01.2022;09:37:38;0;greeenland;0.7;0.05;0;0.292;3.75;1.16;0;109.4;110.8;10.22;0.415;0;0;2.92;2.92;0;5.18;98.5;18.61;0.292;4.67;0
07.01.2022;09:37:40;0;greeenland;0.69;0.03;-0.1;0.293;3.92;1.22;-0.1;109.5;110.9;10.24;0.416;0;-0.1;2.88;2.88;0;5.13;101.1;18.574;0.293;4.65;0
07.01.2022;09:37:42;0;greeenland;0.69;0.02;-0.1;0.293;3.77;1.17;-0.1;109.5;110.9;10.25;0.416;0;-0.1;2.92;2.92;0;5.14;101;18.571;0.293;4.65;0
07.01.2022;09:37:44;0;greeenland;0.74;0.18;-0.1;0.294;3.94;1.23;-0.1;109.3;110.8;10.24;0.417;0;-0.1;2.88;2.88;0;4.99;108.9;18.523;0.294;4.65;0
07.01.2022;09:37:46;0;greeenland;0.71;0.09;-0.1;0.292;4.01;1.25;-0.1;109.2;110.7;10.24;0.415;0;-0.1;2.91;2.91;0;5.15;100.4;18.431;0.292;4.65;0
07.01.2022;09:37:48;0;greeenland;0.74;0.19;-0.1;0.292;4.01;1.25;-0.1;109.4;110.8;10.27;0.414;0;-0.1;2.96;2.96;0;5.27;94.1;18.376;0.291;4.65;0
07.01.2022;09:38:24;0;greeenland;0.66;-0.07;-0.1;0.293;3.84;1.19;-0.1;109.7;111.1;10.37;0.416;0;-0.1;2.91;2.91;0;5.38;88;18.087;0.293;4.84;0
07.01.2022;09:38:26;0;greeenland;0.74;0.17;-0.1;0.293;3.92;1.22;-0.1;109.6;111.1;10.36;0.417;0;-0.1;2.9;2.9;0;5.42;86;18.078;0.294;4.84;0
07.01.2022;09:38:28;0;greeenland;0.71;0.07;-0.1;0.293;3.8;1.18;-0.1;109.6;111;10.36;0.416;0;-0.1;2.92;2.92;0;5.38;87.8;18.063;0.293;4.74;0
07.01.2022;09:38:30;0;greeenland;0.65;-0.09;-0.1;0.294;4.01;1.25;-0.1;109.5;111;10.36;0.417;0;-0.1;2.92;2.92;0;5.34;90.1;18.045;0.294;4.74;0
07.01.2022;09:38:32;0;greeenland;0.69;0.02;-0.1;0.293;4.02;1.25;-0.1;109.5;110.9;10.36;0.416;0;-0.1;2.96;2.96;0;5.37;88.4;17.989;0.293;4.74;0
07.01.2022;09:38:34;0;greeenland;0.7;0.07;0;0.294;3.82;1.19;-0.1;109.5;111;10.37;0.417;0;-0.1;2.88;2.88;0;5.38;88.3;17.965;0.293;4.74;0
07.01.2022;09:38:36;0;greeenland;0.7;0.04;-0.1;0.293;3.76;1.17;-0.1;109.5;110.9;10.38;0.416;0;-0.1;2.95;2.95;0;5.34;90.1;17.946;0.293;4.74;0
07.01.2022;09:38:38;0;greeenland;0.68;0.01;-0.1;0.293;3.75;1.16;-0.1;109.5;111;10.38;0.417;0;-0.1;2.92;2.92;0;5.54;79.4;17.925;0.294;4.74;0
07.01.2022;09:38:40;0;greeenland;0.72;0.11;-0.1;0.294;4.15;1.3;-0.1;109.8;111.3;10.41;0.417;0;-0.1;2.89;2.89;0;5.72;70;17.927;0.293;4.74;0
07.01.2022;09:38:42;0;greeenland;0.7;0.05;0;0.293;3.97;1.24;-0.1;109.9;111.3;10.42;0.416;0;-0.1;2.94;2.94;0;6.15;47.3;17.938;0.293;4.74;0
07.01.2022;09:38:44;0;greeenland;0.67;-0.03;0;0.293;3.94;1.23;-0.1;109.8;111.3;10.41;0.417;0;-0.1;2.95;2.95;0;5.73;69.4;17.942;0.294;4.74;0
07.01.2022;09:38:46;0;greeenland;0.71;0.1;-0.1;0.294;3.86;1.2;-0.1;109.8;111.2;10.41;0.417;0;-0.1;2.86;2.86;0;4.86;115.2;17.907;0.293;4.74;0
07.01.2022;09:38:48;0;greeenland;0.72;0.12;0;0.294;3.86;1.2;-0.1;110.5;112;10.49;0.417;0;-0.1;2.9;2.9;0;5;107.7;17.896;0.294;4.7;0
07.01.2022;09:38:50;0;greeenland;0.74;0.18;-0.1;0.293;3.76;1.17;-0.1;110;111.5;10.44;0.417;0;-0.1;2.82;2.82;0;5.37;88.7;17.896;0.293;4.7;0
07.01.2022;09:38:52;0;greeenland;0.71;0.08;-0.1;0.294;3.99;1.24;-0.1;109.9;111.4;10.43;0.417;0;-0.1;2.93;2.93;0;5.16;99.7;17.898;0.294;4.7;0
07.01.2022;09:38:54;0;greeenland;0.74;0.18;0;0.294;3.7;1.15;-0.1;109.9;111.3;10.42;0.417;0;-0.1;3;3;0;5.28;93.1;17.9;0.293;4.7;0
07.01.2022;09:38:56;0;greeenland;0.7;0.05;0;0.294;3.95;1.23;-0.1;109.8;111.3;10.42;0.418;0;-0.1;2.93;2.93;0;5.22;96.3;17.896;0.294;4.7;0
07.01.2022;09:38:58;0;greeenland;0.75;0.2;-0.1;0.293;3.75;1.16;-0.1;109.8;111.3;10.42;0.416;0;-0.1;2.94;2.94;0;5.34;90.1;17.887;0.293;4.69;0
07.01.2022;09:39:00;0;greeenland;0.7;0.05;-0.1;0.293;3.86;1.2;-0.1;109.8;111.3;10.42;0.416;0;-0.1;2.84;2.84;0;5.27;94;17.872;0.294;4.69;0
07.01.2022;09:39:02;0;greeenland;0.77;0.27;-0.1;0.293;3.99;1.24;-0.1;109.8;111.3;10.43;0.416;0;-0.1;2.87;2.87;0;5.42;86.1;17.859;0.293;4.69;0
07.01.2022;09:39:04;0;greeenland;0.74;0.18;-0.1;0.293;3.96;1.23;-0.1;109.9;111.4;10.43;0.416;0;-0.1;2.86;2.86;0;4.71;123.2;17.852;0.294;4.69;0
07.01.2022;09:39:06;0;greeenland;0.72;0.11;-0.1;0.293;4.16;1.3;-0.1;109.9;111.3;10.44;0.416;0;-0.1;2.97;2.97;0;5.26;94.5;17.84;0.293;4.69;0
07.01.2022;09:39:08;0;greeenland;0.74;0.19;-0.1;0.292;3.92;1.22;-0.1;109.8;111.3;10.43;0.415;0;-0.1;2.94;2.94;0;5.77;67.6;17.823;0.292;4.52;0
07.01.2022;09:39:10;0;greeenland;0.7;0.06;-0.1;0.293;3.99;1.24;-0.1;109.8;111.3;10.43;0.416;0;-0.1;2.91;2.91;0;5.2;97.6;17.796;0.293;4.52;0
07.01.2022;09:39:12;0;greeenland;0.71;0.09;-0.1;0.293;3.75;1.17;-0.1;109.8;111.3;10.44;0.416;0;-0.1;2.83;2.83;0;4.84;116.2;17.782;0.293;4.52;0
07.01.2022;09:39:14;0;greeenland;0.68;-0.02;-0.1;0.293;3.99;1.24;-0.1;109.8;111.3;10.44;0.416;0;-0.1;2.96;2.96;0;4.93;111.6;17.787;0.293;4.52;0
07.01.2022;09:39:16;0;greeenland;0.73;0.14;-0.1;0.293;3.94;1.23;-0.1;109.8;111.3;10.44;0.416;0;-0.1;2.89;2.89;0;5.39;87.7;17.772;0.293;4.52;0
07.01.2022;09:39:18;0;greeenland;0.71;0.08;-0.1;0.293;3.91;1.22;-0.1;109.8;111.3;10.45;0.416;0;-0.1;2.88;2.88;0;5.47;83.1;17.768;0.293;4.71;0
07.01.2022;09:39:20;0;greeenland;0.72;0.13;-0.1;0.294;3.82;1.19;-0.1;109.8;111.2;10.44;0.417;0;-0.1;2.93;2.93;0;5.33;90.7;17.75;0.293;4.71;0
07.01.2022;09:39:22;0;greeenland;0.7;0.06;-0.1;0.293;4.03;1.26;-0.1;109.8;111.2;10.45;0.417;0;-0.1;2.93;2.93;0;5.36;89;17.732;0.293;4.71;0
07.01.2022;09:39:24;0;greeenland;0.73;0.13;-0.1;0.293;3.98;1.24;-0.1;109.8;111.3;10.46;0.416;0;-0.1;3;3;0;5.41;86.3;17.705;0.293;4.71;0
07.01.2022;09:39:26;0;greeenland;0.76;0.24;-0.1;0.293;3.92;1.22;-0.1;109.9;111.3;10.47;0.416;0;-0.1;2.94;2.94;0;5.36;88.8;17.69;0.293;4.71;0
07.01.2022;09:39:28;0;greeenland;0.7;0.06;0;0.293;3.95;1.23;-0.1;109.8;111.3;10.46;0.416;0;-0.1;3;3;0;5.48;82.6;17.68;0.292;4.63;0
07.01.2022;09:39:30;0;greeenland;0.7;0.06;0;0.293;4.01;1.25;-0.1;109.8;111.3;10.47;0.416;0;-0.1;2.97;2.97;0;5.57;78.1;17.676;0.293;4.63;0
07.01.2022;09:39:32;0;greeenland;0.71;0.08;0;0.292;3.96;1.24;-0.1;109.8;111.3;10.47;0.415;0;0;2.95;2.95;0;5.39;87.6;17.664;0.292;4.63;0
07.01.2022;09:39:34;0;greeenland;0.72;0.11;0;0.293;3.82;1.19;-0.1;109.8;111.3;10.47;0.416;0;-0.1;2.92;2.92;0;5.34;90.2;17.649;0.293;4.63;0
07.01.2022;09:39:36;0;greeenland;0.69;0.02;0;0.293;3.92;1.22;-0.1;109.8;111.3;10.48;0.416;0;-0.1;2.91;2.91;0;5.33;90.7;17.629;0.293;4.63;0
07.01.2022;09:39:38;0;greeenland;0.69;0.02;-0.1;0.293;3.89;1.21;-0.1;109.8;111.3;10.48;0.416;0;-0.1;2.89;2.89;0;5.32;91.2;17.616;0.293;4.56;0
07.01.2022;09:39:40;0;greeenland;0.69;0.03;0;0.293;3.65;1.13;-0.1;109.8;111.2;10.48;0.417;0;-0.1;2.92;2.92;0;5.17;98.7;17.616;0.294;4.56;0
07.01.2022;09:39:42;0;greeenland;0.73;0.15;-0.1;0.293;3.82;1.19;-0.1;109.8;111.3;10.48;0.416;0;-0.1;2.94;2.94;0;5.37;88.6;17.612;0.293;4.56;0
07.01.2022;09:39:44;0;greeenland;0.73;0.15;-0.1;0.293;3.9;1.21;-0.1;109.8;111.3;10.48;0.415;0;-0.1;2.97;2.97;0;6.55;26.8;17.596;0.293;4.56;0
07.01.2022;09:39:46;0;greeenland;0.74;0.17;-0.1;0.293;3.86;1.2;-0.1;109.8;111.3;10.49;0.416;0;-0.1;2.9;2.9;0;5.25;94.8;17.582;0.293;4.56;0
07.01.2022;09:39:48;0;greeenland;0.75;0.21;-0.1;0.293;4.01;1.25;-0.1;109.9;111.3;10.49;0.416;0;-0.1;2.82;2.82;0;5.25;94.9;17.57;0.293;4.74;0
07.01.2022;09:39:50;0;greeenland;0.73;0.15;-0.1;0.293;3.95;1.23;-0.1;109.9;111.3;10.5;0.416;0;-0.1;2.95;2.95;0;5.35;89.5;17.556;0.292;4.74;0
07.01.2022;09:39:52;0;greeenland;0.72;0.1;0;0.293;4.16;1.3;-0.1;109.9;111.3;10.5;0.416;0;-0.1;2.93;2.93;0;5.09;103.3;17.548;0.292;4.74;0
07.01.2022;09:39:54;0;greeenland;0.69;0.03;-0.1;0.293;3.79;1.18;-0.1;109.9;111.3;10.5;0.416;0;-0.1;2.92;2.92;0;5.26;94.4;17.53;0.292;4.74;0
07.01.2022;09:39:56;0;greeenland;0.69;0.02;-0.1;0.292;4.12;1.29;-0.1;109.9;111.3;10.51;0.415;0;-0.1;2.95;2.95;0;5.28;93.3;17.52;0.293;4.74;0
07.01.2022;09:39:58;0;greeenland;0.73;0.16;-0.1;0.293;3.95;1.23;-0.1;109.8;111.3;10.5;0.416;0;-0.1;2.92;2.92;0;5.31;91.4;17.502;0.293;4.67;0
07.01.2022;09:40:00;0;greeenland;0.75;0.2;-0.1;0.293;3.95;1.23;-0.1;109.9;111.4;10.51;0.416;0;-0.1;2.88;2.88;0;5.34;89.8;17.482;0.293;4.67;0
07.01.2022;09:40:02;0;greeenland;0.72;0.12;-0.1;0.293;3.85;1.2;-0.1;109.9;111.4;10.52;0.416;0;-0.1;2.95;2.95;0;5.33;90.5;17.476;0.293;4.67;0
07.01.2022;09:40:04;0;greeenland;0.72;0.12;-0.1;0.293;3.97;1.24;-0.1;109.9;111.4;10.52;0.416;0;-0.1;2.93;2.93;0;5.32;91;17.456;0.293;4.67;0
07.01.2022;09:40:06;0;greeenland;0.72;0.13;-0.1;0.293;3.69;1.14;-0.1;109.9;111.3;10.52;0.416;0;-0.1;2.87;2.87;0;5.29;92.8;17.444;0.293;4.67;0
07.01.2022;09:40:08;0;greeenland;0.72;0.12;0;0.293;4.01;1.25;-0.1;109.9;111.3;10.52;0.416;0;-0.1;2.94;2.94;0;5.34;89.8;17.427;0.293;4.65;0
07.01.2022;09:40:10;0;greeenland;0.68;-0.01;-0.1;0.293;3.74;1.16;-0.1;109.9;111.4;10.53;0.416;0;-0.1;2.96;2.96;0;5.24;95.3;17.419;0.293;4.65;0
07.01.2022;09:40:12;0;greeenland;0.72;0.12;-0.1;0.293;4.1;1.28;-0.1;109.8;111.3;10.53;0.416;0;-0.1;2.92;2.92;0;5.35;89.5;17.398;0.292;4.65;0
07.01.2022;09:40:14;0;greeenland;0.7;0.04;-0.1;0.293;3.9;1.21;-0.1;109.9;111.3;10.53;0.416;0;-0.1;2.92;2.92;0;5.34;89.8;17.387;0.293;4.65;0
07.01.2022;09:40:16;0;greeenland;0.71;0.1;-0.1;0.293;3.9;1.21;-0.1;109.9;111.4;10.54;0.416;0;-0.1;2.93;2.93;0;5.29;92.7;17.372;0.293;4.65;0
07.01.2022;09:40:18;0;greeenland;0.69;0.03;-0.1;0.293;3.96;1.24;-0.1;109.9;111.3;10.54;0.415;0;-0.1;2.93;2.93;0;5.34;90;17.367;0.293;4.1;0
07.01.2022;09:40:20;0;greeenland;0.7;0.06;-0.1;0.293;4.04;1.26;-0.1;109.9;111.3;10.54;0.416;0;-0.1;2.87;2.87;0;5.38;88;17.353;0.292;4.1;0
07.01.2022;09:40:22;0;greeenland;0.75;0.2;-0.1;0.292;4.03;1.26;-0.1;109.8;111.3;10.54;0.415;0;-0.1;2.95;2.95;0;5.66;72.9;17.338;0.293;4.1;0
07.01.2022;09:40:24;0;greeenland;0.74;0.17;0;0.293;3.99;1.24;0;109.8;111.3;10.54;0.416;0;0;2.88;2.88;0;5.16;99.4;17.342;0.293;4.1;0
07.01.2022;09:40:26;0;greeenland;0.71;0.08;-0.1;0.293;4.02;1.25;-0.1;109.8;111.3;10.54;0.416;0;-0.1;2.93;2.93;0;5.21;96.6;17.339;0.293;4.1;0
07.01.2022;09:40:28;0;greeenland;0.72;0.13;-0.1;0.292;3.75;1.16;-0.1;109.8;111.2;10.54;0.415;0;-0.1;3.01;3.01;0;5.31;91.5;17.337;0.292;4.69;0
07.01.2022;09:40:30;0;greeenland;0.71;0.08;-0.1;0.293;3.98;1.24;-0.1;109.7;111.1;10.53;0.415;0;-0.1;2.93;2.93;0;5.27;93.3;17.33;0.293;4.69;0
07.01.2022;09:40:32;0;greeenland;0.71;0.1;-0.1;0.293;4.13;1.29;-0.1;109.7;111.2;10.53;0.416;0;-0.1;2.98;2.98;0;5.26;94;17.328;0.293;4.69;0
07.01.2022;09:40:34;0;greeenland;0.74;0.19;-0.1;0.293;3.91;1.22;-0.1;109.7;111.2;10.54;0.415;0;-0.1;2.92;2.92;0;5.18;98.2;17.319;0.293;4.69;0
07.01.2022;09:40:36;0;greeenland;0.71;0.08;-0.1;0.292;4.07;1.27;-0.1;109.7;111.1;10.53;0.415;0;-0.1;2.95;2.95;0;5.16;99.2;17.3;0.292;4.69;0
07.01.2022;09:40:38;0;greeenland;0.7;0.05;-0.1;0.292;3.98;1.24;-0.1;109.7;111.1;10.54;0.414;0;-0.1;2.99;2.99;0;5.03;106.3;17.287;0.292;4.27;0
07.01.2022;09:40:40;0;greeenland;0.71;0.08;-0.1;0.294;3.89;1.21;-0.1;109.7;111.1;10.54;0.417;0;-0.1;2.93;2.93;0;5.16;99.3;17.283;0.293;4.27;0
07.01.2022;09:40:42;0;greeenland;0.74;0.19;0;0.293;3.76;1.17;-0.1;109.7;111.1;10.54;0.416;0;-0.1;2.89;2.89;0;5.27;93.5;17.269;0.293;4.27;0
07.01.2022;09:40:44;0;greeenland;0.71;0.09;-0.1;0.293;4.03;1.26;-0.1;109.7;111.2;10.54;0.416;0;-0.1;2.97;2.97;0;4.99;108.2;17.265;0.293;4.27;0
07.01.2022;09:40:46;0;greeenland;0.74;0.17;-0.1;0.293;3.9;1.22;-0.1;109.7;111.1;10.54;0.416;0;-0.1;2.88;2.88;0;5.27;93.5;17.25;0.293;4.27;0
07.01.2022;09:40:48;0;greeenland;0.71;0.09;-0.1;0.293;4.05;1.26;-0.1;109.6;111.1;10.54;0.416;0;-0.1;2.96;2.96;0;5.2;97.5;17.242;0.292;4.84;0
07.01.2022;09:40:50;0;greeenland;0.73;0.16;-0.1;0.293;3.89;1.21;-0.1;109.6;111.1;10.54;0.416;0;-0.1;2.93;2.93;0;5.41;86;17.229;0.293;4.84;0
07.01.2022;09:40:52;0;greeenland;0.72;0.11;-0.1;0.292;3.98;1.24;-0.1;109.6;111.1;10.55;0.414;0;-0.1;2.93;2.93;0;4.73;121.7;17.222;0.292;4.84;0
07.01.2022;09:40:54;0;greeenland;0.75;0.21;-0.1;0.292;3.77;1.17;-0.1;109.7;111.1;10.55;0.415;0;-0.1;2.98;2.98;0;5.07;104.1;17.211;0.293;4.84;0
07.01.2022;09:40:56;0;greeenland;0.75;0.22;-0.1;0.293;4.07;1.27;-0.1;109.7;111.1;10.56;0.416;0;-0.1;2.87;2.87;0;5.22;95.9;17.2;0.293;4.84;0
07.01.2022;09:40:58;0;greeenland;0.71;0.09;-0.1;0.293;3.93;1.22;-0.1;109.6;111.1;10.55;0.416;0;-0.1;2.88;2.88;0;5.23;95.7;17.193;0.293;4.7;0
07.01.2022;09:41:00;0;greeenland;0.77;0.27;-0.1;0.293;3.88;1.21;-0.1;109.7;111.1;10.56;0.416;0;-0.1;2.93;2.93;0;5.23;95.6;17.179;0.293;4.7;0
07.01.2022;09:41:02;0;greeenland;0.74;0.18;-0.1;0.293;3.8;1.18;-0.1;109.7;111.2;10.57;0.416;0;-0.1;2.94;2.94;0;5.18;98.5;17.169;0.293;4.7;0
07.01.2022;09:41:04;0;greeenland;0.71;0.1;-0.1;0.292;3.82;1.19;-0.1;109.7;111.1;10.56;0.415;0;-0.1;2.86;2.86;0;5.2;97.2;17.167;0.292;4.7;0
07.01.2022;09:41:06;0;greeenland;0.71;0.1;-0.1;0.292;4.01;1.25;-0.1;109.7;111.2;10.57;0.415;0;-0.1;2.9;2.9;0;5.22;96.3;17.173;0.292;4.7;0
07.01.2022;09:41:08;0;greeenland;0.7;0.06;-0.1;0.292;3.94;1.23;-0.1;109.7;111.1;10.56;0.414;0;-0.1;2.91;2.91;0;5.2;97.3;17.174;0.293;4.34;0
07.01.2022;09:41:10;0;greeenland;0.71;0.08;0;0.293;4.06;1.27;-0.1;109.7;111.1;10.56;0.416;0;-0.1;2.96;2.96;0;5.23;95.8;17.162;0.293;4.34;0
07.01.2022;09:41:12;0;greeenland;0.73;0.14;-0.1;0.292;3.74;1.16;-0.1;109.6;111.1;10.56;0.415;0;-0.1;2.95;2.95;0;5.19;97.6;17.154;0.292;4.34;0
07.01.2022;09:41:14;0;greeenland;0.73;0.14;-0.1;0.292;3.97;1.24;-0.1;109.7;111.1;10.57;0.415;0;-0.1;2.86;2.86;0;5.28;93.2;17.142;0.293;4.34;0
07.01.2022;09:41:16;0;greeenland;0.7;0.04;-0.1;0.293;3.82;1.19;-0.1;109.6;111.1;10.57;0.416;0;-0.1;2.88;2.88;0;5.27;93.7;17.122;0.293;4.34;0
07.01.2022;09:41:18;0;greeenland;0.71;0.09;-0.1;0.293;4.31;1.35;-0.1;109.6;111.1;10.57;0.416;0;-0.1;2.93;2.93;0;5.16;99.1;17.114;0.293;4.45;0
07.01.2022;09:41:20;0;greeenland;0.7;0.05;-0.1;0.293;4.14;1.29;-0.1;109.6;111.1;10.57;0.416;0;-0.1;2.98;2.98;0;5.21;96.9;17.11;0.293;4.45;0
07.01.2022;09:41:22;0;greeenland;0.77;0.28;0;0.292;4.07;1.27;-0.1;109.6;111.1;10.57;0.415;0;-0.1;2.94;2.94;0;5.21;96.9;17.107;0.292;4.45;0
07.01.2022;09:41:24;0;greeenland;0.72;0.13;-0.1;0.292;3.95;1.23;-0.1;109.6;111;10.57;0.415;0;-0.1;2.88;2.88;0;5.23;95.5;17.102;0.293;4.45;0
07.01.2022;09:41:26;0;greeenland;0.67;-0.04;-0.1;0.293;3.97;1.24;-0.1;109.5;111;10.56;0.417;0;-0.1;2.94;2.94;0;5.21;96.6;17.091;0.293;4.45;0
07.01.2022;09:41:28;0;greeenland;0.68;-0.01;-0.1;0.292;3.94;1.23;-0.1;109.5;111;10.57;0.415;0;-0.1;2.89;2.89;0;5.23;95.4;17.074;0.292;4.55;0
07.01.2022;09:41:30;0;greeenland;0.69;0.04;-0.1;0.292;3.82;1.19;-0.1;109.6;111;10.58;0.415;0;-0.1;2.97;2.97;0;5.21;96.4;17.051;0.292;4.55;0
07.01.2022;09:41:32;0;greeenland;0.72;0.11;-0.1;0.293;3.98;1.24;-0.1;109.6;111;10.58;0.416;0;-0.1;2.9;2.9;0;5.25;94.4;17.037;0.293;4.55;0
07.01.2022;09:41:34;0;greeenland;0.75;0.2;-0.1;0.293;3.94;1.23;-0.1;109.5;111;10.58;0.416;0;-0.1;2.94;2.94;0;5.23;95.6;17.036;0.293;4.55;0
07.01.2022;09:41:36;0;greeenland;0.74;0.17;-0.1;0.293;4.02;1.25;-0.1;109.6;111.1;10.59;0.416;0;-0.1;2.95;2.95;0;5.18;98.4;17.022;0.293;4.55;0
07.01.2022;09:41:38;0;greeenland;0.71;0.1;-0.1;0.292;3.95;1.23;-0.1;109.6;111.1;10.59;0.414;0;-0.1;2.86;2.86;0;5.2;97.1;17.015;0.292;4.28;0
07.01.2022;09:41:40;0;greeenland;0.72;0.11;-0.1;0.292;3.94;1.23;-0.1;109.6;111;10.59;0.415;0;-0.1;2.96;2.96;0;5.16;99.2;17.02;0.293;4.28;0
07.01.2022;09:41:42;0;greeenland;0.69;0.04;-0.1;0.293;4.16;1.3;-0.1;109.7;111.1;10.6;0.416;0;-0.1;2.91;2.91;0;6.2;44.6;17.023;0.293;4.28;0
07.01.2022;09:41:44;0;greeenland;0.69;0.03;0;0.292;4.03;1.26;-0.1;109.6;111.1;10.59;0.415;0;-0.1;2.87;2.87;0;5.74;68.7;17.038;0.293;4.28;0
07.01.2022;09:41:46;0;greeenland;0.66;-0.06;-0.1;0.292;4.05;1.26;-0.1;109.6;111.1;10.58;0.415;0;-0.1;2.96;2.96;0;5.05;105;17.048;0.292;4.28;0
07.01.2022;09:41:48;0;greeenland;0.73;0.13;-0.1;0.293;3.98;1.24;-0.1;109.6;111;10.58;0.416;0;-0.1;3.01;3.01;0;5.21;96.7;17.047;0.293;4.59;0
07.01.2022;09:41:50;0;greeenland;0.71;0.09;-0.1;0.293;3.85;1.2;-0.1;109.6;111.1;10.58;0.416;0;-0.1;2.94;2.94;0;5.09;103.1;17.044;0.292;4.59;0
07.01.2022;09:41:52;0;greeenland;0.73;0.14;-0.1;0.292;4.13;1.29;-0.1;109.5;111;10.58;0.415;0;-0.1;2.88;2.88;0;5.31;91.3;17.037;0.293;4.59;0
07.01.2022;09:41:54;0;greeenland;0.69;0.01;-0.1;0.293;4.12;1.29;-0.1;109.5;111;10.58;0.416;0;-0.1;2.95;2.95;0;5.14;100.6;17.041;0.294;4.59;0
07.01.2022;09:41:56;0;greeenland;0.74;0.17;-0.1;0.292;3.93;1.22;-0.1;109.6;111;10.58;0.415;0;-0.1;2.93;2.93;0;5.16;99.2;17.046;0.293;4.59;0
07.01.2022;09:41:58;0;greeenland;0.69;0.04;-0.1;0.292;3.9;1.21;-0.1;109.6;111;10.58;0.415;0;-0.1;2.87;2.87;0;5.08;103.3;17.033;0.292;4.6;0
07.01.2022;09:42:00;0;greeenland;0.71;0.09;-0.1;0.293;4.04;1.26;-0.1;109.6;111.1;10.59;0.416;0;-0.1;2.9;2.9;0;5.16;99.3;17.038;0.293;4.6;0
07.01.2022;09:42:02;0;greeenland;0.69;0.02;-0.1;0.292;4.02;1.25;-0.1;109.6;111;10.58;0.415;0;-0.1;2.88;2.88;0;5.03;106.1;17.024;0.293;4.6;0
07.01.2022;09:42:04;0;greeenland;0.71;0.09;-0.1;0.292;4.11;1.28;-0.1;109.5;111;10.58;0.415;0;-0.1;2.92;2.92;0;5.01;107.1;17.014;0.292;4.6;0
07.01.2022;09:42:06;0;greeenland;0.68;0.01;-0.1;0.293;4.01;1.25;-0.1;109.6;111.1;10.59;0.416;0;-0.1;2.9;2.9;0;4.91;112.5;17.005;0.293;4.6;0
07.01.2022;09:42:08;0;greeenland;0.68;-0.02;0;0.292;3.88;1.21;-0.1;109.6;111;10.59;0.415;0;-0.1;2.9;2.9;0;5.21;96.9;17.002;0.292;4.59;0
07.01.2022;09:42:10;0;greeenland;0.74;0.19;-0.1;0.293;4.15;1.3;-0.1;109.6;111;10.59;0.416;0;-0.1;2.98;2.98;0;5.22;96.3;16.994;0.292;4.59;0
07.01.2022;09:42:12;0;greeenland;0.72;0.12;-0.1;0.292;3.89;1.21;-0.1;109.6;111.1;10.6;0.415;0;-0.1;2.91;2.91;0;5.13;101;16.982;0.292;4.59;0
07.01.2022;09:42:14;0;greeenland;0.69;0.03;0;0.293;3.86;1.2;-0.1;109.6;111.1;10.6;0.416;0;-0.1;2.88;2.88;0;5.2;96.9;16.978;0.293;4.59;0
07.01.2022;09:42:16;0;greeenland;0.72;0.11;-0.1;0.292;3.91;1.22;-0.1;109.6;111;10.6;0.414;0;-0.1;2.95;2.95;0;5.26;93.9;16.972;0.292;4.59;0
07.01.2022;09:42:18;0;greeenland;0.7;0.07;-0.1;0.292;4.13;1.29;-0.1;109.6;111;10.6;0.415;0;-0.1;2.94;2.94;0;5.12;101.4;16.973;0.292;4.58;0
07.01.2022;09:42:20;0;greeenland;0.73;0.16;-0.1;0.293;4.12;1.29;-0.1;109.6;111.1;10.6;0.417;0;-0.1;2.96;2.96;0;4.83;116.7;16.976;0.293;4.58;0
07.01.2022;09:42:22;0;greeenland;0.66;-0.08;0;0.293;4.03;1.26;-0.1;109.5;111;10.59;0.416;0;-0.1;2.93;2.93;0;4.62;127.6;16.97;0.292;4.58;0
07.01.2022;09:42:24;0;greeenland;0.71;0.07;-0.1;0.292;4.03;1.26;-0.1;109.5;111;10.59;0.414;0;-0.1;2.98;2.98;0;4.95;110.2;16.955;0.292;4.58;0
07.01.2022;09:42:26;0;greeenland;0.68;0;-0.1;0.293;4.13;1.29;-0.1;109.5;111;10.59;0.416;0;-0.1;2.97;2.97;0;5.61;75.8;16.951;0.293;4.58;0
07.01.2022;09:42:28;0;greeenland;0.73;0.14;-0.1;0.293;3.91;1.22;-0.1;109.5;111;10.59;0.416;0;-0.1;2.9;2.9;0;5.17;98.8;16.955;0.293;4.61;0
07.01.2022;09:42:30;0;greeenland;0.74;0.19;-0.1;0.293;4.05;1.26;-0.1;109.5;110.9;10.59;0.416;0;-0.1;2.92;2.92;0;5.08;103.5;16.964;0.293;4.61;0
07.01.2022;09:42:32;0;greeenland;0.68;-0.01;-0.1;0.292;4.22;1.32;-0.1;109.5;111;10.59;0.415;0;-0.1;2.93;2.93;0;5.11;101.8;16.968;0.293;4.61;0
07.01.2022;09:42:34;0;greeenland;0.77;0.27;-0.1;0.292;4.15;1.3;-0.1;109.5;110.9;10.59;0.415;0;-0.1;2.87;2.87;0;5.28;93.2;16.957;0.292;4.61;0
07.01.2022;09:42:36;0;greeenland;0.74;0.19;-0.1;0.293;4.08;1.27;-0.1;109.5;111;10.59;0.416;0;-0.1;2.97;2.97;0;5.15;99.7;16.961;0.293;4.61;0
07.01.2022;09:42:38;0;greeenland;0.69;0.04;-0.1;0.293;4.19;1.31;-0.1;109.5;111;10.59;0.416;0;-0.1;2.93;2.93;0;5.14;100.1;16.966;0.293;4.59;0
07.01.2022;09:42:40;0;greeenland;0.71;0.08;0;0.293;4;1.25;-0.1;109.5;110.9;10.59;0.416;0;-0.1;2.87;2.87;0;5.09;102.7;16.968;0.293;4.59;0
07.01.2022;09:42:42;0;greeenland;0.71;0.09;-0.1;0.293;4.03;1.26;-0.1;109.5;111;10.59;0.416;0;-0.1;2.89;2.89;0;5.18;98.3;16.969;0.293;4.59;0
07.01.2022;09:42:44;0;greeenland;0.69;0.03;-0.1;0.293;4.05;1.26;-0.1;109.5;111;10.59;0.416;0;-0.1;2.93;2.93;0;5.33;90.3;16.964;0.292;4.59;0
07.01.2022;09:42:46;0;greeenland;0.69;0.04;-0.1;0.293;4.06;1.27;-0.1;109.5;111;10.59;0.416;0;-0.1;2.9;2.9;0;4.38;139.9;16.969;0.292;4.59;0
07.01.2022;09:42:48;0;greeenland;0.76;0.24;-0.1;0.293;4.02;1.25;-0.1;109.5;110.9;10.59;0.416;0;-0.1;2.96;2.96;0;4.95;110.1;16.952;0.292;4.52;0
07.01.2022;09:42:50;0;greeenland;0.68;0;0;0.293;4.14;1.29;-0.1;109.5;110.9;10.59;0.416;0;-0.1;2.98;2.98;0;6.35;36.8;16.937;0.294;4.52;0
07.01.2022;09:42:52;0;greeenland;0.69;0.02;-0.1;0.292;4.14;1.29;-0.1;109.4;110.9;10.59;0.415;0;-0.1;2.95;2.95;0;4.51;133.4;16.919;0.292;4.52;0
07.01.2022;09:42:54;0;greeenland;0.69;0.01;-0.1;0.292;3.88;1.21;-0.1;109.5;111;10.61;0.415;0;-0.1;2.96;2.96;0;4.79;118.8;16.895;0.293;4.52;0
07.01.2022;09:42:56;0;greeenland;0.75;0.2;-0.1;0.293;4.1;1.28;-0.1;109.5;111;10.61;0.416;0;-0.1;2.95;2.95;0;5.06;104.5;16.881;0.293;4.52;0
07.01.2022;09:42:58;0;greeenland;0.73;0.16;-0.1;0.293;4.11;1.28;-0.1;109.6;111;10.61;0.416;0;-0.1;2.88;2.88;0;5.1;102.5;16.888;0.293;4.43;0
07.01.2022;09:43:00;0;greeenland;0.71;0.1;-0.1;0.293;4.38;1.37;-0.1;109.5;111;10.61;0.416;0;-0.1;2.97;2.97;0;5.14;100.2;16.889;0.293;4.43;0
07.01.2022;09:43:02;0;greeenland;0.75;0.2;-0.1;0.293;3.95;1.23;-0.1;109.5;111;10.61;0.416;0;-0.1;2.91;2.91;0;5.18;98.3;16.876;0.293;4.43;0
07.01.2022;09:43:04;0;greeenland;0.71;0.09;-0.1;0.293;4.14;1.29;-0.1;109.6;111;10.62;0.416;0;-0.1;2.92;2.92;0;5.17;98.8;16.859;0.293;4.43;0
07.01.2022;09:43:06;0;greeenland;0.73;0.14;-0.1;0.293;4.21;1.32;-0.1;109.6;111;10.62;0.416;0;-0.1;2.86;2.86;0;5.21;96.4;16.844;0.293;4.43;0
07.01.2022;09:43:08;0;greeenland;0.72;0.1;-0.1;0.293;4;1.25;-0.1;109.6;111;10.63;0.416;0;-0.1;2.89;2.89;0;5.14;100.2;16.828;0.293;4.52;0
07.01.2022;09:43:10;0;greeenland;0.7;0.06;-0.1;0.293;4.12;1.29;-0.1;109.6;111.1;10.63;0.416;0;-0.1;3.01;3.01;0;5.21;96.5;16.798;0.293;4.52;0
07.01.2022;09:43:12;0;greeenland;0.71;0.09;0;0.293;4.2;1.31;-0.1;109.6;111.1;10.64;0.416;0;-0.1;2.89;2.89;0;5.19;97.5;16.786;0.293;4.52;0
07.01.2022;09:43:14;0;greeenland;0.75;0.2;-0.1;0.292;4.08;1.27;-0.1;109.6;111.1;10.64;0.415;0;-0.1;2.88;2.88;0;5.18;98.2;16.773;0.292;4.52;0
07.01.2022;09:43:16;0;greeenland;0.73;0.16;-0.1;0.293;4.05;1.26;-0.1;109.6;111.1;10.64;0.416;0;-0.1;2.9;2.9;0;5.22;96;16.756;0.293;4.52;0
07.01.2022;09:43:18;0;greeenland;0.69;0.01;-0.1;0.292;3.99;1.24;-0.1;109.6;111.1;10.65;0.415;0;-0.1;2.93;2.93;0;5.23;95.3;16.752;0.293;3.82;0
07.01.2022;09:43:20;0;greeenland;0.72;0.12;-0.1;0.293;4;1.25;-0.1;109.6;111;10.65;0.416;0;-0.1;2.84;2.84;0;5.44;84.4;16.747;0.293;3.82;0
07.01.2022;09:43:22;0;greeenland;0.74;0.19;-0.1;0.293;3.95;1.23;-0.1;109.6;111.1;10.65;0.416;0;-0.1;2.93;2.93;0;5.98;56.2;16.751;0.293;3.82;0
07.01.2022;09:43:24;0;greeenland;0.71;0.07;-0.1;0.293;4.14;1.29;-0.1;109.6;111.1;10.65;0.416;0;-0.1;2.9;2.9;0;4.96;109.4;16.751;0.293;3.82;0
07.01.2022;09:44:21;0;greeenland;-0.16;-2.68;61.5;0.412;13.34;4.36;83;110.3;111.8;11.85;0.585;0.04;81.6;-0.42;-0.42;53;7.81;-38.8;12.116;0.411;4.61;0
07.01.2022;09:44:22;0;greeenland;-0.12;-2.53;61.5;0.41;13.3;4.35;83;110.4;111.9;11.86;0.583;0.04;81.6;-0.45;-0.45;53;7.81;-38.9;12.11;0.41;4.61;0
07.01.2022;09:44:24;0;greeenland;-0.14;-2.6;61.5;0.41;13.47;4.4;83;110.5;111.9;11.87;0.583;0.04;81.6;-0.48;-0.48;53;7.81;-38.9;12.101;0.411;4.61;0
07.01.2022;09:44:26;0;greeenland;-0.17;-2.69;61.4;0.41;13.13;4.29;82.9;110.6;112.1;11.89;0.582;0.04;81.5;-0.43;-0.43;53;7.81;-39;12.107;0.409;4.62;0
07.01.2022;09:44:28;0;greeenland;-0.11;-2.51;61.5;0.408;13.36;4.37;83;110.7;112.1;11.89;0.579;0.04;81.6;-0.44;-0.44;53;7.82;-39.3;12.101;0.407;4.62;0
07.01.2022;09:44:30;0;greeenland;-0.14;-2.61;61.5;0.407;13.26;4.34;83;110.7;112.2;11.9;0.578;0.04;81.6;-0.38;-0.38;53;7.82;-39.2;12.094;0.407;4.62;0
07.01.2022;09:44:32;0;greeenland;-0.17;-2.71;61.6;0.406;13.41;4.38;83.1;110.7;112.2;11.9;0.577;0.04;81.7;-0.42;-0.42;53;7.82;-39.1;12.098;0.405;4.62;0
07.01.2022;09:44:34;0;greeenland;-0.1;-2.49;61.5;0.405;13.36;4.37;83.1;110.7;112.2;11.9;0.576;0.04;81.6;-0.44;-0.44;53;7.82;-39.3;12.097;0.405;4.62;0
07.01.2022;09:44:36;0;greeenland;-0.2;-2.79;61.5;0.401;13.46;4.4;83;110.7;112.2;11.91;0.57;0.04;81.6;-0.42;-0.42;53;7.82;-39.1;12.096;0.401;4.52;0
07.01.2022;09:44:38;0;greeenland;-0.16;-2.68;61.4;0.429;13.49;4.41;82.9;110.8;112.2;11.91;0.61;0.04;81.5;-0.4;-0.4;53;7.82;-39.3;12.088;0.463;4.52;0
07.01.2022;09:44:40;0;greeenland;-0.23;-2.88;61.6;0.682;13.46;4.4;83.2;110.7;112.1;11.9;0.969;0.04;81.7;-0.38;-0.38;53;7.84;-40.3;12.077;0.695;4.52;0
07.01.2022;09:44:42;0;greeenland;-0.16;-2.66;61.7;0.808;13.39;4.38;83.4;110.6;112.1;11.9;1.148;0.04;81.9;-0.42;-0.42;53;7.85;-40.8;12.061;0.824;4.52;0
07.01.2022;09:44:44;0;greeenland;-0.14;-2.59;61.7;0.907;13.56;4.44;83.4;110.6;112.1;11.9;1.289;0.04;82;-0.37;-0.37;53;7.86;-41.3;12.041;0.924;4.52;0
