KorEXO MEASUREMENT DATA FILE EXPORT;;;;;;;;;;;;;;;;;;;;;;;;;;;
;;;;;;;;;;;;;;;;;;;;;;;;;;;
FILE CREATED:;6/28/2024 3:41:51 PM;;;;;;;;;;;;;;;;;;;;;;;;;;
;;;;;;;;;;;;;;;;;;;;;;;;;;;
;;;MEAN VALUE:;0.75;6.25;1.6;0.427;0.59;0.64;2.6;100.1;101.4;12.39;0.608;0;2.6;1.18;0.79;2;28.33;0;NA;43.3;6.215;0.439;5.86;0
;;;STANDARD DEVIATION:;0.89;2.77;2.8;0.335;0.63;0.21;4.5;1.5;1.5;0.34;0.476;0;4.4;0.81;0.81;3;22.37;0;0.82;45.5;0.583;0.363;0.04;0
;;;;;;;;;;;;;;;;;;;;;;;;;;;
;;;SENSOR SERIAL NUMBER:;15D102813;15D102813;16L102031;15C104792;15M102838;15M102838;16L102031;15M103221;15M103221;15M103221;15C104792;16L102031;16L102031;15D102813;15D102813;16L102031;23G101106;23G101106;16A102320;16A102320;16L102031;15C104792;15D102261;15D102261
Date (MM/DD/YYYY);Time (HH:MM:SS);Time (Fract. Sec);Site Name;Chlorophyll RFU;Chlorophyll ug/L;Cond µS/cm;Depth m;fDOM QSU;fDOM RFU;nLF Cond µS/cm;ODO % sat;ODO % local;ODO mg/L;Pressure psi a;Sal psu;SpCond µS/cm;BGA PC RFU;BGA PC ug/L;TDS mg/L;Turbidity FNU;TSS mg/L;pH;pH mV;Temp °C;Vertical Position m;Battery V;Cable Pwr V
6/28/2024;13:17:44;0;greeenland;0.69;6.07;-0.1;0.347;0.21;0.51;-0.2;96.5;97.8;11.72;0.493;0;-0.2;0.91;0.52;0;2.82;0;4.76;102.2;6.978;0.343;5.93;0
6/28/2024;13:17:46;0;greeenland;0.68;6.05;-0.1;0.347;0.23;0.52;-0.2;96.5;97.8;11.72;0.493;0;-0.2;0.9;0.51;0;2.8;0;4.76;102.1;6.98;0.343;5.94;0
6/28/2024;13:17:48;0;greeenland;0.68;6.06;-0.1;0.347;0.23;0.52;-0.2;96.5;97.8;11.72;0.493;0;-0.2;0.91;0.52;0;2.81;0;4.77;102.1;6.982;0.353;5.94;0
6/28/2024;13:17:50;0;greeenland;0.68;6.04;-0.1;0.347;0.24;0.53;-0.2;96.5;97.7;11.71;0.493;0;-0.2;0.9;0.52;0;2.8;0;4.77;102;6.984;0.343;5.94;0
6/28/2024;13:17:52;0;greeenland;0.67;6.02;-0.1;0.347;0.24;0.52;-0.2;96.4;97.7;11.71;0.493;0;-0.2;0.9;0.51;0;2.76;0;4.77;102;6.986;0.352;5.94;0
6/28/2024;13:17:54;0;greeenland;0.68;6.04;-0.1;0.347;0.23;0.52;-0.2;96.4;97.7;11.71;0.493;0;-0.2;0.9;0.51;0;2.73;0;4.77;101.9;6.988;0.348;5.94;0
6/28/2024;13:17:56;0;greeenland;0.67;6.01;-0.1;0.347;0.25;0.53;-0.1;96.4;97.7;11.71;0.493;0;-0.1;0.89;0.5;0;2.71;0;4.77;101.9;6.989;0.353;5.93;0
6/28/2024;13:17:58;0;greeenland;0.67;6.02;-0.1;0.347;0.25;0.53;-0.1;96.4;97.7;11.71;0.493;0;-0.1;0.88;0.49;0;2.72;0;4.77;101.9;6.99;0.343;5.93;0
6/28/2024;13:18:00;0;greeenland;0.66;6;-0.1;0.347;0.25;0.53;-0.1;96.4;97.7;11.7;0.493;0;-0.1;0.88;0.49;0;2.73;0;4.77;101.9;6.991;0.353;5.93;0
6/28/2024;13:18:02;0;greeenland;0.66;5.99;-0.1;0.347;0.25;0.53;-0.1;96.3;97.6;11.7;0.493;0;-0.1;0.88;0.49;0;2.74;0;4.77;101.9;6.992;0.347;5.93;0
6/28/2024;13:18:04;0;greeenland;0.67;6.01;-0.1;0.347;0.25;0.53;-0.1;96.3;97.6;11.69;0.493;0;-0.1;0.88;0.49;0;2.74;0;4.77;101.8;6.993;0.347;5.93;0
6/28/2024;13:18:06;0;greeenland;0.67;6.01;-0.1;0.347;0.26;0.53;-0.1;96.3;97.6;11.69;0.493;0;-0.1;0.88;0.5;0;2.76;0;4.77;101.8;6.992;0.347;5.93;0
6/28/2024;13:18:08;0;greeenland;0.67;6.02;-0.1;0.347;0.27;0.53;-0.1;96.3;97.5;11.69;0.493;0;-0.1;0.88;0.49;0;2.78;0;4.77;101.8;6.993;0.346;5.93;0
6/28/2024;13:18:10;0;greeenland;0.67;6.02;-0.1;0.347;0.25;0.53;-0.1;96.2;97.5;11.69;0.493;0;-0.1;0.88;0.49;0;2.8;0;4.77;101.8;6.993;0.348;5.93;0
6/28/2024;13:18:12;0;greeenland;0.68;6.03;-0.1;0.347;0.24;0.52;-0.1;96.2;97.5;11.69;0.493;0;-0.1;0.87;0.48;0;2.8;0;4.77;101.9;6.993;0.347;5.93;0
6/28/2024;13:18:14;0;greeenland;0.68;6.05;-0.1;0.347;0.22;0.52;-0.1;96.2;97.5;11.68;0.493;0;-0.1;0.87;0.48;0;2.79;0;4.77;101.9;6.993;0.352;5.93;0
6/28/2024;13:18:16;0;greeenland;0.69;6.06;-0.1;0.347;0.21;0.51;-0.1;96.2;97.5;11.68;0.493;0;-0.1;0.87;0.48;0;2.79;0;4.77;102;6.991;0.349;5.93;0
6/28/2024;13:18:18;0;greeenland;0.69;6.07;-0.1;0.347;0.2;0.51;-0.1;96.2;97.5;11.69;0.493;0;-0.1;0.86;0.47;0;2.76;0;4.77;102;6.989;0.351;5.93;0
6/28/2024;13:18:20;0;greeenland;0.69;6.06;-0.1;0.347;0.19;0.51;-0.1;96.2;97.5;11.69;0.493;0;-0.1;0.86;0.48;0;2.75;0;4.77;102;6.989;0.344;5.93;0
6/28/2024;13:18:22;0;greeenland;0.69;6.06;-0.1;0.347;0.17;0.5;-0.1;96.3;97.5;11.69;0.493;0;-0.1;0.85;0.46;0;2.76;0;4.77;102;6.988;0.352;5.93;0
6/28/2024;13:18:24;0;greeenland;0.69;6.06;-0.1;0.347;0.16;0.5;-0.1;96.3;97.6;11.69;0.493;0;-0.1;0.85;0.46;0;2.75;0;4.77;102;6.987;0.345;5.93;0
6/28/2024;13:18:26;0;greeenland;0.68;6.04;-0.1;0.347;0.15;0.49;-0.1;96.3;97.6;11.69;0.493;0;-0.1;0.85;0.46;0;2.76;0;4.77;102;6.986;0.347;5.92;0
6/28/2024;13:18:28;0;greeenland;0.67;6.02;-0.1;0.347;0.16;0.5;-0.1;96.3;97.6;11.7;0.493;0;-0.1;0.85;0.46;0;2.73;0;4.77;102.1;6.984;0.346;5.92;0
6/28/2024;13:18:30;0;greeenland;0.67;6;-0.1;0.347;0.17;0.5;-0.1;96.3;97.6;11.7;0.493;0;-0.1;0.85;0.47;0;2.74;0;4.76;102.2;6.983;0.347;5.92;0
6/28/2024;13:18:32;0;greeenland;0.67;6.02;-0.1;0.347;0.19;0.51;-0.1;96.3;97.6;11.7;0.493;0;-0.1;0.85;0.46;0;2.73;0;4.76;102.2;6.979;0.346;5.92;0
6/28/2024;13:18:34;0;greeenland;0.68;6.04;-0.1;0.347;0.2;0.51;-0.1;96.4;97.6;11.7;0.493;0;-0.1;0.85;0.46;0;2.72;0;4.76;102.2;6.976;0.349;5.92;0
6/28/2024;13:18:36;0;greeenland;0.68;6.05;-0.1;0.347;0.2;0.51;-0.1;96.4;97.6;11.71;0.494;0;-0.1;0.86;0.47;0;2.71;0;4.76;102.2;6.973;0.346;5.93;0
6/28/2024;13:18:38;0;greeenland;0.68;6.04;-0.1;0.347;0.22;0.52;-0.1;96.4;97.7;11.71;0.494;0;-0.1;0.86;0.47;0;2.72;0;4.76;102.2;6.969;0.349;5.93;0
6/28/2024;13:18:40;0;greeenland;0.68;6.05;-0.1;0.347;0.23;0.52;-0.1;96.4;97.7;11.71;0.493;0;-0.1;0.86;0.47;0;2.7;0;4.76;102.1;6.968;0.345;5.93;0
6/28/2024;13:18:42;0;greeenland;0.67;6.02;-0.1;0.347;0.25;0.53;-0.1;96.4;97.7;11.71;0.493;0;-0.1;0.86;0.47;0;2.72;0;4.76;102.1;6.967;0.347;5.93;0
6/28/2024;13:18:44;0;greeenland;0.67;6.01;-0.1;0.347;0.26;0.53;-0.1;96.4;97.7;11.72;0.494;0;-0.1;0.86;0.47;0;2.71;0;4.76;102.2;6.967;0.352;5.93;0
6/28/2024;13:18:46;0;greeenland;0.67;6.01;-0.1;0.347;0.26;0.53;-0.1;96.4;97.7;11.72;0.494;0;-0.1;0.86;0.47;0;2.7;0;4.76;102.2;6.968;0.346;5.92;0
6/28/2024;13:18:48;0;greeenland;0.67;6.01;-0.1;0.347;0.26;0.53;-0.1;96.5;97.8;11.72;0.494;0;-0.1;0.86;0.47;0;2.71;0;4.77;102.1;6.969;0.348;5.92;0
6/28/2024;13:18:50;0;greeenland;0.67;6.02;-0.1;0.347;0.27;0.53;-0.1;96.5;97.8;11.72;0.494;0;-0.1;0.86;0.47;0;2.72;0;4.77;102;6.972;0.347;5.92;0
6/28/2024;13:18:52;0;greeenland;0.67;6.02;-0.1;0.347;0.28;0.54;-0.1;96.5;97.8;11.72;0.494;0;-0.1;0.86;0.47;0;2.7;0;4.77;102;6.974;0.347;5.92;0
6/28/2024;13:18:54;0;greeenland;0.69;6.06;-0.1;0.347;0.3;0.54;-0.1;96.5;97.8;11.72;0.494;0;-0.1;0.85;0.46;0;2.89;0;4.77;102;6.969;0.348;5.92;0
6/28/2024;13:18:56;0;greeenland;0.69;6.07;-0.1;0.347;0.32;0.55;-0.1;96.5;97.8;11.72;0.494;0;-0.1;0.85;0.46;0;2.88;0;4.77;102.1;6.961;0.347;5.91;0
6/28/2024;13:18:58;0;greeenland;0.69;6.06;-0.1;0.347;0.36;0.56;-0.1;96.5;97.8;11.73;0.494;0;-0.1;0.85;0.46;0;2.86;0;4.76;102.2;6.954;0.348;5.91;0
6/28/2024;13:19:00;0;greeenland;0.68;6.05;-0.1;0.347;0.41;0.58;-0.1;96.5;97.8;11.73;0.494;0;-0.1;0.85;0.46;0;2.84;0;4.76;102.3;6.945;0.347;5.91;0
6/28/2024;13:19:02;0;greeenland;0.69;6.09;-0.1;0.347;0.45;0.6;-0.1;96.5;97.8;11.74;0.494;0;-0.1;0.86;0.47;0;2.83;0;4.76;102.5;6.936;0.352;5.91;0
6/28/2024;13:19:04;0;greeenland;0.7;6.1;-0.1;0.347;0.51;0.61;-0.1;96.5;97.8;11.74;0.494;0;-0.1;0.86;0.47;0;2.79;0;4.76;102.6;6.928;0.345;5.91;0
6/28/2024;13:19:06;0;greeenland;0.7;6.11;-0.1;0.348;0.55;0.63;-0.1;96.6;97.8;11.74;0.494;0;-0.1;0.86;0.47;0;2.75;0;4.76;102.6;6.923;0.351;5.91;0
6/28/2024;13:19:08;0;greeenland;0.72;6.16;-0.1;0.347;0.61;0.65;-0.1;96.6;97.8;11.75;0.494;0;-0.1;0.87;0.48;0;2.71;0;4.76;102.6;6.977;0.344;5.91;0
6/28/2024;13:19:10;0;greeenland;0.72;6.15;-0.1;0.347;0.63;0.65;-0.1;96.5;97.8;11.71;0.494;0;-0.1;0.87;0.48;0;2.66;0;4.76;102.6;7.065;0.35;5.91;0
6/28/2024;13:19:12;0;greeenland;0.72;6.15;-0.1;0.347;0.69;0.67;-0.1;96.4;97.7;11.68;0.494;0;-0.1;0.87;0.48;0;2.61;0;4.76;102.6;7.108;0.342;5.91;0
6/28/2024;13:19:14;0;greeenland;0.71;6.14;-0.1;0.347;0.74;0.69;-0.1;96.4;97.7;11.67;0.494;0;-0.1;0.86;0.47;0;2.6;0;4.76;102.6;7.128;0.354;5.91;0
6/28/2024;13:19:16;0;greeenland;0.69;6.09;-0.1;0.347;0.77;0.7;-0.1;96.4;97.7;11.67;0.494;0;-0.1;0.87;0.48;0;2.59;0;4.76;102.7;7.139;0.347;5.91;0
6/28/2024;13:19:18;0;greeenland;0.68;6.04;-0.1;0.348;0.76;0.7;-0.1;96.5;97.8;11.67;0.494;0;-0.1;0.85;0.47;0;2.59;0;4.76;102.6;7.144;0.35;5.91;0
6/28/2024;13:19:20;0;greeenland;0.67;6.01;-0.1;0.348;0.75;0.69;-0.1;96.6;97.9;11.68;0.494;0;-0.1;0.85;0.46;0;2.57;0;4.76;102.7;7.149;0.346;5.91;0
6/28/2024;13:19:22;0;greeenland;0.65;5.95;-0.1;0.348;0.74;0.69;-0.1;96.7;98;11.72;0.494;0;-0.1;0.84;0.45;0;2.55;0;4.76;102.7;7.041;0.349;5.91;0
6/28/2024;13:19:24;0;greeenland;0.65;5.96;-0.1;0.348;0.72;0.68;-0.1;97.1;98.4;11.78;0.495;0;-0.1;0.84;0.45;0;2.46;0;4.75;102.7;6.979;0.352;5.91;0
6/28/2024;13:19:26;0;greeenland;0.65;5.95;-0.1;0.348;0.71;0.68;-0.1;97.4;98.7;11.83;0.494;0;-0.1;0.83;0.44;0;2.43;0;4.63;109.4;6.944;0.346;5.9;0
6/28/2024;13:19:28;0;greeenland;0.65;5.95;-0.1;0.348;0.67;0.67;-0.1;97.6;98.9;11.87;0.494;0;-0.1;0.82;0.43;0;2.46;0;4.64;108.9;6.926;0.352;5.9;0
6/28/2024;13:19:30;0;greeenland;0.66;5.98;-0.1;0.348;0.68;0.67;-0.1;97.9;99.2;11.91;0.494;0;-0.1;0.82;0.43;0;2.46;0;4.67;107.5;6.911;0.344;5.9;0
6/28/2024;13:19:32;0;greeenland;0.67;6;-0.1;0.348;0.64;0.66;-0.1;98.1;99.4;11.94;0.494;0;-0.1;0.83;0.44;0;2.46;0;4.69;106.5;6.901;0.354;5.9;0
6/28/2024;13:19:34;0;greeenland;0.66;5.98;-0.1;0.348;0.64;0.66;-0.1;98.3;99.6;11.97;0.494;0;-0.1;0.83;0.44;0;2.48;0;4.68;106.6;6.894;0.347;5.9;0
6/28/2024;13:19:36;0;greeenland;0.66;5.99;-0.1;0.347;0.62;0.65;-0.1;98.5;99.8;11.99;0.494;0;-0.1;0.83;0.44;0;2.54;0;4.69;106.2;6.89;0.346;5.91;0
6/28/2024;13:19:38;0;greeenland;0.67;6;-0.1;0.348;0.56;0.63;-0.1;98.6;99.9;12.01;0.494;0;-0.1;0.83;0.44;0;2.52;0;4.7;105.9;6.887;0.348;5.91;0
6/28/2024;13:19:40;0;greeenland;0.66;5.99;-0.1;0.348;0.53;0.62;-0.1;98.7;100;12.02;0.494;0;-0.1;0.83;0.44;0;2.47;0;4.7;105.7;6.883;0.348;5.91;0
6/28/2024;13:19:42;0;greeenland;0.65;5.96;-0.1;0.348;0.5;0.61;-0.1;98.8;100.1;12.03;0.495;0;-0.1;0.83;0.45;0;2.45;0;4.7;105.5;6.882;0.348;5.91;0
6/28/2024;13:19:44;0;greeenland;0.65;5.96;-0.1;0.348;0.47;0.6;-0.1;98.9;100.2;12.05;0.494;0;-0.1;0.84;0.45;0;2.42;0;4.71;105.3;6.882;0.347;5.91;0
6/28/2024;13:19:46;0;greeenland;0.67;6.02;-0.1;0.348;0.45;0.59;-0.1;99;100.4;12.06;0.494;0;-0.1;0.83;0.44;0;2.39;0;4.71;105.2;6.882;0.345;5.91;0
6/28/2024;13:19:48;0;greeenland;0.66;5.99;-0.1;0.348;0.43;0.59;-0.1;99.1;100.4;12.07;0.494;0;-0.1;0.84;0.45;0;2.37;0;4.71;105.1;6.883;0.349;5.91;0
6/28/2024;13:19:50;0;greeenland;0.65;5.95;-0.1;0.348;0.39;0.58;-0.1;99.2;100.5;12.08;0.494;0;-0.1;0.84;0.45;0;2.34;0;4.71;105.1;6.884;0.345;5.91;0
6/28/2024;13:19:52;0;greeenland;0.66;5.99;-0.1;0.347;0.36;0.56;-0.1;99.3;100.6;12.09;0.494;0;-0.1;0.84;0.45;0;2.31;0;4.72;104.8;6.888;0.347;5.91;0
6/28/2024;13:19:54;0;greeenland;0.67;6;-0.1;0.348;0.3;0.54;-0.1;99.4;100.7;12.1;0.495;0;-0.1;0.84;0.45;0;2.32;0;4.72;104.7;6.891;0.354;5.91;0
6/28/2024;13:19:56;0;greeenland;0.67;6.02;-0.1;0.347;0.27;0.53;-0.1;99.4;100.7;12.1;0.494;0;-0.1;0.83;0.44;0;2.33;0;4.73;104.3;6.893;0.343;5.91;0
6/28/2024;13:19:58;0;greeenland;0.68;6.03;-0.1;0.348;0.28;0.54;-0.1;99.4;100.7;12.1;0.494;0;-0.1;0.83;0.45;0;2.33;0;4.73;104.1;6.893;0.354;5.91;0
6/28/2024;13:20:00;0;greeenland;0.69;6.08;-0.1;0.348;0.26;0.53;-0.1;99.4;100.8;12.1;0.494;0;-0.1;0.84;0.45;0;2.33;0;4.73;104.1;6.893;0.347;5.91;0
6/28/2024;13:20:02;0;greeenland;0.69;6.06;-0.1;0.348;0.24;0.52;-0.1;99.5;100.8;12.11;0.494;0;-0.1;0.84;0.45;0;2.31;0;4.73;104.1;6.893;0.347;5.91;0
6/28/2024;13:20:04;0;greeenland;0.68;6.03;-0.1;0.348;0.24;0.52;-0.1;99.5;100.8;12.11;0.494;0;-0.1;0.85;0.46;0;2.31;0;4.73;104;6.892;0.348;5.91;0
6/28/2024;13:20:06;0;greeenland;0.68;6.05;-0.1;0.348;0.21;0.51;-0.1;99.5;100.8;12.11;0.494;0;-0.1;0.85;0.46;0;2.32;0;4.73;104;6.892;0.346;5.91;0
6/28/2024;13:20:08;0;greeenland;0.68;6.04;-0.1;0.348;0.17;0.5;-0.1;99.5;100.9;12.12;0.495;0;-0.1;0.84;0.46;0;2.31;0;4.73;103.9;6.892;0.347;5.91;0
6/28/2024;13:20:10;0;greeenland;0.68;6.04;-0.1;0.348;0.15;0.49;-0.1;99.6;100.9;12.12;0.494;0;-0.1;0.83;0.45;0;2.3;0;4.74;103.7;6.892;0.346;5.91;0
6/28/2024;13:20:12;0;greeenland;0.68;6.04;-0.1;0.348;0.11;0.48;-0.1;99.6;100.9;12.12;0.494;0;-0.1;0.84;0.45;0;2.3;0;4.74;103.6;6.892;0.349;5.91;0
6/28/2024;13:20:14;0;greeenland;0.68;6.05;-0.1;0.348;0.1;0.48;-0.1;99.6;101;12.13;0.495;0;-0.1;0.83;0.44;0;2.29;0;4.74;103.5;6.894;0.345;5.91;0
6/28/2024;13:20:16;0;greeenland;0.68;6.06;-0.1;0.348;0.07;0.47;-0.1;99.7;101;12.13;0.494;0;-0.1;0.83;0.44;0;2.31;0;4.74;103.4;6.897;0.351;5.91;0
6/28/2024;13:20:18;0;greeenland;0.68;6.03;-0.1;0.348;0.03;0.45;-0.1;99.7;101;12.13;0.494;0;-0.1;0.83;0.44;0;2.31;0;4.74;103.3;6.9;0.345;5.91;0
6/28/2024;13:20:20;0;greeenland;0.67;6.02;-0.1;0.347;-0.01;0.44;-0.1;99.7;101;12.13;0.494;0;-0.1;0.82;0.43;0;2.32;0;4.74;103.3;6.904;0.347;5.91;0
6/28/2024;13:20:22;0;greeenland;0.67;6.02;-0.1;0.347;-0.04;0.43;-0.1;99.7;101.1;12.13;0.494;0;-0.1;0.81;0.42;0;2.31;0;4.75;103.1;6.907;0.346;5.91;0
6/28/2024;13:20:24;0;greeenland;0.67;6.02;-0.1;0.348;-0.06;0.42;-0.1;99.7;101.1;12.14;0.494;0;-0.1;0.81;0.42;0;2.31;0;4.75;103;6.911;0.348;5.91;0
6/28/2024;13:20:26;0;greeenland;0.68;6.05;-0.1;0.347;-0.09;0.41;-0.1;99.7;101.1;12.14;0.494;0;-0.1;0.81;0.42;0;2.33;0;4.75;103;6.914;0.344;5.9;0
6/28/2024;13:20:28;0;greeenland;0.67;6.02;-0.1;0.347;-0.1;0.41;-0.1;99.7;101.1;12.13;0.494;0;-0.1;0.82;0.44;0;2.32;0;4.75;102.9;6.916;0.346;5.9;0
6/28/2024;13:20:30;0;greeenland;0.67;6.01;-0.1;0.347;-0.11;0.41;-0.1;99.8;101.1;12.14;0.494;0;-0.1;0.83;0.44;0;2.32;0;4.75;102.9;6.919;0.348;5.9;0
6/28/2024;13:20:32;0;greeenland;0.67;6;-0.1;0.347;-0.13;0.4;-0.1;99.8;101.1;12.14;0.494;0;-0.1;0.83;0.44;0;2.32;0;4.75;102.9;6.921;0.347;5.9;0
6/28/2024;13:20:34;0;greeenland;0.66;5.99;-0.1;0.347;-0.16;0.39;-0.1;99.8;101.1;12.14;0.494;0;-0.1;0.84;0.45;0;2.31;0;4.75;102.8;6.923;0.344;5.9;0
6/28/2024;13:20:36;0;greeenland;0.66;5.98;-0.1;0.347;-0.16;0.39;-0.1;99.8;101.1;12.14;0.493;0;-0.1;0.83;0.45;0;2.28;0;4.75;102.9;6.923;0.349;5.9;0
6/28/2024;13:20:38;0;greeenland;0.65;5.96;-0.1;0.347;-0.17;0.39;-0.1;99.8;101.1;12.14;0.494;0;-0.1;0.84;0.45;0;2.28;0;4.75;102.8;6.925;0.355;5.9;0
6/28/2024;13:20:40;0;greeenland;0.66;5.98;-0.1;0.347;-0.18;0.38;-0.1;99.8;101.1;12.14;0.494;0;-0.1;0.85;0.46;0;2.27;0;4.75;102.8;6.929;0.345;5.9;0
6/28/2024;13:20:42;0;greeenland;0.66;5.97;-0.1;0.347;-0.18;0.38;-0.1;99.8;101.2;12.14;0.494;0;-0.1;0.85;0.46;0;2.29;0;4.75;102.8;6.933;0.352;5.9;0
6/28/2024;13:20:44;0;greeenland;0.66;5.97;-0.1;0.347;-0.19;0.38;-0.1;99.8;101.2;12.14;0.494;0;-0.1;0.84;0.45;0;2.29;0;4.75;102.8;6.937;0.353;5.9;0
6/28/2024;13:20:46;0;greeenland;0.66;5.97;-0.1;0.347;-0.16;0.39;-0.1;99.8;101.2;12.14;0.494;0;-0.1;0.84;0.45;0;2.31;0;4.75;102.7;6.941;0.347;5.9;0
6/28/2024;13:20:48;0;greeenland;0.65;5.95;-0.1;0.347;-0.11;0.41;-0.1;99.9;101.2;12.14;0.494;0;-0.1;0.83;0.44;0;2.32;0;4.76;102.6;6.947;0.347;5.9;0
6/28/2024;13:20:50;0;greeenland;0.65;5.95;-0.1;0.347;-0.1;0.41;-0.1;99.9;101.2;12.14;0.493;0;-0.1;0.83;0.44;0;2.33;0;4.76;102.5;6.952;0.346;5.9;0
6/28/2024;13:20:52;0;greeenland;0.65;5.93;-0.1;0.347;-0.08;0.42;-0.1;99.9;101.2;12.14;0.493;0;-0.1;0.83;0.44;0;2.35;0;4.76;102.4;6.955;0.346;5.9;0
6/28/2024;13:20:54;0;greeenland;0.65;5.94;-0.1;0.347;-0.03;0.43;-0.1;99.9;101.2;12.14;0.493;0;-0.1;0.83;0.44;0;2.35;0;4.76;102.3;6.959;0.348;5.9;0
6/28/2024;13:20:56;0;greeenland;0.63;5.9;-0.1;0.347;-0.01;0.44;-0.1;99.9;101.3;12.14;0.493;0;-0.1;0.83;0.44;0;2.35;0;4.76;102.2;6.962;0.346;5.9;0
6/28/2024;13:20:58;0;greeenland;0.64;5.93;-0.1;0.347;0.01;0.45;-0.1;99.9;101.3;12.14;0.494;0;-0.1;0.84;0.45;0;2.36;0;4.77;102.1;6.965;0.348;5.9;0
6/28/2024;13:21:00;0;greeenland;0.66;5.97;-0.1;0.347;0.04;0.46;-0.1;100;101.3;12.14;0.493;0;-0.1;0.83;0.45;0;2.35;0;4.77;102;6.968;0.346;5.9;0
6/28/2024;13:21:02;0;greeenland;0.66;5.98;-0.1;0.347;0.07;0.47;-0.1;99.9;101.3;12.14;0.493;0;-0.1;0.84;0.45;0;2.32;0;4.77;102;6.97;0.346;5.9;0
6/28/2024;13:21:04;0;greeenland;0.67;6;-0.1;0.347;0.07;0.47;-0.1;99.9;101.3;12.14;0.494;0;-0.1;0.84;0.45;0;2.32;0;4.76;102.1;6.969;0.349;5.9;0
6/28/2024;13:21:06;0;greeenland;0.68;6.03;-0.1;0.348;0.09;0.48;-0.1;99.9;101.3;12.14;0.494;0;-0.1;0.84;0.45;0;2.3;0;4.76;102.4;6.965;0.353;5.89;0
6/28/2024;13:21:08;0;greeenland;0.68;6.04;-0.1;0.347;0.06;0.46;-0.1;99.9;101.3;12.14;0.494;0;-0.1;0.84;0.45;0;2.29;0;4.76;102.5;6.961;0.344;5.89;0
6/28/2024;13:21:10;0;greeenland;0.68;6.03;-0.1;0.347;0.08;0.47;-0.1;99.9;101.3;12.14;0.494;0;-0.1;0.84;0.45;0;2.28;0;4.86;97;6.957;0.348;5.89;0
6/28/2024;13:21:12;0;greeenland;0.67;6.02;-0.1;0.347;0.12;0.48;-0.1;99.9;101.2;12.14;0.494;0;-0.1;0.84;0.45;0;2.25;0;4.86;97.1;6.953;0.346;5.89;0
6/28/2024;13:21:14;0;greeenland;0.68;6.03;0;0.347;0.11;0.48;-0.1;99.9;101.3;12.15;0.494;0;-0.1;0.84;0.45;0;2.22;0;4.86;97;6.949;0.348;5.89;0
6/28/2024;13:21:16;0;greeenland;0.67;6.02;0;0.347;0.13;0.49;-0.1;99.9;101.3;12.15;0.493;0;-0.1;0.84;0.45;0;2.2;0;4.84;97.7;6.947;0.347;5.9;0
6/28/2024;13:21:18;0;greeenland;0.67;6.02;0;0.347;0.14;0.49;-0.1;99.9;101.3;12.15;0.494;0;-0.1;0.84;0.45;0;2.2;0;4.84;98;6.947;0.346;5.9;0
6/28/2024;13:21:20;0;greeenland;0.67;6.01;0;0.347;0.15;0.49;-0.1;99.9;101.3;12.15;0.494;0;-0.1;0.84;0.45;0;2.18;0;4.82;98.8;6.945;0.348;5.9;0
6/28/2024;13:21:22;0;greeenland;0.68;6.03;0;0.347;0.14;0.49;-0.1;99.9;101.2;12.14;0.494;0;-0.1;0.83;0.44;0;2.18;0;4.81;99.4;6.94;0.348;5.9;0
6/28/2024;13:21:24;0;greeenland;0.68;6.05;-0.1;0.347;0.16;0.5;-0.1;99.8;101.1;12.14;0.494;0;-0.1;0.84;0.45;0;2.17;0;4.81;99.8;6.928;0.352;5.9;0
6/28/2024;13:21:26;0;greeenland;0.69;6.08;0;0.347;0.13;0.49;-0.1;99.7;101.1;12.13;0.494;0;-0.1;0.84;0.45;0;2.16;0;4.8;100.1;6.911;0.348;5.9;0
6/28/2024;13:21:28;0;greeenland;0.69;6.07;0;0.348;0.14;0.49;-0.1;99.7;101;12.13;0.494;0;-0.1;0.83;0.44;0;2.15;0;4.8;100;6.898;0.354;5.9;0
6/28/2024;13:21:30;0;greeenland;0.68;6.05;0;0.348;0.15;0.5;-0.1;99.7;101;12.14;0.494;0;-0.1;0.83;0.44;0;2.14;0;4.8;99.9;6.888;0.345;5.9;0
6/28/2024;13:21:32;0;greeenland;0.68;6.03;0;0.348;0.14;0.49;-0.1;99.7;101;12.14;0.494;0;-0.1;0.82;0.43;0;2.14;0;4.8;99.9;6.883;0.353;5.9;0
6/28/2024;13:21:34;0;greeenland;0.67;6.03;0;0.348;0.15;0.49;-0.1;99.7;101.1;12.14;0.494;0;-0.1;0.82;0.43;0;2.14;0;4.8;99.9;6.881;0.345;5.9;0
6/28/2024;13:21:36;0;greeenland;0.67;6.02;0;0.348;0.15;0.49;-0.1;99.8;101.1;12.15;0.494;0;-0.1;0.82;0.43;0;2.13;0;4.8;100;6.881;0.349;5.89;0
6/28/2024;13:21:38;0;greeenland;0.67;6.01;0;0.348;0.15;0.49;-0.1;99.8;101.2;12.16;0.495;0;-0.1;0.81;0.42;0;2.13;0;4.8;100.3;6.89;0.348;5.89;0
6/28/2024;13:21:40;0;greeenland;0.68;6.03;0;0.348;0.17;0.5;-0.1;99.9;101.2;12.16;0.495;0;-0.1;0.81;0.43;0;2.13;0;4.79;100.5;6.898;0.348;5.89;0
6/28/2024;13:21:42;0;greeenland;0.67;6.02;0;0.348;0.19;0.51;-0.1;99.9;101.2;12.16;0.495;0;-0.1;0.81;0.42;0;2.15;0;4.8;100.3;6.903;0.348;5.89;0
6/28/2024;13:21:44;0;greeenland;0.66;5.99;-0.1;0.348;0.21;0.51;-0.1;99.9;101.3;12.16;0.495;0;-0.1;0.81;0.42;0;2.17;0;4.8;100;6.907;0.347;5.89;0
6/28/2024;13:21:46;0;greeenland;0.66;5.97;-0.1;0.348;0.21;0.52;-0.1;99.9;101.3;12.16;0.495;0;-0.1;0.81;0.42;0;2.18;0;4.81;99.7;6.911;0.347;5.89;0
6/28/2024;13:21:48;0;greeenland;0.67;6;-0.1;0.348;0.22;0.52;-0.1;100;101.3;12.16;0.495;0;-0.1;0.81;0.42;0;2.17;0;4.81;99.4;6.917;0.35;5.89;0
6/28/2024;13:21:50;0;greeenland;0.66;5.97;-0.1;0.348;0.23;0.52;-0.1;100;101.3;12.16;0.495;0;-0.1;0.8;0.41;0;2.16;0;4.82;99.3;6.923;0.347;5.89;0
6/28/2024;13:21:52;0;greeenland;0.66;5.98;-0.1;0.348;0.21;0.52;-0.1;100;101.3;12.16;0.495;0;-0.1;0.81;0.42;0;2.2;0;4.84;98.2;6.931;0.348;5.89;0
6/28/2024;13:21:54;0;greeenland;0.67;6.01;-0.1;0.348;0.19;0.51;-0.1;100;101.3;12.16;0.495;0;-0.1;0.82;0.43;0;2.21;0;4.76;102.1;6.938;0.353;5.89;0
6/28/2024;13:21:56;0;greeenland;0.68;6.03;-0.1;0.348;0.2;0.51;-0.1;99.9;101.3;12.15;0.495;0;-0.1;0.82;0.43;0;2.21;0;4.77;102.1;6.94;0.347;5.89;0
6/28/2024;13:21:58;0;greeenland;0.67;6.02;-0.1;0.348;0.2;0.51;-0.1;99.9;101.2;12.15;0.495;0;-0.1;0.83;0.44;0;2.18;0;4.77;101.7;6.938;0.348;5.89;0
6/28/2024;13:22:00;0;greeenland;0.67;6.01;-0.1;0.348;0.2;0.51;-0.1;99.8;101.2;12.14;0.495;0;-0.1;0.82;0.43;0;2.17;0;4.77;101.9;6.933;0.348;5.89;0
6/28/2024;13:22:02;0;greeenland;0.67;6.02;-0.1;0.348;0.19;0.51;-0.1;99.8;101.1;12.14;0.495;0;-0.1;0.82;0.43;0;2.17;0;4.77;102;6.926;0.347;5.89;0
6/28/2024;13:22:04;0;greeenland;0.66;5.98;-0.1;0.348;0.17;0.5;-0.1;99.8;101.1;12.14;0.495;0;-0.1;0.83;0.44;0;2.19;0;4.76;102.1;6.92;0.351;5.89;0
6/28/2024;13:22:06;0;greeenland;0.67;6;-0.1;0.348;0.16;0.5;-0.1;99.8;101.1;12.14;0.495;0;-0.1;0.83;0.45;0;2.17;0;4.77;102.1;6.915;0.349;5.89;0
6/28/2024;13:22:08;0;greeenland;0.67;6;-0.1;0.349;0.15;0.49;-0.1;99.8;101.1;12.14;0.496;0;-0.1;0.84;0.45;0;2.15;0;4.77;102.1;6.908;0.35;5.89;0
6/28/2024;13:22:10;0;greeenland;0.66;5.99;-0.1;0.349;0.13;0.49;-0.1;99.7;101.1;12.14;0.496;0;-0.1;0.84;0.45;0;2.13;0;4.77;102;6.905;0.349;5.89;0
6/28/2024;13:22:12;0;greeenland;0.66;5.99;-0.1;0.349;0.13;0.49;-0.1;99.8;101.1;12.14;0.496;0;-0.1;0.83;0.44;0;2.12;0;4.77;101.9;6.905;0.348;5.89;0
6/28/2024;13:22:14;0;greeenland;0.66;5.98;-0.1;0.348;0.12;0.48;-0.1;99.8;101.1;12.14;0.495;0;-0.1;0.83;0.44;0;2.1;0;4.77;101.8;6.904;0.345;5.89;0
6/28/2024;13:22:16;0;greeenland;0.65;5.94;-0.1;0.349;0.1;0.48;-0.1;99.7;101.1;12.14;0.496;0;-0.1;0.82;0.43;0;2.1;0;4.77;101.8;6.904;0.356;5.89;0
6/28/2024;13:22:18;0;greeenland;0.64;5.92;-0.1;0.348;0.08;0.47;-0.1;99.7;101;12.13;0.495;0;-0.1;0.83;0.44;0;2.1;0;4.77;101.9;6.902;0.345;5.89;0
6/28/2024;13:22:20;0;greeenland;0.65;5.95;-0.1;0.349;0.06;0.46;-0.1;99.7;101;12.13;0.496;0;-0.1;0.84;0.45;0;2.07;0;4.77;102;6.9;0.348;5.89;0
6/28/2024;13:22:22;0;greeenland;0.66;5.98;-0.1;0.349;0.03;0.45;-0.1;99.7;101;12.13;0.496;0;-0.1;0.84;0.45;0;2.09;0;4.77;101.9;6.899;0.351;5.89;0
6/28/2024;13:22:24;0;greeenland;0.68;6.03;-0.1;0.349;0.02;0.45;-0.1;99.7;101;12.13;0.497;0;-0.1;0.83;0.44;0;2.09;0;4.77;101.9;6.898;0.35;5.89;0
6/28/2024;13:22:26;0;greeenland;0.66;5.99;-0.1;0.349;0.03;0.45;-0.1;99.7;101;12.13;0.496;0;-0.1;0.83;0.44;0;2.07;0;4.77;101.8;6.894;0.349;5.89;0
6/28/2024;13:22:28;0;greeenland;0.68;6.04;-0.1;0.349;0.03;0.45;-0.1;99.7;101;12.14;0.496;0;-0.1;0.83;0.44;0;2.07;0;4.77;101.9;6.89;0.348;5.89;0
6/28/2024;13:22:30;0;greeenland;0.68;6.03;-0.1;0.349;0.01;0.45;-0.1;99.7;101.1;12.14;0.497;0;-0.1;0.84;0.45;0;2.08;0;4.77;101.8;6.887;0.349;5.89;0
6/28/2024;13:22:32;0;greeenland;0.68;6.05;-0.1;0.349;0.02;0.45;-0.1;99.8;101.1;12.15;0.497;0;-0.1;0.85;0.46;0;2.09;0;4.77;101.6;6.882;0.35;5.89;0
6/28/2024;13:22:34;0;greeenland;0.68;6.05;-0.1;0.349;0.03;0.45;-0.1;99.8;101.1;12.15;0.497;0;-0.1;0.85;0.46;0;2.11;0;4.77;101.5;6.874;0.353;5.89;0
6/28/2024;13:22:36;0;greeenland;0.7;6.1;-0.1;0.349;0.07;0.47;-0.1;99.8;101.1;12.15;0.497;0;-0.1;0.85;0.46;0;2.1;0;4.78;101.5;6.862;0.347;5.88;0
6/28/2024;13:22:38;0;greeenland;0.69;6.08;-0.1;0.349;0.08;0.47;-0.1;99.8;101.1;12.16;0.497;0;-0.1;0.84;0.45;0;2.12;0;4.78;101.3;6.849;0.348;5.88;0
6/28/2024;13:22:40;0;greeenland;0.7;6.1;0;0.349;0.12;0.49;-0.1;99.8;101.1;12.16;0.496;0;-0.1;0.84;0.46;0;2.15;0;4.78;101.2;6.837;0.345;5.88;0
6/28/2024;13:22:42;0;greeenland;0.69;6.07;0;0.349;0.14;0.49;-0.1;99.8;101.1;12.17;0.496;0;-0.1;0.84;0.46;0;2.17;0;4.79;100.8;6.826;0.355;5.88;0
6/28/2024;13:22:44;0;greeenland;0.69;6.07;0;0.349;0.16;0.5;-0.1;99.8;101.2;12.17;0.496;0;-0.1;0.85;0.46;0;2.19;0;4.79;100.6;6.814;0.346;5.88;0
6/28/2024;13:22:46;0;greeenland;0.67;6;0;0.349;0.16;0.5;-0.1;99.8;101.2;12.18;0.496;0;-0.1;0.85;0.46;0;2.16;0;4.79;100.4;6.803;0.348;5.89;0
6/28/2024;13:22:48;0;greeenland;0.66;5.99;0;0.349;0.17;0.5;-0.1;99.9;101.2;12.18;0.496;0;-0.1;0.85;0.46;0;2.16;0;4.8;100.3;6.795;0.347;5.89;0
6/28/2024;13:22:50;0;greeenland;0.65;5.95;0;0.349;0.2;0.51;-0.1;99.9;101.2;12.19;0.497;0;-0.1;0.83;0.44;0;2.15;0;4.8;100.1;6.788;0.351;5.89;0
6/28/2024;13:22:52;0;greeenland;0.66;5.97;0;0.349;0.2;0.51;-0.1;99.9;101.2;12.19;0.497;0;-0.1;0.83;0.44;0;2.16;0;4.8;100;6.781;0.348;5.89;0
6/28/2024;13:22:54;0;greeenland;0.66;5.99;0;0.349;0.19;0.51;-0.1;99.9;101.2;12.19;0.496;0;-0.1;0.83;0.45;0;2.17;0;4.8;100;6.775;0.348;5.89;0
6/28/2024;13:22:56;0;greeenland;0.66;5.98;0;0.349;0.17;0.5;-0.1;99.9;101.2;12.2;0.496;0;-0.1;0.82;0.43;0;2.19;0;4.8;99.9;6.77;0.346;5.88;0
6/28/2024;13:22:58;0;greeenland;0.66;5.98;0;0.349;0.18;0.5;-0.1;99.9;101.2;12.2;0.496;0;-0.1;0.82;0.43;0;2.2;0;4.81;99.7;6.766;0.349;5.88;0
6/28/2024;13:23:00;0;greeenland;0.67;6;0;0.349;0.16;0.5;-0.1;99.9;101.3;12.2;0.496;0;-0.1;0.82;0.43;0;2.21;0;4.81;99.6;6.762;0.353;5.88;0
6/28/2024;13:23:02;0;greeenland;0.67;6.01;-0.1;0.349;0.16;0.5;-0.1;100;101.3;12.21;0.496;0;-0.1;0.81;0.42;0;2.22;0;4.81;99.5;6.759;0.345;5.88;0
6/28/2024;13:23:04;0;greeenland;0.66;5.98;0;0.349;0.15;0.49;-0.1;100;101.3;12.21;0.496;0;-0.1;0.82;0.43;0;2.23;0;4.81;99.5;6.758;0.354;5.88;0
6/28/2024;13:23:06;0;greeenland;0.67;6;0;0.348;0.14;0.49;-0.1;100;101.3;12.21;0.496;0;-0.1;0.82;0.44;0;2.25;0;4.81;99.4;6.756;0.346;5.88;0
6/28/2024;13:23:08;0;greeenland;0.67;6;0;0.348;0.16;0.5;-0.1;100;101.3;12.21;0.495;0;-0.1;0.83;0.44;0;2.24;0;4.81;99.3;6.751;0.348;5.88;0
6/28/2024;13:23:10;0;greeenland;0.66;5.98;0;0.348;0.15;0.49;-0.1;100;101.3;12.21;0.495;0;-0.1;0.84;0.45;0;2.25;0;4.81;99.3;6.744;0.345;5.88;0
6/28/2024;13:23:12;0;greeenland;0.66;5.99;0;0.349;0.15;0.49;-0.1;100;101.3;12.21;0.496;0;-0.1;0.84;0.45;0;2.25;0;4.82;99.2;6.736;0.355;5.88;0
6/28/2024;13:23:14;0;greeenland;0.67;6;-0.1;0.349;0.15;0.49;-0.1;99.9;101.3;12.21;0.496;0;-0.1;0.85;0.46;0;2.27;0;4.82;99.2;6.726;0.35;5.88;0
6/28/2024;13:23:16;0;greeenland;0.67;6.02;0;0.349;0.16;0.5;-0.1;99.9;101.3;12.22;0.496;0;-0.1;0.84;0.46;0;2.28;0;4.82;99.1;6.716;0.348;5.88;0
6/28/2024;13:23:18;0;greeenland;0.66;5.99;0;0.349;0.16;0.5;-0.1;99.9;101.2;12.22;0.496;0;-0.1;0.84;0.46;0;2.3;0;4.82;99.2;6.706;0.35;5.88;0
6/28/2024;13:23:20;0;greeenland;0.66;5.99;-0.1;0.349;0.15;0.49;-0.1;99.9;101.3;12.22;0.496;0;-0.1;0.85;0.46;0;2.31;0;4.81;99.2;6.699;0.346;5.88;0
6/28/2024;13:23:22;0;greeenland;0.67;6.01;0;0.349;0.15;0.5;-0.1;99.9;101.3;12.23;0.496;0;-0.1;0.85;0.46;0;2.29;0;4.81;99.3;6.692;0.354;5.88;0
6/28/2024;13:23:24;0;greeenland;0.67;6;0;0.349;0.16;0.5;-0.1;100;101.3;12.23;0.496;0;-0.1;0.84;0.45;0;2.28;0;4.81;99.4;6.686;0.345;5.88;0
6/28/2024;13:23:26;0;greeenland;0.67;6;0;0.349;0.19;0.51;-0.1;100;101.3;12.23;0.496;0;-0.1;0.84;0.45;0;2.25;0;4.81;99.5;6.679;0.355;5.88;0
6/28/2024;13:23:28;0;greeenland;0.68;6.04;0;0.349;0.16;0.5;-0.1;100;101.3;12.24;0.496;0;-0.1;0.83;0.44;0;2.23;0;4.81;99.5;6.674;0.351;5.88;0
6/28/2024;13:23:30;0;greeenland;0.7;6.1;0;0.349;0.17;0.5;-0.1;100;101.3;12.24;0.496;0;-0.1;0.84;0.45;0;2.19;0;4.81;99.6;6.667;0.347;5.88;0
6/28/2024;13:23:32;0;greeenland;0.69;6.09;0;0.349;0.19;0.51;-0.1;100;101.4;12.25;0.496;0;-0.1;0.83;0.44;0;2.14;0;4.81;99.6;6.659;0.347;5.88;0
6/28/2024;13:23:34;0;greeenland;0.69;6.07;0;0.349;0.2;0.51;-0.1;100;101.4;12.25;0.497;0;-0.1;0.83;0.44;0;2.11;0;4.81;99.6;6.651;0.348;5.88;0
6/28/2024;13:23:36;0;greeenland;0.69;6.08;0;0.349;0.19;0.51;-0.1;100.1;101.4;12.25;0.496;0;-0.1;0.83;0.45;0;2.08;0;4.81;99.6;6.644;0.349;5.88;0
6/28/2024;13:23:38;0;greeenland;0.68;6.04;0;0.349;0.19;0.51;-0.1;100.1;101.4;12.26;0.496;0;-0.1;0.84;0.45;0;2.06;0;4.81;99.6;6.638;0.347;5.88;0
6/28/2024;13:23:40;0;greeenland;0.67;6.02;0;0.349;0.22;0.52;-0.1;100.1;101.4;12.27;0.496;0;-0.1;0.85;0.46;0;2.05;0;4.81;99.5;6.632;0.349;5.88;0
6/28/2024;13:23:42;0;greeenland;0.67;6.01;0;0.349;0.23;0.52;-0.1;100.1;101.5;12.27;0.496;0;-0.1;0.84;0.46;0;2.04;0;4.81;99.5;6.625;0.346;5.88;0
6/28/2024;13:23:44;0;greeenland;0.68;6.05;0;0.349;0.22;0.52;-0.1;100.2;101.5;12.27;0.496;0;-0.1;0.85;0.46;0;1.98;0;4.81;99.4;6.621;0.345;5.88;0
6/28/2024;13:23:46;0;greeenland;0.68;6.04;0;0.349;0.22;0.52;-0.1;100.2;101.5;12.28;0.496;0;-0.1;0.85;0.47;0;1.95;0;4.81;99.4;6.617;0.345;5.89;0
6/28/2024;13:23:48;0;greeenland;0.68;6.05;-0.1;0.349;0.23;0.52;-0.1;100.2;101.5;12.28;0.496;0;-0.1;0.86;0.47;0;1.89;0;4.81;99.3;6.611;0.356;5.89;0
6/28/2024;13:23:50;0;greeenland;0.68;6.04;0;0.349;0.22;0.52;-0.1;100.2;101.5;12.29;0.496;0;-0.1;0.84;0.45;0;1.83;0;4.81;99.3;6.606;0.346;5.89;0
6/28/2024;13:23:52;0;greeenland;0.67;6.02;0;0.349;0.22;0.52;-0.1;100.2;101.6;12.29;0.496;0;-0.1;0.85;0.46;0;1.78;0;4.81;99.3;6.6;0.355;5.89;0
6/28/2024;13:23:54;0;greeenland;0.67;6.01;0;0.349;0.22;0.52;-0.1;100.2;101.6;12.29;0.496;0;-0.1;0.84;0.45;0;1.74;0;4.81;99.3;6.595;0.345;5.89;0
6/28/2024;13:23:56;0;greeenland;0.65;5.95;-0.1;0.349;0.24;0.53;-0.1;100.3;101.6;12.29;0.496;0;-0.1;0.83;0.44;0;1.7;0;4.81;99.2;6.589;0.349;5.88;0
6/28/2024;13:23:58;0;greeenland;0.65;5.96;0;0.349;0.25;0.53;-0.1;100.2;101.6;12.3;0.496;0;-0.1;0.82;0.43;0;1.67;0;4.81;99.3;6.581;0.349;5.88;0
6/28/2024;13:24:00;0;greeenland;0.66;5.98;-0.1;0.349;0.25;0.53;-0.1;100.2;101.6;12.3;0.496;0;-0.1;0.82;0.44;0;1.9;0;4.81;99.3;6.573;0.347;5.88;0
6/28/2024;13:24:02;0;greeenland;0.66;5.96;-0.1;0.349;0.26;0.53;-0.1;100.2;101.6;12.3;0.496;0;-0.1;0.82;0.43;0;2.23;0;4.81;99.2;6.568;0.349;5.88;0
6/28/2024;13:24:04;0;greeenland;0.66;5.98;0;0.349;0.28;0.54;-0.1;100.2;101.5;12.3;0.496;0;-0.1;0.82;0.43;0;2.57;0;4.82;99.2;6.562;0.351;5.88;0
6/28/2024;13:24:06;0;greeenland;0.67;6.01;-0.1;0.349;0.29;0.54;-0.1;100.2;101.5;12.3;0.496;0;-0.1;0.81;0.42;0;2.89;0;4.81;99.2;6.554;0.348;5.88;0
6/28/2024;13:24:08;0;greeenland;0.67;6.01;0;0.348;0.27;0.54;-0.1;100.2;101.5;12.3;0.496;0;-0.1;0.82;0.43;0;3.22;0;4.82;99.1;6.551;0.346;5.88;0
6/28/2024;13:24:10;0;greeenland;0.66;5.99;0;0.349;0.29;0.54;-0.1;100.2;101.5;12.3;0.496;0;-0.1;0.81;0.43;0;3.56;0;4.82;99;6.552;0.354;5.88;0
6/28/2024;13:24:12;0;greeenland;0.64;5.93;0;0.349;0.31;0.55;-0.1;100.2;101.5;12.3;0.496;0;-0.1;0.82;0.43;0;3.88;0;4.82;98.8;6.555;0.344;5.88;0
6/28/2024;13:24:14;0;greeenland;0.64;5.93;0;0.349;0.34;0.56;-0.1;100.2;101.5;12.3;0.496;0;-0.1;0.83;0.44;0;4.06;0;4.83;98.5;6.556;0.354;5.88;0
6/28/2024;13:24:16;0;greeenland;0.63;5.87;-0.1;0.349;0.31;0.55;-0.1;100.2;101.6;12.31;0.496;0;-0.1;0.83;0.45;0;4.08;0;4.83;98.2;6.561;0.344;5.88;0
6/28/2024;13:24:18;0;greeenland;0.63;5.87;-0.1;0.349;0.3;0.54;-0.1;100.3;101.6;12.31;0.496;0;-0.1;0.84;0.45;0;4.07;0;4.83;98.1;6.57;0.348;5.88;0
6/28/2024;13:24:20;0;greeenland;0.63;5.89;-0.1;0.348;0.31;0.55;-0.1;100.3;101.6;12.31;0.495;0;-0.1;0.82;0.43;0;3.98;0;4.84;98;6.581;0.342;5.88;0
6/28/2024;13:24:22;0;greeenland;0.63;5.9;-0.1;0.348;0.32;0.55;-0.1;100.3;101.7;12.31;0.496;0;-0.1;0.82;0.44;0;3.87;0;4.84;97.9;6.588;0.353;5.88;0
6/28/2024;13:24:24;0;greeenland;0.65;5.96;-0.1;0.349;0.31;0.55;-0.1;100.3;101.7;12.31;0.496;0;-0.1;0.82;0.43;0;3.75;0;4.84;97.9;6.594;0.35;5.88;0
6/28/2024;13:24:26;0;greeenland;0.66;5.99;-0.1;0.349;0.28;0.54;-0.1;100.4;101.7;12.31;0.496;0;-0.1;0.83;0.44;0;3.65;0;4.84;97.7;6.602;0.35;5.88;0
6/28/2024;13:24:28;0;greeenland;0.67;6;-0.1;0.349;0.27;0.53;-0.1;100.3;101.7;12.3;0.496;0;-0.1;0.83;0.45;0;3.54;0;4.84;97.6;6.608;0.354;5.88;0
6/28/2024;13:24:30;0;greeenland;0.66;5.98;-0.1;0.349;0.28;0.54;-0.1;100.3;101.7;12.3;0.496;0;-0.1;0.84;0.45;0;3.27;0;4.84;97.6;6.61;0.346;5.88;0
6/28/2024;13:24:32;0;greeenland;0.65;5.96;-0.1;0.349;0.25;0.53;-0.1;100.3;101.7;12.3;0.496;0;-0.1;0.85;0.46;0;2.85;0;4.84;97.6;6.611;0.352;5.88;0
6/28/2024;13:24:34;0;greeenland;0.64;5.93;-0.1;0.348;0.22;0.52;-0.1;100.3;101.7;12.3;0.496;0;-0.1;0.84;0.45;0;2.51;0;4.84;97.7;6.61;0.347;5.88;0
6/28/2024;13:24:36;0;greeenland;0.64;5.93;-0.1;0.349;0.22;0.52;-0.1;100.3;101.6;12.3;0.496;0;-0.1;0.83;0.44;0;2.2;0;4.84;97.9;6.607;0.355;5.88;0
6/28/2024;13:24:38;0;greeenland;0.65;5.95;0;0.348;0.23;0.52;-0.1;100.3;101.6;12.3;0.496;0;-0.1;0.84;0.45;0;1.87;0;4.83;98.2;6.602;0.343;5.88;0
6/28/2024;13:24:40;0;greeenland;0.65;5.96;0;0.348;0.25;0.53;-0.1;100.3;101.6;12.3;0.495;0;-0.1;0.84;0.45;0;1.72;0;4.83;98.4;6.597;0.345;5.88;0
6/28/2024;13:24:42;0;greeenland;0.66;5.98;0;0.348;0.2;0.51;-0.1;100.3;101.7;12.3;0.495;0;-0.1;0.85;0.46;0;3.39;0;4.83;98.5;6.593;0.349;5.88;0
6/28/2024;13:24:44;0;greeenland;0.67;6;0;0.348;0.21;0.51;-0.1;100.3;101.7;12.3;0.495;0;-0.1;0.85;0.47;0;5.51;0;4.83;98.5;6.589;0.349;5.88;0
6/28/2024;13:24:46;0;greeenland;0.67;6.02;0;0.348;0.24;0.52;-0.1;100.3;101.6;12.3;0.495;0;-0.1;0.85;0.46;0;7.92;0;4.83;98.5;6.583;0.349;5.88;0
6/28/2024;13:24:48;0;greeenland;0.67;6.02;0;0.348;0.24;0.52;-0.1;100.3;101.6;12.31;0.495;0;-0.1;0.84;0.46;0;10.43;0;4.82;98.8;6.575;0.349;5.88;0
6/28/2024;13:24:50;0;greeenland;0.66;5.99;0;0.348;0.22;0.52;-0.1;100.3;101.6;12.31;0.495;0;-0.1;0.84;0.45;0;12.81;0;4.82;98.9;6.569;0.348;5.88;0
6/28/2024;13:24:52;0;greeenland;0.67;6.01;0;0.348;0.25;0.53;-0.1;100.3;101.6;12.31;0.495;0;-0.1;0.84;0.45;0;15.19;0;4.82;99;6.561;0.349;5.88;0
6/28/2024;13:24:54;0;greeenland;0.67;6;0;0.348;0.27;0.53;-0.1;100.3;101.6;12.31;0.495;0;-0.1;0.84;0.45;0;17.6;0;4.82;99.1;6.551;0.352;5.88;0
6/28/2024;13:24:56;0;greeenland;0.66;5.99;0;0.348;0.25;0.53;-0.1;100.3;101.6;12.31;0.495;0;-0.1;0.85;0.46;0;18.57;0;4.82;99.2;6.539;0.345;5.88;0
6/28/2024;13:24:58;0;greeenland;0.66;5.99;0;0.348;0.27;0.53;-0.1;100.3;101.6;12.31;0.495;0;-0.1;0.83;0.45;0;18.44;0;4.81;99.2;6.529;0.353;5.88;0
6/28/2024;13:25:00;0;greeenland;0.67;6.01;0;0.348;0.24;0.52;-0.1;100.3;101.6;12.32;0.495;0;-0.1;0.83;0.44;0;18.35;0;4.82;99.1;6.527;0.342;5.88;0
6/28/2024;13:25:02;0;greeenland;0.61;5.82;0.4;0.35;0.22;0.52;0.7;95.7;97;11.76;0.497;0;0.7;0.79;0.4;0;61.89;0;6.35;13.9;5.242;0.527;5.88;0
6/28/2024;13:25:04;0;greeenland;0.42;5.22;1.9;0.366;0.18;0.5;3.1;98.5;99.8;12.5;0.52;0;3;0.66;0.27;2;39.58;0;6.52;4.8;5.231;0.669;5.88;0
6/28/2024;13:25:06;0;greeenland;0.23;4.64;3.3;0.382;0.08;0.47;5.4;98.7;100;12.53;0.543;0;5.3;0.54;0.15;3;56.88;0;6.53;4.1;5.229;0.658;5.88;0
6/28/2024;13:25:08;0;greeenland;0.03;4.03;4.7;0.397;0.03;0.45;7.7;98.9;100.3;12.56;0.565;0;7.5;0.41;0.02;5;58.35;0;6.56;2.3;5.224;0.658;5.88;0
6/28/2024;13:25:10;0;greeenland;-0.17;3.42;6.1;0.414;-0.03;0.44;9.9;99.2;100.5;12.59;0.589;0;9.8;0.27;-0.12;6;59;0;6.58;1.3;5.221;0.657;5.88;0
6/28/2024;13:25:12;0;greeenland;-0.25;3.14;7.5;0.43;-0.14;0.4;12.2;99.4;100.7;12.62;0.611;0;12;0.14;-0.25;8;45.91;0;6.59;0.8;5.22;0.648;5.88;0
6/28/2024;13:25:14;0;greeenland;-0.25;3.16;8.8;0.447;-0.21;0.37;14.4;99.6;100.9;12.65;0.635;0.01;14.1;0.02;-0.37;9;58.51;0;6.6;0.3;5.219;0.649;5.88;0
6/28/2024;13:25:16;0;greeenland;-0.26;3.12;8.9;0.462;-0.25;0.36;14.5;99.8;101.1;12.67;0.656;0.01;14.3;-0.11;-0.5;9;53.74;0;6.61;-0.2;5.218;0.633;5.87;0
6/28/2024;13:25:18;0;greeenland;-0.27;3.11;8.8;0.478;-0.33;0.33;14.4;100;101.3;12.7;0.679;0.01;14.2;-0.24;-0.63;9;57.92;0;6.62;-0.8;5.217;0.618;5.87;0
6/28/2024;13:25:20;0;greeenland;-0.26;3.12;8.8;0.489;-0.4;0.31;14.4;100.3;101.6;12.74;0.695;0.01;14.2;-0.3;-0.69;9;56.9;0;6.63;-1.3;5.214;0.579;5.87;0
6/28/2024;13:25:22;0;greeenland;-0.26;3.14;8.8;0.502;-0.42;0.3;14.3;100.6;101.9;12.77;0.713;0.01;14.1;-0.31;-0.7;9;55.81;0;6.64;-1.8;5.213;0.578;5.87;0
6/28/2024;13:25:24;0;greeenland;-0.26;3.14;8.8;0.514;-0.47;0.29;14.3;100.8;102.1;12.8;0.73;0.01;14.1;-0.31;-0.7;9;57.26;0;6.64;-2.2;5.212;0.59;5.87;0
6/28/2024;13:25:26;0;greeenland;-0.25;3.15;8.8;0.527;-0.47;0.29;14.3;101;102.3;12.83;0.75;0.01;14.1;-0.32;-0.7;9;56.11;0;6.65;-2.6;5.211;0.591;5.87;0
6/28/2024;13:25:28;0;greeenland;-0.24;3.18;8.8;0.54;-0.49;0.28;14.3;101.1;102.5;12.85;0.768;0.01;14.1;-0.31;-0.7;9;57.47;0;6.67;-3.4;5.211;0.602;5.87;0
6/28/2024;13:25:30;0;greeenland;-0.24;3.2;8.8;0.552;-0.47;0.29;14.3;101.3;102.6;12.86;0.785;0.01;14.1;-0.31;-0.7;9;58.56;0;6.68;-4.2;5.21;0.592;5.87;0
6/28/2024;13:25:32;0;greeenland;-0.23;3.22;8.8;0.566;-0.47;0.29;14.3;101.4;102.7;12.88;0.805;0.01;14.1;-0.31;-0.7;9;59.53;0;6.69;-4.9;5.209;0.595;5.87;0
6/28/2024;13:25:34;0;greeenland;-0.24;3.2;8.8;0.579;-0.49;0.28;14.3;101.5;102.8;12.89;0.824;0.01;14.1;-0.3;-0.69;9;59.54;0;6.71;-5.7;5.208;0.605;5.87;0
6/28/2024;13:25:36;0;greeenland;-0.24;3.19;8.8;0.595;-0.51;0.27;14.3;101.6;102.9;12.91;0.845;0.01;14.1;-0.29;-0.68;9;60.92;0;6.72;-6.4;5.208;0.623;5.87;0
6/28/2024;13:25:38;0;greeenland;-0.23;3.22;8.8;0.609;-0.52;0.27;14.3;101.7;103;12.92;0.866;0.01;14.1;-0.29;-0.68;9;59.82;0;6.73;-7;5.207;0.621;5.87;0
6/28/2024;13:25:40;0;greeenland;-0.24;3.2;8.8;0.618;-0.52;0.27;14.3;101.8;103.1;12.93;0.879;0.01;14.1;-0.29;-0.68;9;61.05;0;6.74;-7.5;5.207;0.614;5.87;0
6/28/2024;13:25:42;0;greeenland;-0.24;3.19;8.8;0.617;-0.52;0.27;14.4;101.9;103.2;12.94;0.878;0.01;14.1;-0.28;-0.67;9;60.41;0;6.75;-8;5.207;0.623;5.87;0
6/28/2024;13:25:44;0;greeenland;-0.24;3.19;8.8;0.613;-0.51;0.27;14.4;102;103.3;12.95;0.872;0.01;14.1;-0.28;-0.67;9;58.42;0;6.76;-8.4;5.207;0.597;5.87;0
6/28/2024;13:25:46;0;greeenland;-0.24;3.19;8.8;0.611;-0.52;0.27;14.4;102.1;103.4;12.96;0.869;0.01;14.2;-0.28;-0.67;9;68.74;0;6.76;-8.8;5.207;0.624;5.88;0
6/28/2024;13:25:48;0;greeenland;-0.24;3.17;8.8;0.611;-0.51;0.27;14.4;102.1;103.5;12.98;0.869;0.01;14.2;-0.29;-0.68;9;71.22;0;6.77;-9.1;5.207;0.644;5.88;0
6/28/2024;13:25:50;0;greeenland;-0.24;3.19;8.8;0.611;-0.5;0.28;14.4;102.2;103.6;12.99;0.868;0.01;14.2;-0.29;-0.68;9;59.61;0;6.77;-9.4;5.206;0.655;5.88;0
6/28/2024;13:25:52;0;greeenland;-0.22;3.24;8.8;0.611;-0.5;0.28;14.4;102.3;103.6;12.99;0.869;0.01;14.2;-0.3;-0.68;9;55.9;0;6.78;-9.7;5.206;0.659;5.88;0
6/28/2024;13:25:54;0;greeenland;-0.22;3.24;8.8;0.612;-0.48;0.28;14.4;102.3;103.7;13;0.871;0.01;14.2;-0.3;-0.69;9;55.74;0;6.78;-10;5.206;0.662;5.88;0
6/28/2024;13:25:56;0;greeenland;-0.23;3.21;8.8;0.614;-0.47;0.29;14.4;102.4;103.7;13;0.873;0.01;14.2;-0.3;-0.68;9;56.01;0;6.79;-10.2;5.206;0.667;5.87;0
6/28/2024;13:25:58;0;greeenland;-0.22;3.25;8.8;0.619;-0.47;0.29;14.4;102.4;103.8;13.01;0.88;0.01;14.2;-0.29;-0.68;9;56.66;0;6.79;-10.5;5.206;0.667;5.87;0
6/28/2024;13:26:00;0;greeenland;-0.22;3.25;8.8;0.623;-0.48;0.29;14.4;102.5;103.8;13.02;0.886;0.01;14.2;-0.29;-0.68;9;58.11;0;6.8;-10.7;5.206;0.663;5.87;0
6/28/2024;13:26:02;0;greeenland;-0.23;3.21;8.8;0.628;-0.47;0.29;14.4;102.5;103.8;13.02;0.893;0.01;14.2;-0.3;-0.69;9;58.08;0;6.8;-10.9;5.205;0.668;5.87;0
6/28/2024;13:26:04;0;greeenland;-0.24;3.2;8.8;0.632;-0.47;0.29;14.4;102.5;103.9;13.02;0.899;0.01;14.2;-0.29;-0.68;9;56.91;0;6.8;-11.1;5.204;0.676;5.87;0
6/28/2024;13:26:06;0;greeenland;-0.24;3.18;8.8;0.636;-0.47;0.29;14.4;102.5;103.9;13.02;0.905;0.01;14.2;-0.29;-0.68;9;57.81;0;6.81;-11.3;5.202;0.668;5.87;0
6/28/2024;13:26:08;0;greeenland;-0.24;3.19;8.9;0.641;-0.47;0.29;14.5;102.5;103.9;13.02;0.911;0.01;14.2;-0.29;-0.68;9;58.32;0;6.81;-11.4;5.2;0.679;5.87;0
6/28/2024;13:26:10;0;greeenland;-0.25;3.17;8.9;0.645;-0.48;0.28;14.5;102.5;103.9;13.02;0.917;0.01;14.3;-0.29;-0.67;9;65.73;0;6.81;-11.5;5.198;0.676;5.87;0
6/28/2024;13:26:12;0;greeenland;-0.25;3.15;8.9;0.648;-0.49;0.28;14.5;102.5;103.9;13.02;0.922;0.01;14.3;-0.28;-0.67;9;61.09;0;6.82;-11.7;5.196;0.675;5.87;0
6/28/2024;13:26:14;0;greeenland;-0.25;3.17;8.9;0.651;-0.49;0.28;14.5;102.5;103.8;13.02;0.926;0.01;14.3;-0.28;-0.67;9;57.93;0;6.82;-11.9;5.194;0.676;5.87;0
6/28/2024;13:26:16;0;greeenland;-0.25;3.16;8.9;0.655;-0.49;0.28;14.5;102.5;103.8;13.02;0.931;0.01;14.3;-0.28;-0.67;9;59.41;0;6.82;-12.1;5.193;0.686;5.87;0
6/28/2024;13:26:18;0;greeenland;-0.23;3.21;8.9;0.658;-0.49;0.28;14.5;102.5;103.8;13.02;0.936;0.01;14.3;-0.28;-0.67;9;57;0;6.83;-12.2;5.191;0.68;5.87;0
6/28/2024;13:26:20;0;greeenland;-0.24;3.18;8.9;0.662;-0.48;0.28;14.5;102.5;103.8;13.02;0.941;0.01;14.3;-0.28;-0.67;9;56.09;0;6.83;-12.4;5.19;0.679;5.87;0
6/28/2024;13:26:22;0;greeenland;-0.23;3.22;8.9;0.665;-0.47;0.29;14.5;102.5;103.8;13.02;0.946;0.01;14.3;-0.29;-0.68;9;56.48;0;6.83;-12.6;5.188;0.679;5.87;0
6/28/2024;13:26:24;0;greeenland;-0.24;3.2;8.9;0.669;-0.47;0.29;14.5;102.5;103.9;13.03;0.952;0.01;14.3;-0.29;-0.68;9;56.51;0;6.83;-12.7;5.188;0.681;5.87;0
6/28/2024;13:26:26;0;greeenland;-0.23;3.21;8.9;0.671;-0.46;0.29;14.5;102.5;103.9;13.03;0.954;0.01;14.3;-0.29;-0.68;9;56.76;0;6.84;-12.9;5.187;0.683;5.87;0
6/28/2024;13:26:28;0;greeenland;-0.24;3.19;8.9;0.673;-0.47;0.29;14.5;102.5;103.9;13.03;0.957;0.01;14.3;-0.3;-0.69;9;57.4;0;6.84;-13.1;5.187;0.678;5.87;0
6/28/2024;13:26:30;0;greeenland;-0.25;3.17;8.9;0.674;-0.48;0.28;14.5;102.6;103.9;13.04;0.958;0.01;14.3;-0.3;-0.69;9;56.14;0;6.84;-13.2;5.186;0.683;5.87;0
6/28/2024;13:26:32;0;greeenland;-0.26;3.14;8.9;0.675;-0.48;0.29;14.5;102.6;104;13.04;0.96;0.01;14.3;-0.3;-0.69;9;56.58;0;6.85;-13.4;5.185;0.677;5.87;0
6/28/2024;13:26:34;0;greeenland;-0.25;3.17;8.9;0.676;-0.48;0.28;14.5;102.7;104;13.05;0.961;0.01;14.3;-0.3;-0.68;9;56.35;0;6.85;-13.5;5.185;0.687;5.87;0
6/28/2024;13:26:36;0;greeenland;-0.24;3.19;8.9;0.676;-0.47;0.29;14.5;102.7;104.1;13.05;0.962;0.01;14.3;-0.3;-0.69;9;56.66;0;6.85;-13.6;5.185;0.678;5.87;0
6/28/2024;13:26:38;0;greeenland;-0.24;3.2;8.9;0.68;-0.47;0.29;14.5;102.7;104.1;13.06;0.966;0.01;14.3;-0.3;-0.68;9;51.79;0;6.85;-13.7;5.185;0.774;5.87;0
6/28/2024;13:26:40;0;greeenland;-0.23;3.22;8.9;0.688;-0.48;0.28;14.5;102.8;104.1;13.06;0.978;0.01;14.3;-0.3;-0.68;9;75.24;0;6.85;-13.8;5.185;0.872;5.87;0
6/28/2024;13:26:42;0;greeenland;-0.23;3.23;8.9;0.703;-0.49;0.28;14.5;102.8;104.1;13.06;0.999;0.01;14.3;-0.3;-0.69;9;64.79;0;6.85;-13.9;5.185;0.981;5.87;0
6/28/2024;13:26:44;0;greeenland;-0.23;3.23;8.9;0.722;-0.5;0.28;14.5;102.8;104.2;13.07;1.027;0.01;14.3;-0.29;-0.68;9;59.52;0;6.86;-13.9;5.186;1.088;5.87;0
6/28/2024;13:26:46;0;greeenland;-0.22;3.25;8.9;0.752;-0.5;0.28;14.5;102.8;104.2;13.07;1.069;0.01;14.3;-0.28;-0.67;9;61.44;0;6.86;-14;5.186;1.276;5.87;0
6/28/2024;13:26:48;0;greeenland;-0.23;3.23;8.9;0.786;-0.5;0.28;14.5;102.8;104.2;13.07;1.118;0.01;14.3;-0.28;-0.67;9;63.15;0;6.86;-14;5.186;1.361;5.87;0
6/28/2024;13:26:50;0;greeenland;-0.24;3.2;8.9;0.828;-0.5;0.28;14.6;102.8;104.2;13.07;1.178;0.01;14.3;-0.28;-0.67;9;63.11;0;6.86;-14;5.185;1.48;5.87;0
6/28/2024;13:26:52;0;greeenland;-0.23;3.21;8.9;1.599;-0.49;0.28;14.6;102.8;104.2;13.07;2.274;0.01;14.3;-0.28;-0.67;9;62.02;0;6.86;-14.1;5.184;1.583;5.87;0
6/28/2024;13:26:54;0;greeenland;-0.23;3.23;8.9;1.725;-0.51;0.28;14.6;102.9;104.2;13.07;2.454;0.01;14.4;-0.28;-0.67;9;57.4;0;6.86;-14.1;5.184;1.694;5.87;0
6/28/2024;13:26:56;0;greeenland;-0.24;3.18;8.9;1.754;-0.52;0.27;14.6;102.9;104.3;13.08;2.494;0.01;14.4;-0.28;-0.67;9;55.05;0;6.86;-14.1;5.184;1.782;5.87;0
6/28/2024;13:26:58;0;greeenland;-0.24;3.2;8.9;1.825;-0.51;0.27;14.6;102.9;104.3;13.08;2.596;0.01;14.4;-0.28;-0.67;9;39.78;0;6.86;-14.1;5.184;1.928;5.87;0
6/28/2024;13:27:00;0;greeenland;-0.23;3.23;8.9;1.896;-0.51;0.27;14.6;102.9;104.3;13.08;2.696;0.01;14.4;-0.27;-0.66;9;53.2;0;6.86;-14.1;5.184;2.043;5.87;0
6/28/2024;13:27:02;0;greeenland;-0.22;3.25;8.9;1.945;-0.5;0.28;14.6;102.9;104.3;13.08;2.766;0.01;14.4;-0.27;-0.66;9;53.06;0;6.86;-14.2;5.185;2.094;5.87;0
6/28/2024;13:27:04;0;greeenland;-0.23;3.22;9;2.004;-0.5;0.28;14.6;102.9;104.3;13.08;2.85;0.01;14.4;-0.27;-0.66;9;52.73;0;6.86;-14.2;5.184;2.285;5.87;0
6/28/2024;13:27:06;0;greeenland;-0.23;3.23;9;2.066;-0.5;0.28;14.6;102.9;104.3;13.08;2.939;0.01;14.4;-0.26;-0.65;9;54;0;6.86;-14.2;5.181;2.427;5.87;0
6/28/2024;13:27:08;0;greeenland;-0.23;3.22;9;2.127;-0.5;0.28;14.6;102.9;104.3;13.08;3.024;0.01;14.4;-0.27;-0.65;9;53.78;0;6.86;-14.2;5.179;2.457;5.87;0
6/28/2024;13:27:10;0;greeenland;-0.23;3.23;9;2.179;-0.5;0.28;14.6;102.9;104.3;13.09;3.099;0.01;14.4;-0.26;-0.65;9;55.48;0;6.86;-14.2;5.175;2.615;5.87;0
6/28/2024;13:27:12;0;greeenland;-0.23;3.23;9;2.248;-0.5;0.28;14.7;102.9;104.3;13.09;3.197;0.01;14.4;-0.27;-0.65;9;56.23;0;6.86;-14.2;5.172;2.838;5.87;0
6/28/2024;13:27:14;0;greeenland;-0.23;3.23;9;3.06;-0.48;0.29;14.7;102.9;104.3;13.09;4.351;0.01;14.5;-0.27;-0.66;9;57.3;0;6.86;-14.2;5.168;3.035;5.87;0
6/28/2024;13:27:16;0;greeenland;-0.23;3.21;9;3.229;-0.48;0.28;14.7;102.9;104.3;13.09;4.591;0.01;14.5;-0.27;-0.66;9;69.84;0;6.86;-14.3;5.166;3.204;5.87;0
6/28/2024;13:27:18;0;greeenland;-0.24;3.21;9;3.246;-0.48;0.28;14.7;102.9;104.3;13.09;4.616;0.01;14.5;-0.27;-0.66;9;47.13;0;6.86;-14.3;5.167;3.205;5.87;0
6/28/2024;13:27:20;0;greeenland;-0.23;3.22;9;3.115;-0.48;0.29;14.7;103;104.4;13.1;4.429;0.01;14.5;-0.28;-0.67;9;48.04;0;6.86;-14.4;5.167;2.855;5.87;0
6/28/2024;13:27:22;0;greeenland;-0.25;3.16;9;2.151;-0.45;0.29;14.7;103;104.4;13.1;3.059;0.01;14.5;-0.28;-0.67;9;52.27;0;6.86;-14.4;5.167;2.278;5.87;0
6/28/2024;13:27:24;0;greeenland;-0.25;3.15;9;1.359;-0.44;0.3;14.7;103;104.4;13.1;1.932;0.01;14.5;-0.28;-0.67;9;52.02;0;6.87;-14.5;5.169;1.58;5.87;0
6/28/2024;13:27:26;0;greeenland;-0.26;3.12;9;1.131;-0.41;0.31;14.7;103.1;104.5;13.11;1.608;0.01;14.5;-0.28;-0.67;9;52.83;0;6.87;-14.5;5.173;1.007;5.87;0
6/28/2024;13:27:28;0;greeenland;-0.26;3.13;9;0.772;-0.38;0.32;14.7;103.1;104.5;13.11;1.098;0.01;14.4;-0.28;-0.67;9;52.24;0;6.87;-14.5;5.175;0.409;5.87;0
6/28/2024;13:27:30;0;greeenland;-0.15;3.47;7.6;0.57;-0.21;0.37;12.4;103.2;104.5;13.12;0.811;0;12.2;-0.24;-0.63;8;44.73;0;6.81;-11.6;5.185;0.347;5.87;0
6/28/2024;13:27:32;0;greeenland;0.04;4.05;6.7;0.503;-0.03;0.43;10.9;103.2;104.6;13.12;0.715;0;10.8;-0.12;-0.51;7;38.97;0;6.55;2.7;5.197;0.343;5.87;0
6/28/2024;13:27:34;0;greeenland;0.24;4.67;5.1;0.464;0.19;0.51;8.4;103.2;104.6;13.11;0.66;0;8.3;0.01;-0.38;5;33.44;0;6.49;6.1;5.224;0.346;5.87;0
6/28/2024;13:27:36;0;greeenland;0.46;5.36;3.9;0.443;0.33;0.56;6.4;103.1;104.5;13.09;0.63;0;6.3;0.16;-0.23;4;26.95;0;6.48;7;5.251;0.349;5.85;0
6/28/2024;13:27:38;0;greeenland;0.7;6.11;2.7;0.426;0.56;0.63;4.4;103;104.3;13.06;0.606;0;4.3;0.31;-0.08;3;20.8;0;6.47;7.2;5.279;0.341;5.85;0
6/28/2024;13:27:40;0;greeenland;0.81;6.43;1.5;0.416;0.75;0.7;2.4;102.9;104.2;13.04;0.592;0;2.4;0.47;0.08;2;14.09;0;6.47;7.4;5.306;0.351;5.85;0
6/28/2024;13:27:42;0;greeenland;0.88;6.65;1.1;0.406;0.93;0.75;1.8;102.6;103.9;12.99;0.578;0;1.8;0.68;0.29;1;8.26;0;6.47;7.5;5.332;0.341;5.85;0
6/28/2024;13:27:44;0;greeenland;0.91;6.76;1.2;0.401;1.07;0.8;1.9;102.4;103.8;12.97;0.57;0;1.8;0.81;0.42;1;9.22;0;6.47;7.6;5.351;0.35;5.85;0
6/28/2024;13:27:46;0;greeenland;0.95;6.88;1.1;0.395;1.26;0.86;1.9;102.1;103.4;12.92;0.561;0;1.8;0.98;0.59;1;10.3;0;6.46;7.6;5.366;0.343;5.85;0
6/28/2024;13:27:48;0;greeenland;0.98;6.98;1.1;0.391;1.34;0.89;1.9;101.9;103.3;12.89;0.556;0;1.8;1.09;0.7;1;11.31;0;6.46;7.7;5.378;0.351;5.85;0
6/28/2024;13:27:50;0;greeenland;1.01;7.06;1.1;0.387;1.35;0.89;1.9;101.7;103;12.86;0.551;0;1.8;1.15;0.76;1;12.15;0;6.46;7.8;5.386;0.346;5.85;0
6/28/2024;13:27:52;0;greeenland;1.03;7.13;1.2;0.384;1.33;0.89;1.9;101.5;102.9;12.84;0.546;0;1.8;1.19;0.8;1;12.8;0;6.46;7.8;5.396;0.347;5.85;0
6/28/2024;13:27:54;0;greeenland;1.05;7.18;1.2;0.382;1.32;0.88;1.9;101.4;102.7;12.82;0.543;0;1.8;1.22;0.83;1;13.25;0;6.46;7.8;5.408;0.344;5.85;0
6/28/2024;13:27:56;0;greeenland;1.06;7.22;1.2;0.379;1.31;0.88;1.9;101.3;102.6;12.8;0.539;0;1.9;1.24;0.85;1;13.65;0;6.46;8;5.422;0.347;5.85;0
6/28/2024;13:27:58;0;greeenland;1.08;7.28;1.2;0.377;1.3;0.88;1.9;101.2;102.5;12.78;0.537;0;1.8;1.27;0.88;1;14.01;0;6.46;8.1;5.438;0.35;5.85;0
6/28/2024;13:28:00;0;greeenland;1.1;7.33;1.2;0.375;1.29;0.87;1.9;101.1;102.5;12.77;0.534;0;1.8;1.28;0.89;1;14.36;0;6.46;8.1;5.453;0.344;5.85;0
6/28/2024;13:28:02;0;greeenland;1.11;7.36;1.2;0.374;1.28;0.87;1.9;101.1;102.4;12.76;0.532;0;1.8;1.3;0.91;1;14.68;0;6.46;8.2;5.47;0.349;5.85;0
6/28/2024;13:28:04;0;greeenland;1.13;7.43;1.2;0.351;1.29;0.87;1.9;101;102.3;12.74;0.499;0;1.9;1.32;0.93;1;14.97;0;6.45;8.3;5.487;0.343;5.85;0
6/28/2024;13:28:06;0;greeenland;1.14;7.47;1.2;0.346;1.29;0.87;1.9;100.9;102.2;12.72;0.492;0;1.8;1.32;0.94;1;15.25;0;6.45;8.3;5.502;0.353;5.85;0
6/28/2024;13:28:08;0;greeenland;1.15;7.49;1.2;0.346;1.25;0.86;1.9;100.8;102.2;12.71;0.491;0;1.8;1.34;0.95;1;15.5;0;6.45;8.4;5.516;0.345;5.85;0
6/28/2024;13:28:10;0;greeenland;1.16;7.54;1.2;0.346;1.26;0.86;1.9;100.8;102.1;12.7;0.492;0;1.8;1.35;0.97;1;15.74;0;6.45;8.5;5.529;0.346;5.85;0
6/28/2024;13:28:12;0;greeenland;1.18;7.58;1.2;0.346;1.25;0.86;1.9;100.7;102.1;12.69;0.492;0;1.8;1.36;0.97;1;15.98;0;6.45;8.7;5.54;0.345;5.85;0
6/28/2024;13:28:14;0;greeenland;1.19;7.61;1.2;0.346;1.25;0.86;1.9;100.7;102;12.68;0.492;0;1.9;1.37;0.98;1;16.17;0;6.44;8.8;5.549;0.345;5.85;0
6/28/2024;13:28:16;0;greeenland;1.19;7.62;1.2;0.346;1.25;0.86;1.9;100.6;102;12.67;0.492;0;1.9;1.38;0.99;1;16.34;0;6.44;8.9;5.558;0.344;5.85;0
6/28/2024;13:28:18;0;greeenland;1.2;7.66;1.2;0.346;1.25;0.86;1.9;100.6;101.9;12.67;0.492;0;1.9;1.39;1.01;1;16.53;0;6.44;9.1;5.569;0.347;5.85;0
6/28/2024;13:28:20;0;greeenland;1.21;7.69;1.2;0.346;1.25;0.86;1.9;100.6;101.9;12.66;0.493;0;1.9;1.4;1.01;1;16.7;0;6.44;9.3;5.58;0.35;5.85;0
6/28/2024;13:28:22;0;greeenland;1.23;7.73;1.2;0.346;1.24;0.86;1.9;100.5;101.9;12.65;0.492;0;1.9;1.4;1.01;1;16.83;0;6.43;9.5;5.587;0.344;5.85;0
6/28/2024;13:28:24;0;greeenland;1.23;7.74;1.2;0.346;1.24;0.86;1.9;100.5;101.9;12.64;0.492;0;1.9;1.42;1.03;1;16.91;0;6.43;9.6;5.595;0.35;5.85;0
6/28/2024;13:28:26;0;greeenland;1.22;7.73;1.2;0.346;1.25;0.86;1.9;100.5;101.8;12.64;0.492;0;1.9;1.42;1.03;1;17.02;0;6.43;9.8;5.6;0.344;5.85;0
6/28/2024;13:28:28;0;greeenland;1.23;7.76;1.2;0.346;1.24;0.86;1.9;100.5;101.8;12.63;0.493;0;1.9;1.44;1.05;1;17.08;0;6.42;10;5.607;0.351;5.85;0
6/28/2024;13:28:30;0;greeenland;1.23;7.75;1.2;0.346;1.25;0.86;1.9;100.4;101.8;12.63;0.492;0;1.9;1.44;1.05;1;17.16;0;6.42;10.1;5.614;0.345;5.85;0
6/28/2024;13:28:32;0;greeenland;1.24;7.78;1.2;0.346;1.27;0.87;1.9;100.4;101.8;12.62;0.492;0;1.9;1.46;1.07;1;37.89;0;6.42;10.4;5.619;0.345;5.85;0
6/28/2024;13:28:34;0;greeenland;1.26;7.83;1.2;0.346;1.27;0.87;1.9;100.4;101.7;12.62;0.492;0;1.9;1.48;1.09;1;37.44;0;6.41;10.5;5.627;0.345;5.85;0
6/28/2024;13:28:36;0;greeenland;1.28;7.89;1.2;0.346;1.27;0.87;1.9;100.4;101.7;12.62;0.492;0;1.9;1.48;1.09;1;37.33;0;6.41;10.7;5.638;0.345;5.86;0
6/28/2024;13:28:38;0;greeenland;1.29;7.94;1.2;0.346;1.27;0.87;1.9;100.4;101.7;12.61;0.492;0;1.9;1.49;1.1;1;37.07;0;6.41;10.9;5.651;0.343;5.86;0
6/28/2024;13:28:40;0;greeenland;1.31;8.01;1.2;0.346;1.28;0.87;1.9;100.4;101.7;12.61;0.492;0;1.9;1.5;1.11;1;36.93;0;6.4;11.1;5.665;0.346;5.86;0
6/28/2024;13:28:42;0;greeenland;1.33;8.05;1.2;0.346;1.29;0.87;1.9;100.4;101.7;12.6;0.492;0;1.8;1.51;1.12;1;36.84;0;6.4;11.2;5.679;0.343;5.86;0
6/28/2024;13:28:44;0;greeenland;1.34;8.08;1.2;0.345;1.27;0.87;1.9;100.4;101.7;12.6;0.491;0;1.8;1.51;1.12;1;36.75;0;6.4;11.3;5.693;0.343;5.86;0
6/28/2024;13:28:46;0;greeenland;1.37;8.17;1.1;0.346;1.27;0.87;1.8;100.4;101.7;12.59;0.491;0;1.8;1.52;1.13;1;36.74;0;6.4;11.3;5.706;0.348;5.85;0
6/28/2024;13:28:48;0;greeenland;1.37;8.18;1.1;0.345;1.29;0.87;1.8;100.4;101.7;12.59;0.491;0;1.8;1.53;1.14;1;36.72;0;6.4;11.4;5.717;0.341;5.85;0
6/28/2024;13:28:50;0;greeenland;1.38;8.21;1.1;0.345;1.25;0.86;1.8;100.4;101.7;12.58;0.491;0;1.8;1.54;1.15;1;36.68;0;6.4;11.4;5.726;0.349;5.85;0
6/28/2024;13:28:52;0;greeenland;1.39;8.23;1.1;0.345;1.28;0.87;1.8;100.4;101.7;12.58;0.491;0;1.8;1.54;1.15;1;36.66;0;6.4;11.4;5.733;0.341;5.85;0
6/28/2024;13:28:54;0;greeenland;1.4;8.26;1.1;0.345;1.27;0.87;1.8;100.4;101.7;12.58;0.491;0;1.7;1.54;1.15;1;36.73;0;6.4;11.3;5.74;0.351;5.85;0
6/28/2024;13:28:56;0;greeenland;1.42;8.34;1.1;0.345;1.3;0.88;1.7;100.4;101.7;12.58;0.491;0;1.7;1.56;1.17;1;36.79;0;6.4;11.2;5.746;0.339;5.85;0
6/28/2024;13:28:58;0;greeenland;1.44;8.39;1.1;0.345;1.29;0.87;1.7;100.4;101.7;12.57;0.49;0;1.7;1.55;1.16;1;36.89;0;6.4;11.2;5.753;0.339;5.85;0
6/28/2024;13:29:00;0;greeenland;1.47;8.5;1.1;0.345;1.32;0.88;1.7;100.4;101.7;12.57;0.49;0;1.7;1.56;1.17;1;37;0;6.4;11.1;5.758;0.345;5.85;0
6/28/2024;13:29:02;0;greeenland;1.5;8.58;1;0.345;1.3;0.88;1.7;100.3;101.7;12.57;0.49;0;1.7;1.57;1.18;1;37.1;0;6.4;11;5.764;0.346;5.85;0
6/28/2024;13:29:04;0;greeenland;1.53;8.67;1;0.345;1.33;0.89;1.7;100.3;101.7;12.56;0.49;0;1.7;1.57;1.18;1;37.18;0;6.4;11;5.772;0.343;5.85;0
6/28/2024;13:29:06;0;greeenland;1.54;8.7;1;0.344;1.36;0.9;1.7;100.3;101.7;12.56;0.49;0;1.7;1.58;1.2;1;37.25;0;6.4;11.1;5.781;0.347;5.85;0
6/28/2024;13:29:08;0;greeenland;1.55;8.74;1;0.345;1.34;0.89;1.7;100.3;101.7;12.56;0.49;0;1.7;1.59;1.2;1;37.47;0;6.4;11.1;5.789;0.344;5.85;0
6/28/2024;13:29:10;0;greeenland;1.55;8.75;1.1;0.344;1.35;0.89;1.7;100.3;101.7;12.56;0.49;0;1.7;1.6;1.21;1;37.65;0;6.4;11.2;5.797;0.343;5.85;0
6/28/2024;13:29:12;0;greeenland;1.56;8.77;1.1;0.344;1.37;0.9;1.7;100.3;101.7;12.55;0.49;0;1.7;1.61;1.22;1;37.89;0;6.4;11.3;5.807;0.349;5.85;0
6/28/2024;13:29:14;0;greeenland;1.58;8.82;1.1;0.344;1.41;0.91;1.7;100.3;101.7;12.55;0.489;0;1.7;1.62;1.23;1;38.06;0;6.4;11.4;5.816;0.342;5.85;0
6/28/2024;13:29:16;0;greeenland;1.6;8.9;1.1;0.344;1.38;0.9;1.7;100.3;101.7;12.55;0.489;0;1.7;1.63;1.24;1;38.39;0;6.4;11.5;5.823;0.343;5.85;0
6/28/2024;13:29:18;0;greeenland;1.62;8.97;1.1;0.344;1.36;0.9;1.7;100.3;101.7;12.55;0.489;0;1.7;1.63;1.24;1;38.65;0;6.39;11.6;5.831;0.343;5.85;0
6/28/2024;13:29:20;0;greeenland;1.63;8.99;1.1;0.344;1.33;0.89;1.7;100.3;101.7;12.54;0.489;0;1.7;1.64;1.25;1;38.93;0;6.39;11.7;5.837;0.342;5.85;0
6/28/2024;13:29:22;0;greeenland;1.64;9.01;1.1;0.344;1.4;0.91;1.7;100.3;101.7;12.54;0.49;0;1.7;1.65;1.26;1;39.25;0;6.39;11.8;5.844;0.345;5.85;0
6/28/2024;13:29:24;0;greeenland;1.64;9.02;1.1;0.344;1.45;0.93;1.7;100.3;101.7;12.54;0.49;0;1.7;1.65;1.27;1;39.49;0;6.39;11.9;5.851;0.344;5.85;0
6/28/2024;13:29:26;0;greeenland;1.65;9.03;1.1;0.345;1.45;0.93;1.7;100.3;101.7;12.54;0.49;0;1.7;1.66;1.27;1;39.77;0;6.39;12.1;5.858;0.346;5.85;0
6/28/2024;13:29:28;0;greeenland;1.63;8.98;1.1;0.344;1.44;0.92;1.7;100.4;101.7;12.54;0.49;0;1.7;1.66;1.27;1;39.99;0;6.38;12.2;5.866;0.343;5.85;0
6/28/2024;13:29:30;0;greeenland;1.62;8.96;1.1;0.344;1.43;0.92;1.7;100.3;101.7;12.53;0.49;0;1.7;1.66;1.27;1;40.18;0;6.38;12.3;5.872;0.346;5.85;0
6/28/2024;13:29:32;0;greeenland;1.62;8.96;1.1;0.345;1.39;0.91;1.7;100.3;101.7;12.53;0.49;0;1.7;1.66;1.27;1;40.38;0;6.38;12.4;5.879;0.35;5.85;0
6/28/2024;13:29:34;0;greeenland;1.63;8.97;1.1;0.345;1.39;0.91;1.7;100.4;101.7;12.53;0.49;0;1.7;1.67;1.28;1;40.54;0;6.38;12.5;5.886;0.351;5.85;0
6/28/2024;13:29:36;0;greeenland;1.62;8.94;1.1;0.345;1.47;0.93;1.7;100.4;101.7;12.53;0.49;0;1.7;1.68;1.29;1;40.59;0;6.38;12.6;5.891;0.347;5.85;0
6/28/2024;13:29:38;0;greeenland;1.62;8.95;1.1;0.345;1.54;0.96;1.7;100.3;101.7;12.53;0.49;0;1.7;1.68;1.3;1;40.68;0;6.37;12.7;5.896;0.347;5.85;0
6/28/2024;13:29:40;0;greeenland;1.64;9.01;1.1;0.345;1.52;0.95;1.7;100.4;101.7;12.53;0.49;0;1.7;1.69;1.3;1;40.73;0;6.37;12.8;5.9;0.349;5.85;0
6/28/2024;13:29:42;0;greeenland;1.64;9.02;1.1;0.345;1.44;0.93;1.7;100.3;101.7;12.52;0.49;0;1.7;1.69;1.3;1;41.23;0;6.37;12.9;5.905;0.346;5.85;0
6/28/2024;13:29:44;0;greeenland;1.64;9.03;1.1;0.344;1.37;0.9;1.7;100.4;101.7;12.52;0.49;0;1.7;1.69;1.3;1;41.69;0;6.37;13;5.91;0.345;5.85;0
6/28/2024;13:29:46;0;greeenland;1.64;9.02;1.1;0.344;1.33;0.89;1.7;100.4;101.7;12.52;0.489;0;1.7;1.69;1.3;1;42.1;0;6.37;13.1;5.914;0.344;5.85;0
6/28/2024;13:29:48;0;greeenland;1.65;9.04;1.1;0.344;1.36;0.9;1.7;100.4;101.7;12.52;0.49;0;1.7;1.69;1.3;1;42.53;0;6.37;13.2;5.92;0.349;5.85;0
6/28/2024;13:29:50;0;greeenland;1.64;9.03;1.1;0.344;1.42;0.92;1.7;100.4;101.7;12.52;0.49;0;1.7;1.7;1.31;1;42.97;0;6.36;13.2;5.927;0.345;5.85;0
6/28/2024;13:29:52;0;greeenland;1.64;9;1.1;0.344;1.46;0.93;1.7;100.4;101.7;12.52;0.49;0;1.7;1.69;1.3;1;43.41;0;6.36;13.3;5.931;0.346;5.85;0
6/28/2024;13:29:54;0;greeenland;1.64;9.02;1.1;0.345;1.47;0.93;1.7;100.3;101.7;12.51;0.49;0;1.7;1.68;1.3;1;43.86;0;6.36;13.4;5.936;0.343;5.85;0
6/28/2024;13:29:56;0;greeenland;1.64;9.01;1.1;0.344;1.45;0.93;1.7;100.4;101.7;12.51;0.49;0;1.7;1.68;1.29;1;43.91;0;6.36;13.5;5.942;0.345;5.85;0
6/28/2024;13:29:58;0;greeenland;1.64;9.03;1.1;0.344;1.45;0.93;1.7;100.4;101.7;12.51;0.49;0;1.7;1.69;1.3;1;43.92;0;6.36;13.6;5.949;0.346;5.85;0
6/28/2024;13:30:00;0;greeenland;1.65;9.04;1.1;0.344;1.47;0.93;1.7;100.4;101.7;12.51;0.489;0;1.7;1.68;1.29;1;43.97;0;6.36;13.7;5.955;0.345;5.85;0
6/28/2024;13:30:02;0;greeenland;1.65;9.04;1.1;0.344;1.5;0.95;1.7;100.4;101.7;12.51;0.49;0;1.7;1.67;1.28;1;44.01;0;6.35;13.9;5.962;0.345;5.85;0
6/28/2024;13:30:04;0;greeenland;1.65;9.06;1.1;0.344;1.51;0.95;1.7;100.4;101.7;12.51;0.489;0;1.7;1.68;1.29;1;44.08;0;6.35;14;5.968;0.345;5.85;0
6/28/2024;13:30:06;0;greeenland;1.65;9.06;1.1;0.345;1.51;0.95;1.7;100.4;101.7;12.51;0.49;0;1.7;1.67;1.29;1;44.15;0;6.35;14.1;5.974;0.35;5.85;0
6/28/2024;13:30:08;0;greeenland;1.66;9.08;1.1;0.344;1.49;0.94;1.7;100.4;101.7;12.5;0.49;0;1.7;1.67;1.28;1;44.22;0;6.35;14.2;5.978;0.34;5.85;0
6/28/2024;13:30:10;0;greeenland;1.65;9.06;1.1;0.344;1.47;0.93;1.7;100.4;101.7;12.5;0.489;0;1.7;1.68;1.29;1;44.31;0;6.35;14.2;5.98;0.343;5.85;0
6/28/2024;13:30:12;0;greeenland;1.66;9.07;1.1;0.344;1.44;0.93;1.7;100.4;101.7;12.5;0.489;0;1.7;1.68;1.29;1;44.41;0;6.35;14.3;5.981;0.345;5.85;0
6/28/2024;13:30:14;0;greeenland;1.66;9.08;1.1;0.344;1.45;0.93;1.7;100.4;101.7;12.5;0.489;0;1.7;1.68;1.29;1;44.53;0;6.34;14.4;5.981;0.342;5.85;0
6/28/2024;13:30:16;0;greeenland;1.66;9.07;1.1;0.344;1.45;0.93;1.7;100.4;101.7;12.5;0.489;0;1.7;1.68;1.29;1;44.68;0;6.34;14.5;5.982;0.343;5.85;0
6/28/2024;13:30:18;0;greeenland;1.66;9.07;1.1;0.344;1.42;0.92;1.7;100.4;101.7;12.5;0.489;0;1.7;1.67;1.28;1;44.81;0;6.34;14.5;5.984;0.346;5.85;0
6/28/2024;13:30:20;0;greeenland;1.65;9.06;1.1;0.344;1.42;0.92;1.7;100.4;101.7;12.5;0.489;0;1.7;1.67;1.28;1;44.96;0;6.34;14.6;5.988;0.346;5.85;0
6/28/2024;13:30:22;0;greeenland;1.67;9.1;1.1;0.344;1.42;0.92;1.7;100.3;101.7;12.49;0.489;0;1.7;1.69;1.3;1;45.1;0;6.34;14.6;5.992;0.341;5.85;0
6/28/2024;13:30:24;0;greeenland;1.67;9.1;1.1;0.344;1.45;0.93;1.7;100.3;101.7;12.49;0.489;0;1.7;1.7;1.31;1;45.27;0;6.34;14.7;5.996;0.348;5.85;0
6/28/2024;13:30:26;0;greeenland;1.67;9.12;1.1;0.344;1.45;0.93;1.7;100.3;101.7;12.49;0.489;0;1.7;1.72;1.33;1;45.49;0;6.34;14.8;5.999;0.341;5.85;0
6/28/2024;13:30:28;0;greeenland;1.67;9.12;1.1;0.344;1.47;0.94;1.7;100.3;101.6;12.49;0.489;0;1.7;1.74;1.35;1;45.75;0;6.34;14.9;6;0.349;5.85;0
6/28/2024;13:30:30;0;greeenland;1.67;9.1;1.1;0.344;1.48;0.94;1.7;100.3;101.6;12.48;0.489;0;1.7;1.76;1.37;1;46.04;0;6.33;15;6;0.343;5.85;0
6/28/2024;13:30:32;0;greeenland;1.67;9.1;1.1;0.344;1.47;0.93;1.7;100.3;101.6;12.48;0.489;0;1.7;1.78;1.39;1;46.36;0;6.33;15.1;6;0.344;5.85;0
6/28/2024;13:30:34;0;greeenland;1.66;9.07;1.1;0.344;1.41;0.91;1.7;100.3;101.6;12.48;0.489;0;1.7;1.81;1.42;1;46.72;0;6.33;15.2;6.001;0.344;5.85;0
6/28/2024;13:30:36;0;greeenland;1.65;9.03;1.1;0.344;1.4;0.91;1.7;100.3;101.6;12.48;0.489;0;1.7;1.83;1.45;1;47.1;0;6.33;15.3;6.004;0.342;5.85;0
6/28/2024;13:30:38;0;greeenland;1.63;9;1.1;0.344;1.41;0.91;1.7;100.3;101.6;12.48;0.489;0;1.7;1.86;1.47;1;47.53;0;6.33;15.4;6.009;0.343;5.85;0
6/28/2024;13:30:40;0;greeenland;1.64;9.02;1.1;0.344;1.39;0.91;1.7;100.3;101.6;12.48;0.489;0;1.7;1.86;1.48;1;47.98;0;6.32;15.6;6.016;0.346;5.85;0
6/28/2024;13:30:42;0;greeenland;1.64;9.01;1.1;0.344;1.39;0.91;1.7;100.3;101.6;12.48;0.489;0;1.7;1.87;1.48;1;48.43;0;6.32;15.7;6.023;0.342;5.85;0
6/28/2024;13:30:44;0;greeenland;1.63;8.98;1.1;0.343;1.37;0.9;1.7;100.3;101.6;12.48;0.488;0;1.7;1.88;1.49;1;48.9;0;6.32;15.8;6.029;0.345;5.85;0
6/28/2024;13:30:46;0;greeenland;1.62;8.96;1.1;0.344;1.4;0.91;1.7;100.3;101.6;12.47;0.489;0;1.7;1.88;1.5;1;49.39;0;6.32;15.9;6.034;0.347;5.85;0
6/28/2024;13:30:48;0;greeenland;1.61;8.93;1.1;0.344;1.38;0.9;1.7;100.3;101.6;12.47;0.489;0;1.7;1.88;1.49;1;49.92;0;6.32;15.9;6.037;0.34;5.85;0
6/28/2024;13:30:50;0;greeenland;1.61;8.94;1.1;0.344;1.35;0.89;1.7;100.2;101.6;12.47;0.489;0;1.7;1.88;1.49;1;50.54;0;6.31;16;6.038;0.351;5.85;0
6/28/2024;13:30:52;0;greeenland;1.6;8.88;1.1;0.344;1.36;0.9;1.7;100.2;101.6;12.47;0.489;0;1.7;1.87;1.48;1;51.24;0;6.31;16.1;6.038;0.338;5.85;0
6/28/2024;13:30:54;0;greeenland;1.59;8.86;1.1;0.344;1.36;0.9;1.7;100.2;101.6;12.47;0.489;0;1.7;1.85;1.46;1;52.04;0;6.31;16.2;6.038;0.343;5.85;0
6/28/2024;13:30:56;0;greeenland;1.58;8.84;1.1;0.344;1.35;0.89;1.7;100.2;101.6;12.47;0.489;0;1.7;1.84;1.45;1;52.64;0;6.31;16.2;6.038;0.344;5.85;0
6/28/2024;13:30:58;0;greeenland;1.58;8.82;1.1;0.344;1.35;0.89;1.7;100.2;101.6;12.46;0.489;0;1.7;1.84;1.45;1;52.57;0;6.31;16.2;6.038;0.343;5.85;0
6/28/2024;13:31:00;0;greeenland;1.57;8.8;1.1;0.344;1.35;0.89;1.7;100.2;101.5;12.46;0.489;0;1.7;1.84;1.45;1;52.48;0;6.31;16.2;6.04;0.344;5.85;0
6/28/2024;13:31:02;0;greeenland;1.55;8.75;1.1;0.344;1.37;0.9;1.7;100.2;101.5;12.46;0.489;0;1.7;1.83;1.44;1;52.33;0;6.31;16.2;6.043;0.345;5.85;0
6/28/2024;13:31:04;0;greeenland;1.55;8.75;1.1;0.344;1.37;0.9;1.7;100.2;101.6;12.46;0.489;0;1.7;1.83;1.44;1;52.09;0;6.31;16.3;6.048;0.342;5.85;0
6/28/2024;13:31:06;0;greeenland;1.54;8.72;1.1;0.344;1.38;0.9;1.7;100.2;101.6;12.46;0.489;0;1.7;1.82;1.44;1;51.8;0;6.31;16.3;6.055;0.344;5.85;0
6/28/2024;13:31:08;0;greeenland;1.53;8.69;1.1;0.344;1.39;0.91;1.7;100.2;101.5;12.46;0.489;0;1.7;1.82;1.44;1;51.52;0;6.31;16.4;6.06;0.346;5.85;0
6/28/2024;13:31:10;0;greeenland;1.53;8.66;1.1;0.344;1.42;0.92;1.7;100.2;101.5;12.45;0.489;0;1.7;1.83;1.44;1;51.15;0;6.31;16.5;6.063;0.343;5.85;0
6/28/2024;13:31:12;0;greeenland;1.51;8.63;1.1;0.344;1.41;0.92;1.7;100.2;101.5;12.45;0.489;0;1.7;1.83;1.45;1;51.69;0;6.31;16.5;6.064;0.348;5.85;0
6/28/2024;13:31:14;0;greeenland;1.51;8.6;1.1;0.344;1.41;0.91;1.7;100.2;101.5;12.45;0.489;0;1.7;1.83;1.44;1;52.26;0;6.3;16.6;6.065;0.339;5.85;0
6/28/2024;13:31:16;0;greeenland;1.5;8.59;1.1;0.344;1.4;0.91;1.7;100.1;101.5;12.45;0.489;0;1.7;1.84;1.45;1;52.99;0;6.3;16.7;6.064;0.344;5.84;0
6/28/2024;13:31:18;0;greeenland;1.49;8.56;1.1;0.344;1.41;0.91;1.7;100.1;101.4;12.44;0.488;0;1.7;1.83;1.44;1;53.81;0;6.3;16.7;6.062;0.343;5.84;0
6/28/2024;13:31:20;0;greeenland;1.48;8.52;1.1;0.344;1.43;0.92;1.7;100.1;101.4;12.44;0.489;0;1.7;1.82;1.44;1;54.56;0;6.3;16.8;6.062;0.343;5.84;0
6/28/2024;13:31:22;0;greeenland;1.49;8.56;1.1;0.344;1.42;0.92;1.7;100.1;101.4;12.44;0.488;0;1.7;1.81;1.42;1;55.21;0;6.3;16.9;6.064;0.344;5.84;0
6/28/2024;13:31:24;0;greeenland;1.49;8.56;1.1;0.343;1.42;0.92;1.7;100.1;101.4;12.44;0.488;0;1.7;1.81;1.42;1;55.68;0;6.3;17;6.067;0.343;5.84;0
6/28/2024;13:31:26;0;greeenland;1.49;8.55;1.1;0.344;1.4;0.91;1.7;100.1;101.4;12.44;0.489;0;1.7;1.8;1.41;1;55.99;0;6.29;17.1;6.068;0.343;5.85;0
6/28/2024;13:31:28;0;greeenland;1.48;8.52;1.1;0.343;1.41;0.91;1.7;100.1;101.4;12.44;0.488;0;1.7;1.79;1.4;1;56.18;0;6.29;17.2;6.07;0.346;5.85;0
6/28/2024;13:31:30;0;greeenland;1.47;8.51;1.1;0.344;1.39;0.91;1.7;100.1;101.4;12.44;0.489;0;1.7;1.78;1.39;1;56.13;0;6.29;17.2;6.071;0.343;5.85;0
6/28/2024;13:31:32;0;greeenland;1.48;8.51;1.1;0.344;1.38;0.91;1.7;100.1;101.4;12.44;0.489;0;1.7;1.77;1.38;1;55.7;0;6.29;17.2;6.072;0.345;5.85;0
6/28/2024;13:31:34;0;greeenland;1.46;8.46;1.1;0.344;1.39;0.91;1.7;100.1;101.4;12.44;0.489;0;1.7;1.76;1.37;1;55.31;0;6.29;17.2;6.072;0.346;5.85;0
6/28/2024;13:31:36;0;greeenland;1.44;8.4;1.1;0.343;1.39;0.91;1.7;100.1;101.4;12.44;0.488;0;1.7;1.75;1.36;1;54.83;0;6.29;17.1;6.072;0.339;5.85;0
6/28/2024;13:31:38;0;greeenland;1.43;8.36;1.1;0.344;1.42;0.92;1.7;100.1;101.4;12.44;0.489;0;1.7;1.74;1.35;1;54.25;0;6.3;17.1;6.075;0.349;5.85;0
6/28/2024;13:31:40;0;greeenland;1.42;8.33;1.1;0.343;1.4;0.91;1.7;100.1;101.4;12.44;0.488;0;1.7;1.73;1.34;1;53.65;0;6.3;17.1;6.08;0.342;5.85;0
6/28/2024;13:31:42;0;greeenland;1.41;8.29;1.1;0.344;1.4;0.91;1.7;100.1;101.4;12.43;0.489;0;1.7;1.72;1.33;1;53.05;0;6.3;17.1;6.086;0.344;5.85;0
6/28/2024;13:31:44;0;greeenland;1.39;8.25;1.1;0.343;1.39;0.91;1.7;100.1;101.4;12.43;0.488;0;1.7;1.7;1.32;1;52.44;0;6.3;17.1;6.093;0.343;5.85;0
6/28/2024;13:31:46;0;greeenland;1.39;8.25;1.1;0.343;1.4;0.91;1.7;100.1;101.4;12.43;0.488;0;1.7;1.69;1.3;1;51.92;0;6.3;17.1;6.101;0.343;5.85;0
6/28/2024;13:31:48;0;greeenland;1.38;8.22;1;0.343;1.39;0.91;1.7;100.1;101.4;12.43;0.488;0;1.6;1.68;1.3;1;51.25;0;6.29;17.2;6.108;0.345;5.85;0
6/28/2024;13:31:50;0;greeenland;1.39;8.24;1;0.343;1.38;0.9;1.6;100.1;101.4;12.43;0.488;0;1.6;1.68;1.29;1;50.6;0;6.29;17.2;6.117;0.344;5.85;0
6/28/2024;13:31:52;0;greeenland;1.38;8.21;1;0.344;1.42;0.92;1.6;100.1;101.5;12.43;0.488;0;1.6;1.67;1.28;1;50.07;0;6.29;17.3;6.128;0.344;5.85;0
6/28/2024;13:31:54;0;greeenland;1.38;8.23;1;0.343;1.38;0.9;1.5;100.1;101.5;12.42;0.488;0;1.5;1.67;1.28;1;49.6;0;6.29;17.5;6.139;0.342;5.85;0
6/28/2024;13:31:56;0;greeenland;1.39;8.23;1;0.344;1.39;0.91;1.5;100.1;101.5;12.42;0.489;0;1.5;1.67;1.28;1;49.2;0;6.28;17.8;6.151;0.348;5.84;0
6/28/2024;13:31:58;0;greeenland;1.39;8.24;0.9;0.343;1.38;0.9;1.5;100.1;101.5;12.41;0.488;0;1.5;1.67;1.28;1;48.82;0;6.28;18.1;6.163;0.34;5.84;0
6/28/2024;13:32:00;0;greeenland;1.38;8.22;0.9;0.344;1.37;0.9;1.5;100.1;101.5;12.41;0.489;0;1.4;1.66;1.28;1;48.57;0;6.27;18.3;6.177;0.35;5.84;0
6/28/2024;13:32:02;0;greeenland;1.38;8.21;0.9;0.344;1.35;0.89;1.4;100.1;101.5;12.41;0.489;0;1.4;1.67;1.28;1;48.33;0;6.27;18.6;6.188;0.343;5.84;0
6/28/2024;13:32:04;0;greeenland;1.38;8.21;0.9;0.344;1.39;0.91;1.4;100.1;101.4;12.4;0.489;0;1.4;1.67;1.28;1;47.97;0;6.26;18.8;6.195;0.349;5.84;0
6/28/2024;13:32:06;0;greeenland;1.38;8.21;0.9;0.344;1.36;0.9;1.4;100.1;101.4;12.4;0.489;0;1.4;1.68;1.29;1;47.44;0;6.26;19;6.201;0.344;5.84;0
6/28/2024;13:32:08;0;greeenland;1.38;8.22;0.9;0.344;1.32;0.88;1.4;100.1;101.4;12.4;0.488;0;1.4;1.68;1.29;1;46.8;0;6.26;19.2;6.204;0.343;5.84;0
6/28/2024;13:32:10;0;greeenland;1.39;8.25;0.9;0.343;1.34;0.89;1.4;100.1;101.4;12.4;0.488;0;1.4;1.68;1.29;1;45.94;0;6.25;19.4;6.205;0.343;5.84;0
6/28/2024;13:32:12;0;greeenland;1.4;8.29;0.9;0.343;1.35;0.89;1.4;100.1;101.4;12.4;0.488;0;1.4;1.68;1.29;1;44.87;0;6.25;19.5;6.204;0.345;5.84;0
6/28/2024;13:32:14;0;greeenland;1.42;8.32;0.9;0.343;1.37;0.9;1.4;100.1;101.4;12.4;0.488;0;1.4;1.67;1.28;1;43.51;0;6.25;19.7;6.201;0.34;5.84;0
6/28/2024;13:32:16;0;greeenland;1.42;8.34;0.9;0.343;1.32;0.88;1.4;100.1;101.4;12.4;0.488;0;1.4;1.67;1.28;1;41.7;0;6.25;19.7;6.197;0.347;5.84;0
6/28/2024;13:32:18;0;greeenland;1.42;8.33;0.9;0.343;1.3;0.88;1.4;100.1;101.4;12.4;0.488;0;1.4;1.68;1.29;1;39.71;0;6.25;19.8;6.189;0.344;5.84;0
6/28/2024;13:32:20;0;greeenland;1.42;8.34;0.9;0.343;1.36;0.9;1.4;100.1;101.4;12.4;0.488;0;1.4;1.68;1.29;1;37.62;0;6.25;19.7;6.176;0.34;5.84;0
6/28/2024;13:32:22;0;greeenland;1.39;8.25;0.9;0.343;1.36;0.9;1.4;100.1;101.4;12.4;0.488;0;1.4;1.67;1.28;1;35.23;0;6.25;19.7;6.162;0.348;5.84;0
6/28/2024;13:32:24;0;greeenland;1.38;8.2;0.9;0.343;1.32;0.88;1.4;100.1;101.4;12.41;0.488;0;1.4;1.67;1.28;1;32.93;0;6.25;19.7;6.15;0.344;5.84;0
6/28/2024;13:32:26;0;greeenland;1.36;8.14;0.9;0.343;1.31;0.88;1.4;100.1;101.4;12.41;0.488;0;1.4;1.65;1.27;1;30.58;0;6.25;19.7;6.141;0.343;5.84;0
6/28/2024;13:32:28;0;greeenland;1.33;8.05;0.9;0.343;1.32;0.89;1.4;100.1;101.4;12.42;0.488;0;1.4;1.65;1.26;1;28.31;0;6.25;19.6;6.137;0.344;5.84;0
6/28/2024;13:32:30;0;greeenland;1.31;8.01;0.9;0.343;1.33;0.89;1.4;100.1;101.5;12.42;0.488;0;1.4;1.64;1.25;1;26.44;0;6.25;19.6;6.137;0.343;5.84;0
6/28/2024;13:32:32;0;greeenland;1.31;7.99;0.9;0.344;1.32;0.88;1.4;100.2;101.5;12.43;0.489;0;1.4;1.63;1.24;1;24.98;0;6.25;19.6;6.142;0.345;5.84;0
6/28/2024;13:32:34;0;greeenland;1.31;7.99;0.9;0.343;1.35;0.89;1.4;100.2;101.5;12.43;0.488;0;1.4;1.62;1.23;1;23.7;0;6.25;19.5;6.15;0.343;5.84;0
6/28/2024;13:32:36;0;greeenland;1.29;7.95;0.9;0.344;1.36;0.9;1.4;100.2;101.5;12.42;0.489;0;1.4;1.62;1.23;1;22.72;0;6.25;19.4;6.161;0.342;5.84;0
6/28/2024;13:32:38;0;greeenland;1.29;7.94;0.9;0.343;1.32;0.88;1.4;100.2;101.5;12.42;0.488;0;1.4;1.6;1.21;1;21.93;0;6.25;19.4;6.168;0.345;5.84;0
6/28/2024;13:32:40;0;greeenland;1.3;7.95;0.9;0.343;1.26;0.86;1.4;100.2;101.5;12.42;0.488;0;1.4;1.6;1.21;1;21.36;0;6.25;19.4;6.168;0.344;5.84;0
6/28/2024;13:32:42;0;greeenland;1.34;8.09;0.9;0.343;1.24;0.86;1.4;100.2;101.5;12.42;0.488;0;1.4;1.6;1.22;1;20.94;0;6.25;19.4;6.168;0.34;5.84;0
6/28/2024;13:32:44;0;greeenland;1.39;8.25;0.9;0.343;1.24;0.86;1.4;100.2;101.5;12.42;0.488;0;1.4;1.62;1.23;1;20.62;0;6.25;19.4;6.169;0.347;5.84;0
6/28/2024;13:32:46;0;greeenland;1.43;8.36;0.9;0.343;1.28;0.87;1.4;100.2;101.5;12.42;0.488;0;1.3;1.64;1.25;1;20.36;0;6.25;19.4;6.171;0.338;5.84;0
6/28/2024;13:32:48;0;greeenland;1.47;8.48;0.8;0.343;1.29;0.87;1.3;100.2;101.5;12.42;0.488;0;1.3;1.65;1.27;1;20.14;0;6.25;19.5;6.172;0.344;5.84;0
6/28/2024;13:32:50;0;greeenland;1.51;8.62;0.8;0.343;1.23;0.85;1.3;100.2;101.5;12.42;0.488;0;1.3;1.66;1.27;1;19.94;0;6.25;19.6;6.175;0.342;5.84;0
6/28/2024;13:32:52;0;greeenland;1.52;8.66;0.8;0.343;1.14;0.82;1.3;100.2;101.5;12.42;0.488;0;1.3;1.68;1.29;1;19.84;0;6.25;19.6;6.181;0.344;5.84;0
6/28/2024;13:32:54;0;greeenland;1.51;8.62;0.8;0.343;1.08;0.8;1.3;100.2;101.5;12.42;0.488;0;1.3;1.7;1.31;1;19.77;0;6.25;19.7;6.188;0.344;5.84;0
6/28/2024;13:32:56;0;greeenland;1.5;8.58;0.8;0.343;1.07;0.8;1.3;100.2;101.5;12.41;0.488;0;1.3;1.71;1.32;1;19.71;0;6.25;19.8;6.195;0.344;5.84;0
6/28/2024;13:32:58;0;greeenland;1.48;8.54;0.8;0.343;1.1;0.81;1.3;100.2;101.5;12.41;0.488;0;1.3;1.72;1.34;1;19.68;0;6.24;19.9;6.199;0.342;5.84;0
6/28/2024;13:33:00;0;greeenland;1.49;8.54;0.8;0.343;1.12;0.82;1.3;100.2;101.5;12.41;0.488;0;1.3;1.73;1.34;1;19.63;0;6.24;20;6.202;0.345;5.84;0
6/28/2024;13:33:02;0;greeenland;1.47;8.48;0.8;0.343;1.14;0.82;1.3;100.2;101.5;12.41;0.488;0;1.3;1.72;1.33;1;19.59;0;6.24;20.1;6.203;0.348;5.84;0
6/28/2024;13:33:04;0;greeenland;1.46;8.45;0.8;0.343;1.13;0.82;1.3;100.2;101.5;12.41;0.488;0;1.3;1.71;1.32;1;19.55;0;6.24;20.2;6.2;0.34;5.84;0
6/28/2024;13:33:06;0;greeenland;1.45;8.43;0.8;0.343;1.1;0.81;1.3;100.2;101.5;12.41;0.488;0;1.3;1.71;1.32;1;19.61;0;6.24;20.2;6.196;0.348;5.84;0
6/28/2024;13:33:08;0;greeenland;1.45;8.44;0.8;0.343;1.06;0.8;1.3;100.2;101.5;12.41;0.488;0;1.3;1.7;1.31;1;19.73;0;6.24;20.3;6.191;0.341;5.84;0
6/28/2024;13:33:10;0;greeenland;1.45;8.42;0.8;0.343;1.04;0.79;1.3;100.2;101.5;12.41;0.488;0;1.3;1.7;1.31;1;19.85;0;6.24;20.3;6.184;0.35;5.84;0
6/28/2024;13:33:12;0;greeenland;1.45;8.44;0.8;0.343;1.05;0.79;1.3;100.2;101.5;12.41;0.488;0;1.3;1.7;1.31;1;19.95;0;6.24;20.3;6.177;0.339;5.84;0
6/28/2024;13:33:14;0;greeenland;1.45;8.44;0.8;0.343;1.07;0.8;1.3;100.2;101.5;12.41;0.488;0;1.2;1.68;1.29;1;20.06;0;6.24;20.4;6.173;0.344;5.84;0
6/28/2024;13:33:16;0;greeenland;1.45;8.44;0.8;0.343;1.07;0.8;1.3;100.2;101.5;12.42;0.488;0;1.2;1.68;1.29;1;20.2;0;6.24;20.4;6.171;0.344;5.84;0
6/28/2024;13:33:18;0;greeenland;1.45;8.44;0.8;0.343;1.06;0.8;1.2;100.2;101.5;12.42;0.488;0;1.2;1.68;1.29;1;20.28;0;6.23;20.5;6.172;0.343;5.84;0
6/28/2024;13:33:20;0;greeenland;1.45;8.43;0.8;0.344;1.06;0.8;1.2;100.2;101.5;12.42;0.488;0;1.2;1.66;1.27;1;20.38;0;6.23;20.5;6.176;0.342;5.84;0
6/28/2024;13:33:22;0;greeenland;1.44;8.38;0.8;0.344;1.05;0.79;1.2;100.2;101.5;12.42;0.489;0;1.2;1.65;1.26;1;20.37;0;6.23;20.6;6.179;0.346;5.84;0
6/28/2024;13:33:24;0;greeenland;1.43;8.36;0.8;0.344;1.03;0.79;1.2;100.2;101.5;12.42;0.489;0;1.2;1.64;1.25;1;20.38;0;6.23;20.6;6.185;0.342;5.84;0
6/28/2024;13:33:26;0;greeenland;1.42;8.32;0.8;0.344;1.03;0.79;1.2;100.2;101.5;12.42;0.488;0;1.2;1.63;1.25;1;20.38;0;6.23;20.6;6.189;0.341;5.84;0
6/28/2024;13:33:28;0;greeenland;1.41;8.31;0.8;0.344;1.04;0.79;1.2;100.2;101.5;12.42;0.489;0;1.2;1.63;1.24;1;20.38;0;6.36;13.3;6.193;0.348;5.84;0
6/28/2024;13:33:30;0;greeenland;1.39;8.24;0.8;0.344;1.06;0.8;1.2;100.2;101.5;12.41;0.489;0;1.2;1.6;1.21;1;20.35;0;6.43;9.9;6.199;0.342;5.84;0
6/28/2024;13:33:32;0;greeenland;1.38;8.22;0.8;0.344;1.07;0.8;1.2;100.2;101.5;12.41;0.489;0;1.2;1.59;1.2;1;20.35;0;6.41;10.5;6.198;0.35;5.84;0
6/28/2024;13:33:34;0;greeenland;1.39;8.24;0.7;0.344;1.05;0.79;1.2;100.2;101.5;12.41;0.489;0;1.1;1.57;1.18;1;20.27;0;6.42;10.2;6.192;0.343;5.84;0
6/28/2024;13:33:36;0;greeenland;1.37;8.17;0.7;0.344;1.02;0.78;1.1;100.2;101.5;12.41;0.489;0;1.1;1.54;1.15;1;20.17;0;6.42;10;6.172;0.344;5.83;0
6/28/2024;13:33:38;0;greeenland;1.35;8.13;0.7;0.344;1.01;0.78;1.1;100.2;101.5;12.42;0.489;0;1.1;1.53;1.14;1;20.09;0;6.42;10.1;6.151;0.344;5.83;0
6/28/2024;13:33:40;0;greeenland;1.36;8.14;0.6;0.344;0.97;0.77;1;100.2;101.5;12.43;0.489;0;1;1.5;1.11;1;20.03;0;6.42;10.3;6.135;0.343;5.83;0
6/28/2024;13:33:42;0;greeenland;1.36;8.14;0.6;0.344;0.95;0.76;1;100.2;101.5;12.43;0.489;0;1;1.48;1.09;1;45.52;0;6.42;10.4;6.122;0.338;5.83;0
6/28/2024;13:33:44;0;greeenland;10.87;37.63;0.7;0.344;0.94;0.76;1.1;100.2;101.5;12.43;0.489;0;1;1.46;1.07;1;50.14;0;6.42;10.5;6.104;0.342;5.83;0
6/28/2024;13:33:46;0;greeenland;0.06;4.12;0.7;0.344;0.95;0.76;1.2;100.2;101.5;12.44;0.489;0;1.2;1.34;0.96;1;57.19;0;6.41;10.6;6.09;0.342;5.68;0
6/28/2024;13:33:48;0;greeenland;0.15;4.4;0.8;0.344;0.97;0.77;1.3;100.2;101.5;12.44;0.489;0;1.3;1.26;0.87;1;53.68;0;6.41;10.6;6.085;0.342;5.68;0
6/28/2024;13:33:50;0;greeenland;0.11;4.26;0.9;0.344;1;0.78;1.4;100.2;101.5;12.44;0.489;0;1.4;1.16;0.77;1;52.66;0;6.41;10.8;6.088;0.348;5.68;0
6/28/2024;13:33:52;0;greeenland;0.07;4.16;1;0.343;1.02;0.78;1.6;100.2;101.5;12.44;0.488;0;1.5;1.07;0.68;1;52.12;0;6.41;10.9;6.091;0.34;5.68;0
6/28/2024;13:33:54;0;greeenland;0.05;4.08;1.1;0.344;1.06;0.8;1.7;100.2;101.5;12.44;0.489;0;1.7;0.97;0.59;1;52.04;0;6.41;10.8;6.089;0.349;5.68;0
6/28/2024;13:33:56;0;greeenland;0.03;4.02;1.1;0.343;1.07;0.8;1.8;100.2;101.5;12.44;0.488;0;1.8;0.9;0.51;1;52.05;0;6.41;10.8;6.086;0.339;5.81;0
6/28/2024;13:33:58;0;greeenland;0;3.94;1.1;0.343;1.07;0.8;1.8;100.2;101.5;12.45;0.488;0;1.7;0.82;0.43;1;51.96;0;6.41;10.9;6.088;0.345;5.81;0
6/28/2024;13:34:00;0;greeenland;-0.04;3.81;1.1;0.343;1.05;0.79;1.8;100.2;101.5;12.45;0.488;0;1.7;0.75;0.36;1;51.67;0;6.41;10.9;6.091;0.346;5.81;0
6/28/2024;13:34:02;0;greeenland;-0.07;3.71;1.1;0.344;1.03;0.79;1.8;100.2;101.5;12.45;0.489;0;1.7;0.67;0.29;1;51.3;0;6.41;10.9;6.094;0.343;5.81;0
6/28/2024;13:34:04;0;greeenland;-0.1;3.62;1.1;0.344;0.99;0.77;1.8;100.2;101.5;12.44;0.489;0;1.8;0.69;0.3;1;51.18;0;6.41;10.9;6.097;0.343;5.81;0
6/28/2024;13:34:06;0;greeenland;-0.12;3.56;1.1;0.344;0.93;0.76;1.8;100.2;101.5;12.44;0.489;0;1.8;0.7;0.32;1;51.06;0;6.41;10.8;6.099;0.344;5.82;0
6/28/2024;13:34:08;0;greeenland;-0.14;3.52;1.1;0.344;0.89;0.74;1.8;100.2;101.5;12.44;0.489;0;1.8;0.72;0.33;1;50.8;0;6.41;10.8;6.1;0.342;5.82;0
6/28/2024;13:34:10;0;greeenland;-0.14;3.5;1.1;0.343;0.85;0.73;1.8;100.2;101.5;12.44;0.488;0;1.8;0.73;0.34;1;50.42;0;6.41;10.7;6.1;0.343;5.82;0
6/28/2024;13:34:12;0;greeenland;-0.13;3.52;1.1;0.343;0.81;0.71;1.8;100.2;101.5;12.44;0.488;0;1.8;0.75;0.36;1;50.06;0;6.41;10.6;6.099;0.346;5.82;0
6/28/2024;13:34:14;0;greeenland;-0.13;3.53;1.1;0.343;0.79;0.71;1.8;100.2;101.5;12.44;0.488;0;1.7;0.76;0.37;1;49.73;0;6.42;10.4;6.098;0.341;5.82;0
6/28/2024;13:34:16;0;greeenland;-0.12;3.55;1.1;0.343;0.81;0.71;1.8;100.2;101.5;12.44;0.488;0;1.7;0.77;0.39;1;49.36;0;6.42;10.5;6.097;0.35;5.82;0
6/28/2024;13:34:18;0;greeenland;-0.12;3.57;1.1;0.343;0.84;0.72;1.8;100.2;101.5;12.44;0.488;0;1.7;0.8;0.42;1;49.04;0;6.42;10.4;6.096;0.34;5.82;0
6/28/2024;13:34:20;0;greeenland;-0.11;3.59;1.1;0.343;0.87;0.73;1.8;100.2;101.5;12.44;0.488;0;1.7;0.98;0.59;1;48.73;0;6.42;10.4;6.095;0.347;5.82;0
6/28/2024;13:34:22;0;greeenland;-0.12;3.56;1.1;0.343;0.91;0.75;1.8;100.2;101.5;12.44;0.488;0;1.7;1.19;0.81;1;48.45;0;6.42;10.4;6.096;0.343;5.82;0
6/28/2024;13:34:24;0;greeenland;-0.12;3.57;1.1;0.343;0.94;0.76;1.8;100.2;101.5;12.44;0.488;0;1.8;1.42;1.03;1;48.21;0;6.42;10.4;6.096;0.343;5.82;0
6/28/2024;13:34:26;0;greeenland;-0.12;3.57;1.1;0.343;0.97;0.77;1.8;100.2;101.5;12.44;0.488;0;1.8;1.63;1.24;1;47.99;0;6.42;10.4;6.095;0.344;5.82;0
6/28/2024;13:34:28;0;greeenland;-0.11;3.58;1.1;0.343;0.96;0.76;1.8;100.2;101.5;12.44;0.488;0;1.8;1.84;1.46;1;47.81;0;6.42;10.4;6.095;0.344;5.82;0
6/28/2024;13:34:30;0;greeenland;-0.12;3.57;1.1;0.343;0.94;0.76;1.8;100.2;101.5;12.44;0.488;0;1.8;2.07;1.68;1;47.71;0;6.42;10.4;6.097;0.344;5.82;0
6/28/2024;13:34:32;0;greeenland;-0.12;3.56;1.1;0.343;0.94;0.76;1.8;100.2;101.5;12.44;0.488;0;1.8;2.29;1.9;1;47.61;0;6.42;10.4;6.096;0.345;5.82;0
6/28/2024;13:34:34;0;greeenland;-0.12;3.58;1.1;0.343;0.93;0.75;1.8;100.2;101.5;12.44;0.488;0;1.8;2.5;2.11;1;47.53;0;6.42;10.4;6.095;0.346;5.82;0
6/28/2024;13:34:36;0;greeenland;-0.12;3.57;1.1;0.343;0.91;0.75;1.8;100.2;101.5;12.44;0.488;0;1.7;2.68;2.3;1;47.48;0;6.42;10.4;6.092;0.342;5.82;0
6/28/2024;13:34:38;0;greeenland;-0.12;3.56;1.1;0.343;0.89;0.74;1.8;100.2;101.5;12.44;0.488;0;1.7;2.7;2.31;1;47.44;0;6.42;10.4;6.091;0.346;5.82;0
6/28/2024;13:34:40;0;greeenland;-0.13;3.53;1.1;0.343;0.91;0.75;1.8;100.2;101.5;12.44;0.488;0;1.8;2.71;2.32;1;47.39;0;6.42;10.4;6.09;0.339;5.82;0
6/28/2024;13:34:42;0;greeenland;-0.12;3.56;1.1;0.343;0.93;0.75;1.8;100.2;101.5;12.44;0.488;0;1.8;2.71;2.32;1;47.32;0;6.42;10.4;6.087;0.349;5.82;0
6/28/2024;13:34:44;0;greeenland;-0.13;3.52;1.1;0.343;0.96;0.77;1.8;100.2;101.5;12.44;0.488;0;1.8;2.72;2.33;1;47.36;0;6.42;10.4;6.084;0.343;5.82;0
6/28/2024;13:34:46;0;greeenland;-0.14;3.51;1.1;0.344;0.97;0.77;1.8;100.2;101.5;12.44;0.488;0;1.7;2.73;2.34;1;47.52;0;6.42;10.4;6.08;0.349;5.82;0
6/28/2024;13:34:48;0;greeenland;-0.14;3.5;1.1;0.343;1.01;0.78;1.8;100.1;101.5;12.44;0.488;0;1.7;2.73;2.34;1;47.69;0;6.42;10.4;6.075;0.338;5.82;0
6/28/2024;13:34:50;0;greeenland;-0.15;3.48;1.1;0.343;1.08;0.8;1.8;100.2;101.5;12.45;0.488;0;1.7;2.72;2.33;1;47.88;0;6.42;10.4;6.072;0.349;5.82;0
6/28/2024;13:34:52;0;greeenland;-0.16;3.45;1.1;0.343;1.1;0.81;1.8;100.1;101.5;12.44;0.488;0;1.7;2.72;2.33;1;48.07;0;6.42;10.4;6.068;0.341;5.82;0
6/28/2024;13:34:54;0;greeenland;-0.17;3.4;1.1;0.343;1.1;0.81;1.8;100.1;101.5;12.44;0.488;0;1.7;2.73;2.34;1;48.28;0;6.42;10.5;6.065;0.344;5.82;0
6/28/2024;13:34:56;0;greeenland;-0.19;3.36;1.1;0.343;1.06;0.8;1.8;100.1;101.5;12.45;0.488;0;1.7;2.74;2.35;1;48.51;0;6.41;10.5;6.062;0.345;5.82;0
6/28/2024;13:34:58;0;greeenland;-0.21;3.29;1.1;0.343;1;0.78;1.8;100.1;101.5;12.45;0.488;0;1.7;2.75;2.36;1;48.68;0;6.41;10.5;6.059;0.342;5.82;0
6/28/2024;13:35:00;0;greeenland;-0.23;3.22;1.1;0.343;0.92;0.75;1.8;100.1;101.5;12.45;0.488;0;1.7;2.76;2.37;1;48.61;0;6.41;10.5;6.061;0.346;5.82;0
6/28/2024;13:35:02;0;greeenland;-0.25;3.17;1.1;0.343;0.83;0.72;1.8;100.2;101.5;12.45;0.488;0;1.7;2.77;2.38;1;48.62;0;6.41;10.5;6.063;0.342;5.82;0
6/28/2024;13:35:04;0;greeenland;-0.25;3.17;1.1;0.343;0.76;0.7;1.8;100.2;101.5;12.45;0.488;0;1.7;2.78;2.39;1;48.57;0;6.41;10.6;6.065;0.347;5.82;0
6/28/2024;13:35:06;0;greeenland;-0.26;3.14;1.1;0.343;0.73;0.69;1.8;100.2;101.5;12.45;0.488;0;1.7;2.79;2.4;1;48.51;0;6.41;10.6;6.067;0.345;5.82;0
6/28/2024;13:35:08;0;greeenland;-0.27;3.11;1.1;0.343;0.71;0.68;1.8;100.2;101.5;12.45;0.488;0;1.8;2.8;2.42;1;48.46;0;6.41;10.6;6.07;0.34;5.82;0
6/28/2024;13:35:10;0;greeenland;-0.25;3.15;1.1;0.343;0.72;0.69;1.8;100.2;101.6;12.45;0.488;0;1.8;2.8;2.42;1;48.42;0;6.41;10.6;6.077;0.343;5.82;0
6/28/2024;13:35:12;0;greeenland;-0.26;3.11;1.1;0.343;0.78;0.7;1.8;100.2;101.6;12.45;0.488;0;1.7;2.8;2.41;1;48.33;0;6.41;10.6;6.085;0.343;5.82;0
6/28/2024;13:35:14;0;greeenland;-0.27;3.09;1.1;0.343;0.86;0.73;1.8;100.2;101.5;12.45;0.488;0;1.7;2.8;2.41;1;48.31;0;6.41;10.7;6.092;0.341;5.82;0
6/28/2024;13:35:16;0;greeenland;-0.27;3.08;1.1;0.343;0.99;0.78;1.8;100.2;101.6;12.45;0.488;0;1.7;2.8;2.41;1;48.28;0;6.41;10.7;6.101;0.345;5.82;0
6/28/2024;13:35:18;0;greeenland;-0.26;3.11;1.1;0.343;1.11;0.81;1.8;100.2;101.6;12.44;0.488;0;1.7;2.81;2.42;1;48.21;0;6.41;10.7;6.111;0.342;5.82;0
6/28/2024;13:35:20;0;greeenland;-0.27;3.1;1.1;0.343;1.22;0.85;1.8;100.2;101.6;12.44;0.488;0;1.7;2.8;2.41;1;48.13;0;6.41;10.7;6.12;0.344;5.82;0
6/28/2024;13:35:22;0;greeenland;-0.28;3.08;1.1;0.343;1.32;0.88;1.8;100.2;101.6;12.44;0.488;0;1.7;2.8;2.41;1;48.07;0;6.41;10.7;6.126;0.346;5.82;0
6/28/2024;13:35:24;0;greeenland;-0.27;3.1;1.1;0.343;1.4;0.91;1.8;100.2;101.5;12.43;0.487;0;1.7;2.81;2.42;1;48;0;6.41;10.7;6.128;0.34;5.82;0
6/28/2024;13:35:26;0;greeenland;-0.26;3.13;1.1;0.343;1.46;0.93;1.8;100.2;101.5;12.43;0.488;0;1.7;2.8;2.41;1;47.94;0;6.41;10.8;6.128;0.349;5.82;0
6/28/2024;13:35:28;0;greeenland;-0.27;3.11;1.1;0.343;1.5;0.94;1.8;100.2;101.5;12.43;0.488;0;1.7;2.8;2.41;1;47.87;0;6.41;10.8;6.128;0.342;5.82;0
6/28/2024;13:35:30;0;greeenland;-0.27;3.1;1.1;0.343;1.49;0.94;1.8;100.2;101.5;12.43;0.488;0;1.7;2.8;2.41;1;47.8;0;6.41;10.8;6.124;0.344;5.82;0
6/28/2024;13:35:32;0;greeenland;-0.27;3.09;1.1;0.343;1.44;0.92;1.8;100.1;101.5;12.43;0.488;0;1.7;2.8;2.41;1;47.77;0;6.41;10.9;6.118;0.343;5.82;0
6/28/2024;13:35:34;0;greeenland;-0.27;3.1;1.1;0.343;1.39;0.91;1.8;100.1;101.4;12.43;0.488;0;1.7;2.81;2.42;1;47.75;0;6.41;10.9;6.112;0.342;5.82;0
6/28/2024;13:35:36;0;greeenland;-0.27;3.09;1.1;0.343;1.32;0.88;1.8;100.1;101.4;12.43;0.488;0;1.7;2.81;2.42;1;47.76;0;6.41;11;6.107;0.344;5.82;0
6/28/2024;13:35:38;0;greeenland;-0.27;3.09;1.1;0.343;1.25;0.86;1.8;100.1;101.4;12.43;0.488;0;1.7;2.8;2.41;1;47.73;0;6.41;11;6.102;0.344;5.82;0
6/28/2024;13:35:40;0;greeenland;-0.27;3.1;1.1;0.343;1.18;0.84;1.8;100.1;101.4;12.43;0.488;0;1.7;2.81;2.42;1;47.74;0;6.4;11;6.099;0.342;5.82;0
6/28/2024;13:35:42;0;greeenland;-0.28;3.07;1.1;0.343;1.08;0.8;1.8;100.1;101.4;12.43;0.488;0;1.7;2.8;2.41;1;47.71;0;6.4;11.1;6.097;0.341;5.82;0
6/28/2024;13:35:44;0;greeenland;-0.28;3.08;1.1;0.343;0.98;0.77;1.8;100.1;101.4;12.43;0.488;0;1.7;2.8;2.41;1;47.7;0;6.4;11.1;6.096;0.344;5.82;0
6/28/2024;13:35:46;0;greeenland;-0.26;3.11;1.1;0.343;0.87;0.73;1.8;100.1;101.5;12.44;0.488;0;1.8;2.79;2.41;1;47.65;0;6.4;11.1;6.096;0.341;5.82;0
6/28/2024;13:35:48;0;greeenland;-0.26;3.12;1.1;0.343;0.73;0.69;1.8;100.1;101.5;12.44;0.488;0;1.8;2.78;2.39;1;47.58;0;6.4;11.2;6.096;0.347;5.82;0
6/28/2024;13:35:50;0;greeenland;-0.27;3.1;1.1;0.343;0.57;0.64;1.8;100.2;101.5;12.44;0.487;0;1.8;2.76;2.37;1;47.49;0;6.4;11.2;6.098;0.339;5.82;0
6/28/2024;13:35:52;0;greeenland;-0.26;3.12;1.1;0.343;0.42;0.58;1.8;100.2;101.5;12.44;0.488;0;1.8;2.74;2.35;1;47.41;0;6.4;11.2;6.099;0.349;5.82;0
6/28/2024;13:35:54;0;greeenland;-0.25;3.15;1.1;0.343;0.27;0.53;1.8;100.2;101.5;12.44;0.487;0;1.8;2.71;2.32;1;47.31;0;6.4;11.2;6.102;0.338;5.82;0
6/28/2024;13:35:56;0;greeenland;-0.25;3.15;1.1;0.343;0.04;0.46;1.8;100.2;101.5;12.44;0.488;0;1.8;2.68;2.29;1;47.21;0;6.4;11.2;6.103;0.348;5.82;0
6/28/2024;13:35:58;0;greeenland;-0.26;3.14;1.1;0.343;-0.09;0.41;1.8;100.2;101.5;12.44;0.488;0;1.8;2.66;2.27;1;47.09;0;6.4;11.2;6.102;0.344;5.82;0
6/28/2024;13:36:00;0;greeenland;-0.25;3.15;1.1;0.343;-0.08;0.42;1.8;100.2;101.5;12.44;0.487;0;1.7;2.64;2.25;1;46.92;0;6.4;11.2;6.099;0.345;5.82;0
6/28/2024;13:36:02;0;greeenland;-0.23;3.22;1.1;0.343;-0.05;0.43;1.7;100.2;101.5;12.44;0.488;0;1.7;2.64;2.25;1;46.7;0;6.4;11.3;6.097;0.343;5.82;0
6/28/2024;13:36:04;0;greeenland;-0.23;3.21;1.1;0.343;0.01;0.45;1.7;100.2;101.5;12.44;0.487;0;1.7;2.61;2.22;1;46.49;0;6.4;11.4;6.089;0.341;5.82;0
6/28/2024;13:36:06;0;greeenland;-0.24;3.18;1.1;0.343;0.04;0.46;1.8;100.1;101.5;12.44;0.487;0;1.8;2.62;2.23;1;46.24;0;6.4;11.5;6.083;0.341;5.8;0
6/28/2024;13:36:08;0;greeenland;-0.26;3.13;1.2;0.342;0.16;0.5;1.9;100.1;101.5;12.44;0.487;0;1.8;2.61;2.22;1;46.04;0;6.39;11.7;6.077;0.339;5.8;0
6/28/2024;13:36:10;0;greeenland;-0.27;3.1;1.1;0.342;0.26;0.53;1.8;100.2;101.5;12.45;0.487;0;1.8;2.63;2.24;1;45.88;0;6.39;11.6;6.077;0.346;5.8;0
6/28/2024;13:36:12;0;greeenland;-0.29;3.04;1.1;0.342;0.36;0.57;1.7;100.2;101.5;12.45;0.487;0;1.7;2.63;2.24;1;45.72;0;6.39;11.6;6.083;0.34;5.8;0
6/28/2024;13:36:14;0;greeenland;-0.31;2.98;1;0.343;0.44;0.59;1.6;100.2;101.5;12.45;0.487;0;1.6;2.64;2.25;1;45.64;0;6.39;11.7;6.09;0.347;5.8;0
6/28/2024;13:36:16;0;greeenland;-0.3;3.01;1;0.342;0.58;0.64;1.6;100.2;101.6;12.45;0.487;0;1.6;2.64;2.25;1;45.63;0;6.39;11.7;6.095;0.342;5.82;0
6/28/2024;13:36:18;0;greeenland;-0.28;3.08;0.9;0.342;0.66;0.66;1.4;100.3;101.6;12.45;0.487;0;1.4;2.64;2.25;1;45.7;0;6.39;11.7;6.108;0.343;5.82;0
6/28/2024;13:36:20;0;greeenland;-0.27;3.1;0.7;0.342;0.65;0.66;1.2;100.3;101.6;12.45;0.487;0;1.2;2.63;2.24;1;45.74;0;6.39;11.8;6.122;0.34;5.82;0
6/28/2024;13:36:22;0;greeenland;-0.25;3.15;0.6;0.342;0.64;0.66;1;100.3;101.6;12.45;0.487;0;1;2.63;2.24;1;45.78;0;6.39;11.9;6.136;0.344;5.82;0
6/28/2024;13:36:24;0;greeenland;-0.25;3.17;0.6;0.342;0.65;0.66;1;100.3;101.6;12.44;0.487;0;1;2.63;2.24;1;45.81;0;6.39;11.8;6.143;0.34;5.82;0
6/28/2024;13:36:26;0;greeenland;-0.25;3.15;0.7;0.342;0.68;0.67;1.1;100.3;101.6;12.44;0.486;0;1.1;2.63;2.24;1;45.8;0;6.39;11.9;6.152;0.342;5.81;0
6/28/2024;13:36:28;0;greeenland;-0.26;3.12;0.7;0.342;0.72;0.68;1.2;100.3;101.6;12.44;0.487;0;1.1;2.63;2.24;1;45.82;0;6.39;11.8;6.16;0.347;5.81;0
6/28/2024;13:36:30;0;greeenland;-0.27;3.1;0.9;0.342;0.75;0.7;1.4;100.3;101.6;12.43;0.486;0;1.3;2.62;2.23;1;45.76;0;6.39;11.9;6.175;0.338;5.81;0
6/28/2024;13:36:32;0;greeenland;-0.28;3.07;1;0.342;0.78;0.71;1.5;100.3;101.6;12.43;0.486;0;1.5;2.62;2.24;1;45.69;0;6.39;11.9;6.188;0.346;5.81;0
6/28/2024;13:36:34;0;greeenland;-0.29;3.04;1;0.342;0.82;0.72;1.7;100.3;101.6;12.42;0.486;0;1.6;2.62;2.23;1;45.59;0;6.39;12.1;6.202;0.336;5.81;0
6/28/2024;13:36:36;0;greeenland;-0.28;3.06;1.1;0.342;0.86;0.73;1.8;100.3;101.6;12.42;0.486;0;1.8;2.63;2.24;1;45.55;0;6.38;12.2;6.216;0.345;5.81;0
6/28/2024;13:36:38;0;greeenland;-0.28;3.07;1.2;0.341;0.89;0.74;1.9;100.3;101.6;12.41;0.485;0;1.8;2.63;2.24;1;45.48;0;6.38;12.3;6.23;0.34;5.81;0
6/28/2024;13:36:40;0;greeenland;-0.26;3.12;1.2;0.341;0.91;0.75;1.8;100.3;101.6;12.41;0.485;0;1.8;2.62;2.24;1;45.38;0;6.38;12.5;6.243;0.34;5.81;0
6/28/2024;13:36:42;0;greeenland;-0.25;3.17;1.1;0.341;0.94;0.76;1.8;100.3;101.6;12.4;0.485;0;1.7;2.61;2.23;1;45.32;0;6.38;12.7;6.25;0.34;5.81;0
6/28/2024;13:36:44;0;greeenland;-0.23;3.22;1.1;0.341;0.94;0.76;1.7;100.2;101.6;12.4;0.485;0;1.7;2.62;2.23;1;45.3;0;6.37;12.8;6.254;0.341;5.81;0
6/28/2024;13:36:46;0;greeenland;0.16;4.44;1.1;0.341;0.94;0.76;1.7;100.2;101.6;12.4;0.485;0;1.7;2.46;2.07;1;45.34;0;6.37;13;6.258;0.342;5.76;0
6/28/2024;13:36:48;0;greeenland;0.77;6.31;1.1;0.341;0.94;0.76;1.7;100.2;101.6;12.39;0.485;0;1.7;2.3;1.91;1;45.4;0;6.37;13.2;6.263;0.343;5.76;0
6/28/2024;13:36:50;0;greeenland;3.73;15.51;1.1;0.341;0.92;0.75;1.8;100.2;101.6;12.39;0.485;0;1.7;2.05;1.66;1;45.45;0;6.36;13.5;6.269;0.345;5.76;0
6/28/2024;13:36:52;0;greeenland;3.73;15.48;1.1;0.341;0.93;0.75;1.8;100.2;101.5;12.39;0.485;0;1.8;1.89;1.5;1;45.53;0;6.36;13.7;6.274;0.342;5.76;0
6/28/2024;13:36:54;0;greeenland;3.72;15.47;1.2;0.341;0.93;0.75;1.9;100.2;101.5;12.39;0.485;0;1.8;1.68;1.29;1;45.63;0;6.35;13.9;6.281;0.344;5.76;0
6/28/2024;13:36:56;0;greeenland;3.74;15.54;1.2;0.341;0.91;0.75;2;100.2;101.6;12.39;0.484;0;1.9;1.48;1.09;1;45.7;0;6.35;14.2;6.291;0.337;5.8;0
6/28/2024;13:36:58;0;greeenland;3.74;15.53;1.2;0.341;0.91;0.75;2;100.2;101.6;12.39;0.485;0;1.9;1.29;0.9;1;45.79;0;6.34;14.4;6.3;0.347;5.8;0
6/28/2024;13:37:00;0;greeenland;3.75;15.55;1.2;0.341;0.92;0.75;2;100.2;101.6;12.38;0.484;0;1.9;1.06;0.67;1;45.8;0;6.34;14.7;6.308;0.336;5.8;0
6/28/2024;13:37:02;0;greeenland;3.76;15.58;1.2;0.341;0.89;0.74;1.9;100.2;101.5;12.38;0.484;0;1.9;0.9;0.51;1;45.82;0;6.33;15;6.314;0.346;5.8;0
6/28/2024;13:37:04;0;greeenland;3.76;15.6;1.2;0.34;0.91;0.75;1.9;100.2;101.5;12.38;0.484;0;1.9;0.86;0.47;1;45.81;0;6.33;15.3;6.318;0.336;5.8;0
6/28/2024;13:37:06;0;greeenland;3.77;15.62;1.2;0.34;0.9;0.74;1.9;100.2;101.5;12.38;0.484;0;1.9;0.86;0.47;1;45.78;0;6.32;15.6;6.322;0.348;5.81;0
6/28/2024;13:37:08;0;greeenland;3.8;15.71;1.2;0.341;0.91;0.75;1.9;100.2;101.5;12.37;0.484;0;1.9;0.85;0.46;1;45.74;0;6.32;15.9;6.326;0.341;5.81;0
6/28/2024;13:37:13;0;greeenland;3.85;15.88;1.2;0.341;1.08;0.8;1.9;100.3;101.6;12.38;0.485;0;1.9;0.89;0.5;1;45.63;0;6.3;16.9;6.339;0.341;5.81;0
6/28/2024;13:37:14;0;greeenland;3.86;15.9;1.2;0.341;1.11;0.81;1.9;100.3;101.6;12.37;0.485;0;1.9;0.88;0.49;1;45.61;0;6.3;16.9;6.339;0.346;5.81;0
6/28/2024;13:37:16;0;greeenland;3.87;15.93;1.2;0.339;1.09;0.81;1.9;100.2;101.6;12.37;0.482;0;1.9;0.87;0.49;1;45.58;0;6.3;16.9;6.34;0.341;5.8;0
