KorEXO MEASUREMENT DATA FILE EXPORT;;;;;;;;;;;;;;;;;;;;;;;;;;;;;;;
ERL 122, Sept 16, 2021;;;;;;;;;;;;;;;;;;;;;;;;;;;;;;;
FILE CREATED:;9/17/2021 12:34:09 AM;;;;;;;;;;;;;;;;;;;;;;;;;;;;;;
;;;;;;;;;;;;;;;;;;;;;;;;;;;;;;;
;;;MEAN VALUE:;0.79;1.36;3.78;3.82;8.1;0.306;5.01;1.67;12.6;96.5;96.5;12.12;0.435;0.01;12.4;0.74;0.74;8.11;22.71;8;27.84;0;NA;-6.3;5.674;0.306;4.08;0.0
;;;STANDARD DEVIATION:;9.51;9.36;29.75;30.56;21.3;0.463;8.48;2.83;33.0;1.0;1.0;0.27;0.659;0.02;32.5;6.63;6.63;18.45;51.67;21;164.87;0;0.40;23.8;0.542;0.463;0.11;0.0
;;;;;;;;;;;;;;;;;;;;;;;;;;;;;;;
;;;SENSOR SERIAL NUMBER:;15D103675;18A104217;15D103675;18A104217;16L102034;15C104792;15D102806;15D102806;16L102034;15M103221;15M103221;15M103221;15C104792;16L102034;16L102034;15D103675;15D103675;18A104217;18A104217;16L102034;17L102782;17L102782;16L104494;16L104494;16L102034;15C104792;15D102261;15D102261
Date (MM/DD/YYYY);Time (HH:MM:SS);Time (Fract. Sec);Site Name;Chlorophyll RFU;Chlorophyll RFU;Chlorophyll ug/L;Chlorophyll ug/L;Cond µS/cm;Depth m;fDOM QSU;fDOM RFU;nLF Cond µS/cm;ODO % sat;ODO % local;ODO mg/L;Pressure psi a;Sal psu;SpCond µS/cm;BGA PC RFU;BGA PC ug/L;BGA PE RFU;BGA PE ug/L;TDS mg/L;Turbidity FNU;TSS mg/L;pH;pH mV;Temp °C;Vertical Position m;Battery V;Cable Pwr V
9/16/2021;19:04:18;0.0;VW-See;1.43;59.28;5.77;192.83;0.7;0.203;2.34;0.78;1.0;96.5;96.5;12.01;0.288;0.00;1.0;1.19;1.19;137.34;384.55;1;64.05;0;6.46;6.4;6.031;0.203;4.37;0.0
9/16/2021;19:04:19;0.0;VW-See;1.43;59.28;5.77;192.83;0.7;0.203;2.34;0.78;1.0;96.5;96.5;12.01;0.288;0.00;1.0;1.19;1.19;137.34;384.55;1;64.05;0;6.46;6.4;6.031;0.203;4.37;0.0
9/16/2021;19:04:20;0.0;VW-See;1.21;61.37;5.08;199.65;0.7;0.203;2.27;0.76;1.0;96.6;96.6;12.01;0.289;0.00;1.0;0.90;0.90;139.45;390.45;1;63.64;0;6.46;6.3;6.059;0.203;4.40;0.0
9/16/2021;19:04:21;0.0;VW-See;1.09;63.68;4.71;207.20;0.6;0.203;2.28;0.76;1.0;96.5;96.5;11.99;0.288;0.00;1.0;0.68;0.68;140.76;394.13;1;62.34;0;6.46;6.6;6.062;0.203;4.40;0.0
9/16/2021;19:04:22;0.0;VW-See;1.18;66.39;5.01;216.03;0.7;0.204;2.21;0.74;1.0;96.4;96.4;11.98;0.290;0.00;1.0;0.97;0.97;141.88;397.28;1;60.08;0;6.45;7.3;6.036;0.204;4.40;0.0
9/16/2021;19:04:23;0.0;VW-See;1.38;64.29;5.61;209.19;0.7;0.203;2.15;0.72;1.0;96.3;96.3;11.98;0.289;0.00;1.0;1.54;1.54;134.97;377.92;1;58.89;0;6.44;7.6;6.022;0.203;4.40;0.0
9/16/2021;19:04:24;0.0;VW-See;1.43;56.87;5.78;184.98;0.6;0.203;2.21;0.74;1.0;96.4;96.4;12.00;0.289;0.00;1.0;1.49;1.49;118.33;331.31;1;58.39;0;6.44;7.6;6.020;0.203;4.40;0.0
9/16/2021;19:04:25;0.0;VW-See;1.22;49.76;5.11;161.76;0.6;0.203;2.21;0.74;1.0;96.5;96.5;12.01;0.289;0.00;1.0;1.00;1.00;110.75;310.09;1;57.70;0;6.44;7.7;6.028;0.203;4.40;0.0
9/16/2021;19:04:26;0.0;VW-See;1.15;43.43;4.90;141.09;0.6;0.203;2.24;0.75;1.0;96.5;96.5;12.01;0.289;0.00;1.0;0.68;0.68;96.01;268.83;1;56.93;0;6.43;8.0;6.035;0.203;4.40;0.0
9/16/2021;19:04:27;0.0;VW-See;1.24;40.30;5.18;130.88;0.6;0.203;2.27;0.76;1.0;96.5;96.5;12.00;0.289;0.00;1.0;0.97;0.97;91.14;255.18;1;56.18;0;6.43;8.4;6.028;0.202;4.40;0.0
9/16/2021;19:04:28;0.0;VW-See;1.39;42.83;5.67;139.14;0.6;0.202;2.22;0.74;1.0;96.4;96.4;12.00;0.288;0.00;1.0;1.42;1.42;97.62;273.33;1;55.42;0;6.42;8.7;6.025;0.202;4.40;0.0
9/16/2021;19:04:29;0.0;VW-See;1.29;41.31;5.33;134.17;0.7;0.203;2.16;0.72;1.0;96.4;96.4;11.99;0.288;0.00;1.0;1.09;1.09;92.16;258.05;1;54.78;0;6.42;8.9;6.028;0.203;4.40;0.0
9/16/2021;19:04:30;0.0;VW-See;1.12;32.77;4.82;106.31;0.7;0.203;2.13;0.71;1.0;96.4;96.4;11.99;0.289;0.00;1.0;0.62;0.62;72.67;203.47;1;54.20;0;6.41;9.3;6.031;0.203;4.37;0.0
9/16/2021;19:04:31;0.0;VW-See;1.27;27.15;5.29;87.97;0.6;0.204;2.16;0.72;1.0;96.4;96.4;11.98;0.289;0.00;1.0;0.89;0.89;61.61;172.52;1;53.52;0;6.40;9.7;6.030;0.204;4.37;0.0
9/16/2021;19:04:32;0.0;VW-See;1.48;18.96;5.94;61.26;0.6;0.203;2.27;0.76;1.0;96.3;96.3;11.98;0.289;0.00;1.0;1.36;1.36;72.67;203.46;1;53.04;0;6.40;9.9;6.030;0.203;4.37;0.0
9/16/2021;19:04:33;0.0;VW-See;1.46;24.93;5.89;80.72;0.6;0.203;2.29;0.76;1.0;96.4;96.4;11.99;0.289;0.00;1.0;1.09;1.09;114.58;320.81;1;52.71;0;6.40;10.0;6.033;0.203;4.37;0.0
9/16/2021;19:04:34;0.0;VW-See;1.23;34.05;5.14;110.48;0.7;0.203;2.22;0.74;1.0;96.4;96.4;11.99;0.289;0.00;1.0;0.63;0.63;142.32;398.49;1;52.33;0;6.40;10.1;6.038;0.203;4.37;0.0
9/16/2021;19:04:35;0.0;VW-See;1.19;38.45;5.02;124.84;0.7;0.204;2.28;0.76;1.0;96.4;96.4;11.99;0.290;0.00;1.0;0.92;0.92;144.93;405.80;1;51.88;0;6.40;10.2;6.042;0.204;4.37;0.0
9/16/2021;19:04:36;0.0;VW-See;1.41;50.31;5.72;163.57;0.7;0.204;2.25;0.75;1.0;96.4;96.4;11.99;0.289;0.00;1.0;1.37;1.37;148.92;416.97;1;51.50;0;6.40;10.2;6.042;0.203;4.37;0.0
9/16/2021;19:04:37;0.0;VW-See;1.35;53.66;5.53;174.50;0.6;0.204;2.22;0.74;1.0;96.3;96.3;11.98;0.289;0.00;1.0;1.14;1.14;149.42;418.36;1;50.84;0;6.39;10.4;6.018;0.204;4.37;0.0
9/16/2021;19:04:38;0.0;VW-See;1.09;56.02;4.72;182.18;0.6;0.204;2.25;0.75;1.0;96.3;96.3;11.98;0.289;0.00;1.0;0.60;0.60;149.86;419.62;1;50.05;0;6.38;11.0;6.001;0.203;4.37;0.0
9/16/2021;19:04:39;0.0;VW-See;1.20;79.09;5.05;257.49;0.6;0.203;2.22;0.74;1.0;96.3;96.3;11.99;0.289;0.00;1.0;0.70;0.70;151.47;424.12;1;49.42;0;6.38;11.2;5.997;0.203;4.37;0.0
9/16/2021;19:04:40;0.0;VW-See;1.37;85.65;5.60;278.88;0.6;0.203;2.25;0.75;1.0;96.3;96.3;11.99;0.289;0.00;1.0;1.10;1.10;152.30;426.45;1;48.91;0;6.38;11.3;5.994;0.204;4.38;0.0
9/16/2021;19:04:41;0.0;VW-See;1.32;64.82;5.44;210.91;0.6;0.203;2.32;0.77;1.0;96.4;96.4;12.00;0.289;0.00;1.0;0.99;0.99;151.55;424.34;1;48.58;0;6.38;11.3;5.998;0.204;4.38;0.0
9/16/2021;19:04:42;0.0;VW-See;1.08;54.01;4.70;175.62;0.6;0.203;2.29;0.76;1.0;96.4;96.4;12.01;0.289;0.00;1.0;0.60;0.60;150.67;421.88;1;48.29;0;6.38;11.1;6.006;0.203;4.38;0.0
9/16/2021;19:04:43;0.0;VW-See;1.00;46.78;4.44;152.02;0.6;0.203;2.21;0.74;1.0;96.5;96.5;12.01;0.289;0.00;1.0;0.76;0.76;149.78;419.39;1;48.09;0;6.39;10.7;6.011;0.203;4.38;0.0
9/16/2021;19:04:44;0.0;VW-See;1.31;44.89;5.41;145.86;0.6;0.203;2.24;0.75;1.0;96.5;96.5;12.00;0.289;0.00;1.0;1.19;1.19;149.38;418.27;1;47.62;0;6.39;10.6;6.012;0.203;4.38;0.0
9/16/2021;19:04:45;0.0;VW-See;1.42;45.57;5.74;148.07;0.7;0.204;2.25;0.75;1.0;96.4;96.4;12.00;0.289;0.00;1.0;1.07;1.07;149.44;418.44;1;46.90;0;6.38;11.0;6.009;0.203;4.38;0.0
9/16/2021;19:04:46;0.0;VW-See;1.13;45.69;4.85;148.48;0.6;0.204;2.25;0.75;1.0;96.4;96.4;12.00;0.290;0.00;1.0;0.66;0.66;149.79;419.40;1;46.61;0;6.38;11.4;6.013;0.204;4.38;0.0
9/16/2021;19:04:47;0.0;VW-See;1.04;48.45;4.57;157.48;0.6;0.204;2.25;0.75;1.0;96.5;96.5;12.01;0.289;0.00;1.0;0.55;0.55;150.45;421.26;1;46.35;0;6.38;11.5;6.021;0.203;4.38;0.0
9/16/2021;19:04:48;0.0;VW-See;1.18;25.42;5.00;82.32;0.6;0.203;2.37;0.79;1.0;96.4;96.4;12.00;0.289;0.00;1.0;0.83;0.83;78.30;219.24;1;45.82;0;6.38;11.3;6.025;0.203;4.38;0.0
9/16/2021;19:04:49;0.0;VW-See;1.17;0.04;4.95;-0.50;0.7;0.204;2.37;0.79;1.1;96.4;96.4;11.99;0.290;0.00;1.1;0.76;0.76;5.50;15.39;1;44.78;0;6.37;11.5;6.023;0.204;4.38;0.0
9/16/2021;19:04:50;0.0;VW-See;1.19;0.01;5.03;-0.60;0.8;0.204;2.41;0.80;1.2;96.4;96.4;12.00;0.290;0.00;1.2;0.59;0.59;5.26;14.73;1;43.80;0;6.37;11.7;6.021;0.203;4.35;0.0
9/16/2021;19:04:51;0.0;VW-See;1.15;0.02;4.89;-0.57;0.8;0.203;2.57;0.86;1.2;96.4;96.4;11.99;0.289;0.00;1.2;0.72;0.72;5.40;15.11;1;42.83;0;6.37;11.9;6.024;0.203;4.35;0.0
9/16/2021;19:04:52;0.0;VW-See;1.06;0.03;4.63;-0.55;0.7;0.203;2.48;0.83;1.2;96.3;96.3;11.99;0.289;0.00;1.1;0.80;0.80;5.37;15.05;1;42.19;0;6.36;12.2;6.026;0.203;4.35;0.0
9/16/2021;19:04:53;0.0;VW-See;1.04;0.06;4.57;-0.44;0.7;0.204;2.42;0.81;1.1;96.3;96.3;11.98;0.290;0.00;1.1;0.67;0.67;5.42;15.18;1;41.08;0;6.37;11.9;6.023;0.203;4.35;0.0
9/16/2021;19:04:54;0.0;VW-See;1.00;0.04;4.43;-0.51;0.7;0.203;2.47;0.82;1.1;96.2;96.2;11.97;0.289;0.00;1.1;0.65;0.65;5.41;15.14;1;39.38;0;6.38;11.4;6.009;0.203;4.35;0.0
9/16/2021;19:04:55;0.0;VW-See;0.93;0.00;4.22;-0.65;0.7;0.203;2.39;0.80;1.1;96.1;96.1;11.96;0.288;0.00;1.1;0.75;0.75;5.37;15.05;1;38.11;0;6.38;11.1;5.981;0.203;4.35;0.0
9/16/2021;19:04:56;0.0;VW-See;0.96;0.06;4.32;-0.43;0.7;0.203;2.23;0.74;1.1;96.0;96.0;11.96;0.289;0.00;1.1;0.70;0.70;5.44;15.24;1;37.33;0;6.37;11.7;5.947;0.203;4.35;0.0
9/16/2021;19:04:57;0.0;VW-See;1.00;0.06;4.44;-0.45;0.7;0.203;2.24;0.75;1.1;96.1;96.1;11.99;0.289;0.00;1.1;0.66;0.66;5.27;14.75;1;36.65;0;6.36;12.5;5.939;0.203;4.35;0.0
9/16/2021;19:04:58;0.0;VW-See;0.97;0.04;4.34;-0.49;0.7;0.202;2.38;0.79;1.1;96.2;96.2;12.00;0.288;0.00;1.1;0.63;0.63;5.21;14.58;1;35.70;0;6.35;12.8;5.942;0.202;4.35;0.0
9/16/2021;19:04:59;0.0;VW-See;0.94;0.04;4.24;-0.50;0.7;0.202;2.39;0.80;1.1;96.3;96.3;12.01;0.288;0.00;1.1;0.54;0.54;5.18;14.51;1;34.42;0;6.35;12.9;5.941;0.203;4.35;0.0
9/16/2021;19:05:00;0.0;VW-See;0.90;0.04;4.12;-0.50;0.7;0.203;2.39;0.80;1.1;96.3;96.3;12.01;0.288;0.00;1.1;0.59;0.59;5.19;14.53;1;33.88;0;6.35;12.8;5.938;0.202;4.34;0.0
9/16/2021;19:05:01;0.0;VW-See;0.91;0.08;4.14;-0.37;0.7;0.203;2.49;0.83;1.1;96.2;96.2;12.00;0.288;0.00;1.1;0.64;0.64;5.33;14.92;1;33.28;0;6.36;12.6;5.927;0.203;4.34;0.0
9/16/2021;19:05:02;0.0;VW-See;0.94;0.11;4.23;-0.28;0.7;0.203;2.42;0.81;1.1;96.3;96.3;12.01;0.289;0.00;1.1;0.62;0.62;5.28;14.77;1;32.69;0;6.35;13.0;5.923;0.203;4.34;0.0
9/16/2021;19:05:03;0.0;VW-See;0.91;0.06;4.17;-0.45;0.7;0.203;2.33;0.78;1.1;96.4;96.4;12.02;0.289;0.00;1.1;0.53;0.53;5.10;14.27;1;32.06;0;6.34;13.4;5.932;0.203;4.34;0.0
9/16/2021;19:05:04;0.0;VW-See;0.85;0.02;3.98;-0.57;0.7;0.203;2.50;0.83;1.1;96.4;96.4;12.02;0.289;0.00;1.1;0.48;0.48;5.16;14.44;1;31.44;0;6.34;13.6;5.943;0.203;4.34;0.0
9/16/2021;19:05:05;0.0;VW-See;0.78;0.00;3.75;-0.62;0.7;0.203;2.46;0.82;1.1;96.4;96.4;12.01;0.288;0.00;1.1;0.55;0.55;5.22;14.61;1;30.97;0;6.34;13.7;5.951;0.203;4.34;0.0
9/16/2021;19:05:06;0.0;VW-See;0.80;0.00;3.80;-0.63;0.7;0.203;2.36;0.79;1.1;96.4;96.4;12.01;0.288;0.00;1.1;0.58;0.58;5.30;14.84;1;30.52;0;6.34;13.7;5.960;0.203;4.34;0.0
9/16/2021;19:05:07;0.0;VW-See;0.88;0.05;4.07;-0.46;0.7;0.203;2.38;0.79;1.1;96.4;96.4;12.02;0.288;0.00;1.1;0.62;0.62;5.49;15.38;1;30.30;0;6.34;13.8;5.972;0.202;4.34;0.0
9/16/2021;19:05:08;0.0;VW-See;0.86;0.06;3.99;-0.42;0.7;0.203;2.26;0.75;1.1;96.4;96.4;12.01;0.288;0.00;1.1;0.61;0.61;5.42;15.16;1;29.99;0;6.33;14.1;5.987;0.203;4.34;0.0
9/16/2021;19:05:09;0.0;VW-See;0.72;0.03;3.55;-0.53;0.7;0.204;2.22;0.74;1.1;96.4;96.4;12.01;0.290;0.00;1.1;0.37;0.37;5.33;14.93;1;29.57;0;6.32;14.5;5.997;0.204;4.34;0.0
9/16/2021;19:05:10;0.0;VW-See;0.70;0.00;3.49;-0.64;0.7;0.204;2.30;0.77;1.1;96.3;96.3;11.99;0.290;0.00;1.1;0.34;0.34;5.29;14.83;1;29.07;0;6.32;14.5;6.001;0.204;4.32;0.0
9/16/2021;19:05:11;0.0;VW-See;0.84;0.02;3.92;-0.56;0.7;0.203;2.38;0.79;1.1;96.3;96.3;11.99;0.289;0.00;1.0;0.70;0.70;5.14;14.39;1;28.68;0;6.32;14.5;6.001;0.204;4.32;0.0
9/16/2021;19:05:12;0.0;VW-See;0.84;0.05;3.94;-0.47;0.7;0.204;2.35;0.78;1.1;96.4;96.4;12.00;0.289;0.00;1.0;0.75;0.75;5.13;14.36;1;28.41;0;6.32;14.8;6.005;0.204;4.32;0.0
9/16/2021;19:05:13;0.0;VW-See;0.62;0.07;3.25;-0.42;0.7;0.204;2.32;0.77;1.1;96.4;96.4;12.00;0.290;0.00;1.0;0.46;0.46;5.33;14.93;1;28.19;0;6.31;15.1;6.011;0.204;4.32;0.0
9/16/2021;19:05:14;0.0;VW-See;0.58;0.09;3.13;-0.34;0.7;0.204;2.18;0.73;1.1;96.4;96.4;12.00;0.291;0.00;1.0;0.38;0.38;5.51;15.42;1;28.14;0;6.31;15.1;6.012;0.204;4.32;0.0
9/16/2021;19:05:15;0.0;VW-See;0.83;0.08;3.89;-0.38;0.7;0.204;2.19;0.73;1.0;96.4;96.4;12.00;0.290;0.00;1.0;0.74;0.74;5.39;15.10;1;28.06;0;6.31;15.2;6.014;0.204;4.32;0.0
9/16/2021;19:05:16;0.0;VW-See;0.83;0.06;3.89;-0.43;0.7;0.203;2.29;0.76;1.0;96.5;96.5;12.00;0.289;0.00;1.0;0.67;0.67;5.23;14.66;1;27.95;0;6.31;15.4;6.017;0.203;4.32;0.0
9/16/2021;19:05:17;0.0;VW-See;0.70;0.04;3.49;-0.51;0.7;0.203;2.51;0.84;1.0;96.4;96.4;11.99;0.289;0.00;1.0;0.31;0.31;5.47;15.32;1;27.30;0;6.31;15.2;6.018;0.204;4.32;0.0
9/16/2021;19:05:18;0.0;VW-See;0.69;0.05;3.46;-0.47;0.7;0.203;2.55;0.85;1.1;96.2;96.2;11.97;0.289;0.00;1.0;0.26;0.26;5.50;15.41;1;26.38;0;6.33;14.2;5.996;0.203;4.32;0.0
9/16/2021;19:05:19;0.0;VW-See;0.77;0.09;3.71;-0.34;0.7;0.203;2.46;0.82;1.1;96.2;96.2;11.98;0.289;0.00;1.0;0.43;0.43;5.36;15.01;1;25.91;0;6.34;13.6;5.962;0.203;4.32;0.0
9/16/2021;19:05:20;0.0;VW-See;0.76;0.06;3.67;-0.42;0.7;0.203;2.41;0.80;1.1;96.2;96.2;11.99;0.288;0.00;1.0;0.59;0.59;5.28;14.79;1;25.41;0;6.35;13.2;5.953;0.203;4.29;0.0
9/16/2021;19:05:21;0.0;VW-See;0.71;0.05;3.54;-0.48;0.6;0.203;2.43;0.81;1.0;96.2;96.2;11.99;0.289;0.00;1.0;0.49;0.49;5.21;14.57;1;24.84;0;6.34;13.4;5.948;0.203;4.29;0.0
9/16/2021;19:05:22;0.0;VW-See;0.73;0.05;3.59;-0.47;0.7;0.203;2.54;0.85;1.1;96.2;96.2;11.99;0.289;0.00;1.0;0.51;0.51;5.26;14.73;1;24.37;0;6.34;13.7;5.945;0.203;4.29;0.0
9/16/2021;19:05:23;0.0;VW-See;0.62;0.03;3.24;-0.53;0.7;0.203;2.57;0.86;1.1;96.2;96.2;12.00;0.289;0.00;1.0;0.50;0.50;5.31;14.88;1;23.77;0;6.34;13.8;5.940;0.203;4.29;0.0
9/16/2021;19:05:24;0.0;VW-See;0.54;0.05;3.00;-0.47;0.7;0.204;2.46;0.82;1.1;96.0;96.0;11.97;0.289;0.00;1.1;0.50;0.50;5.36;15.02;1;23.12;0;6.35;12.9;5.909;0.204;4.29;0.0
9/16/2021;19:05:25;0.0;VW-See;0.62;0.05;3.24;-0.47;0.7;0.205;2.44;0.81;1.1;95.8;95.8;11.96;0.291;0.00;1.1;0.39;0.39;5.40;15.13;1;22.55;0;6.37;12.0;5.850;0.205;4.29;0.0
9/16/2021;19:05:26;0.0;VW-See;0.60;0.06;3.20;-0.45;0.7;0.205;2.46;0.82;1.2;96.0;96.0;11.99;0.292;0.00;1.2;0.20;0.20;5.39;15.08;1;21.92;0;6.36;12.2;5.836;0.206;4.29;0.0
9/16/2021;19:05:27;0.0;VW-See;0.50;0.08;2.88;-0.37;0.7;0.206;2.44;0.81;1.2;96.1;96.1;12.01;0.293;0.00;1.2;0.30;0.30;5.42;15.19;1;21.71;0;6.35;13.0;5.838;0.205;4.29;0.0
9/16/2021;19:05:28;0.0;VW-See;0.50;0.02;2.89;-0.56;0.7;0.205;2.49;0.83;1.2;96.2;96.2;12.03;0.292;0.00;1.2;0.37;0.37;5.49;15.37;1;21.70;0;6.33;14.4;5.850;0.205;4.29;0.0
9/16/2021;19:05:29;0.0;VW-See;0.52;0.02;2.92;-0.56;0.7;0.205;2.46;0.82;1.2;96.3;96.3;12.04;0.291;0.00;1.2;0.33;0.33;5.44;15.24;1;21.74;0;6.31;15.0;5.871;0.205;4.29;0.0
9/16/2021;19:05:30;0.0;VW-See;0.50;0.06;2.86;-0.45;0.7;0.206;2.46;0.82;1.2;96.4;96.4;12.04;0.293;0.00;1.2;0.32;0.32;5.42;15.18;1;21.72;0;6.31;15.4;5.892;0.206;4.32;0.0
9/16/2021;19:05:31;0.0;VW-See;0.44;0.00;2.69;-0.63;0.7;0.205;2.50;0.83;1.2;96.4;96.4;12.04;0.292;0.00;1.2;0.25;0.25;5.46;15.30;1;21.61;0;6.31;15.5;5.917;0.205;4.32;0.0
9/16/2021;19:05:32;0.0;VW-See;0.48;0.00;2.80;-0.64;0.7;0.204;2.48;0.83;1.2;96.5;96.5;12.03;0.290;0.00;1.2;0.28;0.28;5.46;15.29;1;21.51;0;6.31;15.6;5.932;0.205;4.32;0.0
9/16/2021;19:05:33;0.0;VW-See;0.44;0.03;2.67;-0.52;0.7;0.205;2.49;0.83;1.2;96.5;96.5;12.03;0.291;0.00;1.2;0.29;0.29;5.35;14.97;1;21.34;0;6.30;15.7;5.946;0.205;4.32;0.0
9/16/2021;19:05:34;0.0;VW-See;0.42;0.09;2.62;-0.34;0.7;0.205;2.50;0.83;1.2;96.5;96.5;12.03;0.291;0.00;1.2;0.29;0.29;5.26;14.74;1;21.21;0;6.30;15.7;5.958;0.205;4.32;0.0
9/16/2021;19:05:35;0.0;VW-See;0.47;0.09;2.78;-0.32;0.7;0.205;2.47;0.82;1.2;96.5;96.5;12.02;0.291;0.00;1.2;0.29;0.29;5.30;14.84;1;21.17;0;6.30;15.8;5.973;0.205;4.32;0.0
9/16/2021;19:05:36;0.0;VW-See;0.44;0.04;2.69;-0.51;0.7;0.204;2.44;0.81;1.2;96.5;96.5;12.02;0.291;0.00;1.2;0.09;0.09;5.36;15.02;1;21.15;0;6.30;15.8;5.985;0.204;4.32;0.0
9/16/2021;19:05:37;0.0;VW-See;0.49;0.03;2.85;-0.53;0.7;0.205;2.47;0.82;1.2;96.5;96.5;12.02;0.292;0.00;1.1;0.08;0.08;5.31;14.88;1;20.99;0;6.30;15.8;5.993;0.206;4.32;0.0
9/16/2021;19:05:38;0.0;VW-See;0.47;0.06;2.79;-0.42;0.7;0.205;2.57;0.86;1.2;96.5;96.5;12.01;0.292;0.00;1.1;0.23;0.23;5.30;14.85;1;20.90;0;6.30;15.8;5.997;0.205;4.32;0.0
9/16/2021;19:05:39;0.0;VW-See;0.42;0.07;2.62;-0.41;0.7;0.205;2.54;0.85;1.2;96.5;96.5;12.01;0.291;0.00;1.2;0.32;0.32;5.36;15.02;1;20.88;0;6.30;15.8;6.001;0.205;4.32;0.0
9/16/2021;19:05:40;0.0;VW-See;0.43;0.05;2.66;-0.46;0.7;0.205;2.53;0.84;1.2;96.5;96.5;12.01;0.292;0.00;1.1;0.35;0.35;5.42;15.17;1;20.78;0;6.30;15.9;6.008;0.205;4.31;0.0
9/16/2021;19:05:41;0.0;VW-See;0.48;0.06;2.80;-0.44;0.7;0.205;2.51;0.84;1.2;96.5;96.5;12.01;0.292;0.00;1.1;0.27;0.27;5.45;15.26;1;20.74;0;6.30;15.9;6.019;0.205;4.31;0.0
9/16/2021;19:05:42;0.0;VW-See;0.45;0.03;2.72;-0.52;0.7;0.205;2.48;0.83;1.2;96.6;96.6;12.02;0.291;0.00;1.1;0.18;0.18;5.38;15.06;1;20.76;0;6.30;15.8;6.028;0.205;4.31;0.0
9/16/2021;19:05:43;0.0;VW-See;0.44;0.03;2.70;-0.52;0.7;0.205;2.48;0.83;1.2;96.6;96.6;12.01;0.292;0.00;1.2;0.30;0.30;5.43;15.20;1;20.75;0;6.30;15.6;6.033;0.205;4.31;0.0
9/16/2021;19:05:44;0.0;VW-See;0.43;0.07;2.64;-0.42;0.7;0.205;2.58;0.86;1.2;96.5;96.5;12.00;0.292;0.00;1.1;0.24;0.24;5.40;15.13;1;20.71;0;6.32;15.0;6.028;0.206;4.31;0.0
9/16/2021;19:05:45;0.0;VW-See;0.41;0.05;2.60;-0.46;0.7;0.205;2.64;0.88;1.1;96.5;96.5;12.00;0.292;0.00;1.1;0.16;0.16;5.36;15.01;1;20.73;0;6.32;14.7;6.014;0.205;4.31;0.0
9/16/2021;19:05:46;0.0;VW-See;0.39;0.09;2.52;-0.33;0.7;0.205;2.51;0.84;1.1;96.5;96.5;12.01;0.291;0.00;1.1;0.19;0.19;5.48;15.34;1;20.77;0;6.31;15.4;6.016;0.205;4.31;0.0
9/16/2021;19:05:47;0.0;VW-See;0.32;0.11;2.29;-0.26;0.7;0.205;2.36;0.79;1.1;96.6;96.6;12.02;0.292;0.00;1.1;0.07;0.07;5.44;15.24;1;20.83;0;6.30;15.7;6.020;0.206;4.31;0.0
9/16/2021;19:05:48;0.0;VW-See;0.26;0.09;2.13;-0.34;0.7;0.205;2.36;0.79;1.1;96.6;96.6;12.02;0.292;0.00;1.1;0.10;0.10;5.35;14.98;1;20.95;0;6.30;15.7;6.025;0.204;4.31;0.0
9/16/2021;19:05:49;0.0;VW-See;0.31;0.09;2.29;-0.36;0.7;0.205;2.51;0.84;1.1;96.6;96.6;12.02;0.291;0.00;1.1;0.17;0.17;5.35;14.97;1;21.09;0;6.30;15.7;6.028;0.205;4.31;0.0
9/16/2021;19:05:50;0.0;VW-See;0.37;0.10;2.46;-0.31;0.7;0.205;2.54;0.85;1.2;96.6;96.6;12.01;0.291;0.00;1.1;0.20;0.20;5.41;15.15;1;21.22;0;6.31;15.5;6.028;0.205;4.30;0.0
9/16/2021;19:05:51;0.0;VW-See;0.35;0.06;2.39;-0.42;0.7;0.205;2.44;0.81;1.1;96.5;96.5;12.01;0.291;0.00;1.1;0.19;0.19;5.34;14.94;1;21.28;0;6.31;15.5;6.023;0.204;4.30;0.0
9/16/2021;19:05:52;0.0;VW-See;0.36;-0.02;2.44;-0.69;0.7;0.204;2.35;0.78;1.1;96.6;96.6;12.02;0.291;0.00;1.1;0.25;0.25;5.36;15.01;1;21.26;0;6.31;15.5;6.027;0.204;4.30;0.0
9/16/2021;19:05:53;0.0;VW-See;0.40;0.02;2.55;-0.57;0.7;0.205;2.42;0.81;1.1;96.6;96.6;12.02;0.291;0.00;1.1;0.23;0.23;5.36;15.00;1;21.18;0;6.31;15.5;6.034;0.205;4.30;0.0
9/16/2021;19:05:54;0.0;VW-See;0.33;0.04;2.33;-0.50;0.7;0.206;2.46;0.82;1.2;96.6;96.6;12.02;0.292;0.00;1.1;0.06;0.06;5.26;14.73;1;21.25;0;6.31;15.4;6.037;0.206;4.30;0.0
9/16/2021;19:05:55;0.0;VW-See;0.26;0.03;2.11;-0.53;0.7;0.205;2.41;0.80;1.1;96.7;96.7;12.02;0.292;0.00;1.1;0.12;0.12;5.34;14.96;1;21.23;0;6.31;15.4;6.040;0.205;4.30;0.0
9/16/2021;19:05:56;0.0;VW-See;0.30;0.04;2.26;-0.49;0.7;0.204;2.35;0.78;1.1;96.7;96.7;12.02;0.291;0.00;1.1;0.21;0.21;5.41;15.14;1;21.13;0;6.31;15.4;6.042;0.205;4.30;0.0
9/16/2021;19:05:57;0.0;VW-See;0.39;0.00;2.53;-0.62;0.7;0.205;2.38;0.79;1.1;96.7;96.7;12.02;0.291;0.00;1.1;0.09;0.09;5.47;15.31;1;21.15;0;6.31;15.5;6.044;0.205;4.30;0.0
9/16/2021;19:05:58;0.0;VW-See;0.36;0.03;2.45;-0.54;0.7;0.205;2.41;0.80;1.1;96.7;96.7;12.02;0.291;0.00;1.1;0.17;0.17;5.43;15.20;1;21.30;0;6.31;15.6;6.047;0.205;4.30;0.0
9/16/2021;19:05:59;0.0;VW-See;0.23;0.05;2.03;-0.46;0.7;0.206;2.46;0.82;1.1;96.6;96.6;12.02;0.292;0.00;1.1;0.39;0.39;5.39;15.09;1;21.34;0;6.30;15.7;6.042;0.206;4.30;0.0
9/16/2021;19:06:00;0.0;VW-See;0.28;0.09;2.18;-0.35;0.7;0.206;2.43;0.81;1.1;96.6;96.6;12.02;0.292;0.00;1.1;0.30;0.30;5.46;15.28;1;21.31;0;6.30;15.7;6.040;0.205;4.30;0.0
9/16/2021;19:06:01;0.0;VW-See;0.36;0.11;2.44;-0.26;0.7;0.205;2.35;0.78;1.1;96.6;96.6;12.02;0.292;0.00;1.1;0.08;0.08;5.38;15.05;1;21.23;0;6.30;15.9;6.044;0.205;4.30;0.0
9/16/2021;19:06:02;0.0;VW-See;0.33;0.08;2.32;-0.38;0.7;0.205;2.37;0.79;1.1;96.7;96.7;12.02;0.292;0.00;1.1;0.06;0.06;5.29;14.82;1;21.18;0;6.30;16.0;6.050;0.205;4.30;0.0
9/16/2021;19:06:03;0.0;VW-See;0.35;0.07;2.39;-0.40;0.7;0.206;2.40;0.80;1.1;96.7;96.7;12.02;0.293;0.00;1.1;0.17;0.17;5.40;15.11;1;21.21;0;6.30;16.0;6.055;0.206;4.30;0.0
9/16/2021;19:06:04;0.0;VW-See;0.34;0.08;2.36;-0.36;0.7;0.206;2.42;0.81;1.1;96.7;96.7;12.02;0.292;0.00;1.1;0.12;0.12;5.32;14.90;1;21.17;0;6.30;16.0;6.057;0.205;4.30;0.0
9/16/2021;19:06:05;0.0;VW-See;0.27;0.06;2.16;-0.44;0.7;0.205;2.40;0.80;1.1;96.7;96.7;12.02;0.291;0.00;1.1;0.03;0.03;5.29;14.82;1;21.11;0;6.30;15.8;6.060;0.205;4.30;0.0
9/16/2021;19:06:06;0.0;VW-See;0.26;0.04;2.13;-0.51;0.7;0.205;2.35;0.78;1.1;96.7;96.7;12.02;0.292;0.00;1.1;0.15;0.15;5.32;14.91;1;21.08;0;6.30;15.8;6.062;0.205;4.30;0.0
9/16/2021;19:06:07;0.0;VW-See;0.31;0.05;2.26;-0.46;0.7;0.205;2.35;0.78;1.1;96.7;96.7;12.02;0.292;0.00;1.1;0.21;0.21;5.23;14.64;1;21.04;0;6.30;15.8;6.065;0.205;4.30;0.0
9/16/2021;19:06:08;0.0;VW-See;0.35;0.05;2.42;-0.46;0.7;0.205;2.50;0.83;1.1;96.7;96.7;12.02;0.291;0.00;1.1;0.13;0.13;5.29;14.82;1;21.02;0;6.30;15.9;6.068;0.205;4.30;0.0
9/16/2021;19:06:09;0.0;VW-See;0.39;0.05;2.52;-0.48;0.7;0.205;2.57;0.86;1.1;96.7;96.7;12.02;0.291;0.00;1.1;0.07;0.07;5.27;14.75;1;20.97;0;6.30;16.1;6.070;0.204;4.30;0.0
9/16/2021;19:06:10;0.0;VW-See;0.35;0.03;2.41;-0.54;0.7;0.205;2.45;0.82;1.1;96.7;96.7;12.02;0.291;0.00;1.1;0.06;0.06;5.33;14.91;1;20.94;0;6.30;16.1;6.075;0.204;4.29;0.0
9/16/2021;19:06:11;0.0;VW-See;0.28;0.01;2.18;-0.61;0.7;0.205;2.42;0.81;1.1;96.7;96.7;12.02;0.291;0.00;1.1;-0.02;-0.02;5.35;14.98;1;20.97;0;6.30;16.0;6.079;0.205;4.29;0.0
9/16/2021;19:06:12;0.0;VW-See;0.29;0.01;2.20;-0.59;0.7;0.205;2.44;0.81;1.1;96.7;96.7;12.02;0.292;0.00;1.1;0.04;0.04;5.25;14.70;1;20.94;0;6.30;15.9;6.082;0.205;4.29;0.0
9/16/2021;19:06:13;0.0;VW-See;0.31;0.06;2.27;-0.43;0.7;0.205;2.46;0.82;1.1;96.8;96.8;12.02;0.291;0.00;1.1;0.11;0.11;5.41;15.14;1;21.06;0;6.30;15.8;6.084;0.205;4.29;0.0
9/16/2021;19:06:14;0.0;VW-See;0.18;0.08;1.87;-0.37;0.7;0.205;2.43;0.81;1.1;96.8;96.8;12.02;0.291;0.00;1.1;0.17;0.17;5.37;15.03;1;21.09;0;6.30;15.7;6.086;0.205;4.29;0.0
9/16/2021;19:06:15;0.0;VW-See;0.19;0.07;1.92;-0.42;0.7;0.204;2.43;0.81;1.1;96.7;96.7;12.01;0.291;0.00;1.1;0.20;0.20;5.26;14.73;1;20.92;0;6.30;15.7;6.087;0.204;4.29;0.0
9/16/2021;19:06:16;0.0;VW-See;0.29;0.09;2.20;-0.35;0.7;0.204;2.49;0.83;1.1;96.7;96.7;12.02;0.290;0.00;1.1;0.20;0.20;5.31;14.87;1;20.70;0;6.30;15.7;6.091;0.204;4.29;0.0
9/16/2021;19:06:17;0.0;VW-See;0.22;0.06;1.98;-0.45;0.7;0.205;2.48;0.83;1.1;96.8;96.8;12.02;0.291;0.00;1.1;0.20;0.20;5.51;15.44;1;20.54;0;6.30;15.7;6.097;0.205;4.29;0.0
9/16/2021;19:06:18;0.0;VW-See;0.27;0.05;2.16;-0.48;0.7;0.205;2.38;0.79;1.1;96.8;96.8;12.02;0.292;0.00;1.1;0.11;0.11;5.50;15.41;1;20.49;0;6.30;15.7;6.103;0.205;4.29;0.0
9/16/2021;19:06:19;0.0;VW-See;0.29;0.04;2.20;-0.51;0.7;0.206;2.44;0.81;1.2;96.7;96.7;12.01;0.292;0.00;1.1;0.18;0.18;5.30;14.83;1;20.43;0;6.30;15.8;6.105;0.206;4.29;0.0
9/16/2021;19:06:20;0.0;VW-See;0.20;-0.01;1.93;-0.65;0.8;0.206;2.46;0.82;1.2;96.7;96.7;12.01;0.293;0.00;1.2;0.28;0.28;5.42;15.17;1;20.33;0;6.30;16.0;6.105;0.206;4.30;0.0
9/16/2021;19:06:21;0.0;VW-See;0.18;0.05;1.88;-0.48;0.7;0.206;2.39;0.80;1.2;96.7;96.7;12.01;0.293;0.00;1.2;0.21;0.21;5.38;15.07;1;20.32;0;6.30;16.0;6.108;0.206;4.30;0.0
9/16/2021;19:06:22;0.0;VW-See;0.19;0.07;1.91;-0.41;0.7;0.205;2.45;0.82;1.2;96.7;96.7;12.01;0.292;0.00;1.2;0.13;0.13;5.42;15.18;1;20.37;0;6.30;16.0;6.114;0.205;4.30;0.0
9/16/2021;19:06:23;0.0;VW-See;0.19;0.01;1.89;-0.60;0.7;0.205;2.55;0.85;1.2;96.7;96.7;12.00;0.292;0.00;1.2;-0.02;-0.02;5.44;15.24;1;20.30;0;6.30;16.0;6.118;0.205;4.30;0.0
9/16/2021;19:06:24;0.0;VW-See;0.19;0.02;1.89;-0.56;0.7;0.206;2.48;0.83;1.2;96.7;96.7;12.00;0.293;0.00;1.2;0.02;0.02;5.30;14.85;1;20.29;0;6.30;16.1;6.120;0.206;4.30;0.0
9/16/2021;19:06:25;0.0;VW-See;0.23;0.03;2.01;-0.54;0.7;0.206;2.41;0.80;1.2;96.7;96.7;12.01;0.293;0.00;1.2;0.13;0.13;5.29;14.81;1;20.29;0;6.30;15.9;6.121;0.206;4.30;0.0
9/16/2021;19:06:26;0.0;VW-See;0.19;-0.02;1.91;-0.68;0.7;0.206;2.40;0.80;1.2;96.7;96.7;12.00;0.293;0.00;1.2;0.15;0.15;5.51;15.44;1;20.22;0;6.30;15.8;6.129;0.206;4.30;0.0
9/16/2021;19:06:27;0.0;VW-See;0.15;0.05;1.77;-0.46;0.7;0.206;2.48;0.83;1.2;96.7;96.7;12.00;0.293;0.00;1.1;0.16;0.16;5.59;15.65;1;20.14;0;6.30;16.0;6.133;0.206;4.30;0.0
9/16/2021;19:06:28;0.0;VW-See;0.15;0.10;1.76;-0.29;0.7;0.206;2.53;0.84;1.2;96.8;96.8;12.00;0.292;0.00;1.1;0.16;0.16;5.49;15.37;1;20.11;0;6.30;16.0;6.136;0.205;4.30;0.0
9/16/2021;19:06:29;0.0;VW-See;0.16;0.03;1.81;-0.52;0.7;0.205;2.49;0.83;1.2;96.8;96.8;12.01;0.292;0.00;1.1;0.15;0.15;5.61;15.71;1;20.11;0;6.30;16.0;6.138;0.205;4.30;0.0
9/16/2021;19:06:30;0.0;VW-See;0.16;0.02;1.80;-0.57;0.7;0.205;2.45;0.82;1.2;96.7;96.7;12.00;0.292;0.00;1.1;0.03;0.03;5.63;15.75;1;20.07;0;6.30;15.9;6.136;0.206;4.27;0.0
9/16/2021;19:06:31;0.0;VW-See;0.12;0.08;1.68;-0.39;0.7;0.205;2.43;0.81;1.2;96.8;96.8;12.01;0.292;0.00;1.2;-0.04;-0.04;5.40;15.11;1;20.10;0;6.30;15.9;6.133;0.206;4.27;0.0
9/16/2021;19:06:32;0.0;VW-See;0.14;0.09;1.73;-0.33;0.7;0.206;2.42;0.81;1.2;96.8;96.8;12.01;0.292;0.00;1.1;0.07;0.07;5.33;14.93;1;20.22;0;6.30;15.7;6.131;0.206;4.27;0.0
9/16/2021;19:06:33;0.0;VW-See;0.14;0.06;1.75;-0.45;0.7;0.205;2.49;0.83;1.2;96.8;96.8;12.01;0.292;0.00;1.1;0.16;0.16;5.37;15.05;1;20.07;0;6.31;15.6;6.130;0.206;4.27;0.0
9/16/2021;19:06:34;0.0;VW-See;0.20;0.00;1.93;-0.65;0.7;0.205;2.54;0.85;1.2;96.8;96.8;12.01;0.292;0.00;1.2;0.12;0.12;5.34;14.96;1;19.93;0;6.30;15.7;6.131;0.205;4.27;0.0
9/16/2021;19:06:35;0.0;VW-See;0.14;-0.02;1.74;-0.69;0.7;0.205;2.51;0.84;1.2;96.8;96.8;12.01;0.292;0.00;1.1;0.09;0.09;5.39;15.09;1;20.04;0;6.30;15.8;6.134;0.205;4.27;0.0
9/16/2021;19:06:36;0.0;VW-See;0.14;-0.02;1.75;-0.71;0.7;0.205;2.52;0.84;1.2;96.8;96.8;12.01;0.291;0.00;1.1;0.11;0.11;5.23;14.63;1;20.12;0;6.31;15.6;6.135;0.204;4.27;0.0
9/16/2021;19:06:37;0.0;VW-See;0.20;0.00;1.95;-0.64;0.7;0.205;2.49;0.83;1.2;96.8;96.8;12.01;0.292;0.00;1.2;0.09;0.09;5.15;14.43;1;20.25;0;6.31;15.5;6.134;0.205;4.27;0.0
9/16/2021;19:06:38;0.0;VW-See;0.09;0.05;1.57;-0.47;0.7;0.205;2.54;0.85;1.2;96.8;96.8;12.01;0.292;0.00;1.1;0.10;0.10;5.27;14.76;1;20.25;0;6.31;15.5;6.134;0.205;4.27;0.0
9/16/2021;19:06:39;0.0;VW-See;0.10;0.02;1.63;-0.57;0.7;0.205;2.50;0.83;1.2;96.8;96.8;12.01;0.292;0.00;1.1;0.19;0.19;5.36;15.01;1;20.18;0;6.31;15.5;6.133;0.205;4.27;0.0
9/16/2021;19:06:40;0.0;VW-See;0.16;0.01;1.82;-0.61;0.7;0.205;2.46;0.82;1.2;96.8;96.8;12.01;0.292;0.00;1.2;0.20;0.20;5.36;15.01;1;20.10;0;6.31;15.6;6.130;0.206;4.27;0.0
9/16/2021;19:06:41;0.0;VW-See;0.21;0.07;1.95;-0.41;0.7;0.206;2.54;0.85;1.2;96.8;96.8;12.01;0.293;0.00;1.1;0.06;0.06;5.13;14.37;1;20.05;0;6.30;15.7;6.123;0.206;4.27;0.0
9/16/2021;19:06:42;0.0;VW-See;0.19;0.06;1.89;-0.44;0.7;0.205;2.57;0.86;1.2;96.8;96.8;12.01;0.292;0.00;1.1;0.10;0.10;5.07;14.20;1;19.85;0;6.30;15.7;6.115;0.205;4.27;0.0
9/16/2021;19:06:43;0.0;VW-See;0.17;-0.02;1.83;-0.70;0.7;0.205;2.51;0.84;1.2;96.7;96.7;12.00;0.291;0.00;1.1;0.09;0.09;5.34;14.95;1;19.59;0;6.31;15.4;6.110;0.205;4.27;0.0
9/16/2021;19:06:44;0.0;VW-See;0.12;0.03;1.68;-0.54;0.7;0.206;2.45;0.82;1.2;96.7;96.7;12.00;0.292;0.00;1.1;0.04;0.04;5.31;14.87;1;19.50;0;6.32;15.0;6.107;0.206;4.27;0.0
9/16/2021;19:06:45;0.0;VW-See;0.06;0.08;1.49;-0.37;0.7;0.206;2.41;0.80;1.2;96.6;96.6;12.00;0.292;0.00;1.2;0.13;0.13;5.32;14.89;1;19.46;0;6.32;14.7;6.107;0.206;4.27;0.0
9/16/2021;19:06:46;0.0;VW-See;0.14;0.04;1.76;-0.50;0.7;0.205;2.38;0.79;1.2;96.6;96.6;12.00;0.292;0.00;1.2;0.11;0.11;5.36;15.02;1;19.42;0;6.33;14.3;6.109;0.206;4.27;0.0
9/16/2021;19:06:47;0.0;VW-See;0.15;0.03;1.77;-0.54;0.7;0.205;2.47;0.82;1.2;96.6;96.6;11.99;0.292;0.00;1.1;0.12;0.12;5.28;14.79;1;19.43;0;6.34;13.7;6.109;0.205;4.27;0.0
9/16/2021;19:06:48;0.0;VW-See;0.07;0.05;1.51;-0.47;0.7;0.205;2.42;0.81;1.2;96.5;96.5;11.98;0.291;0.00;1.1;0.22;0.22;5.31;14.86;1;19.47;0;6.34;13.9;6.106;0.204;4.27;0.0
9/16/2021;19:06:49;0.0;VW-See;0.07;0.07;1.53;-0.42;0.7;0.205;2.40;0.80;1.2;96.5;96.5;11.98;0.291;0.00;1.1;0.17;0.17;5.35;14.97;1;19.53;0;6.33;13.9;6.106;0.205;4.27;0.0
9/16/2021;19:06:50;0.0;VW-See;0.09;0.08;1.57;-0.38;0.7;0.206;2.49;0.83;1.2;96.6;96.6;11.99;0.292;0.00;1.1;0.03;0.03;5.31;14.86;1;19.47;0;6.33;14.0;6.110;0.206;4.27;0.0
9/16/2021;19:06:51;0.0;VW-See;0.11;0.08;1.65;-0.38;0.7;0.206;2.43;0.81;1.2;96.6;96.6;12.00;0.293;0.00;1.1;0.03;0.03;5.38;15.06;1;19.44;0;6.32;14.6;6.117;0.206;4.27;0.0
9/16/2021;19:06:52;0.0;VW-See;0.14;0.06;1.73;-0.45;0.7;0.205;2.40;0.80;1.2;96.7;96.7;12.00;0.292;0.00;1.2;0.07;0.07;5.43;15.22;1;19.42;0;6.32;14.7;6.123;0.205;4.27;0.0
9/16/2021;19:06:53;0.0;VW-See;0.10;0.05;1.62;-0.46;0.7;0.206;2.54;0.85;1.2;96.5;96.5;11.98;0.293;0.00;1.2;0.11;0.11;5.34;14.96;1;19.30;0;6.34;13.7;6.122;0.206;4.27;0.0
9/16/2021;19:06:54;0.0;VW-See;0.11;0.06;1.64;-0.45;0.7;0.206;2.58;0.86;1.2;96.4;96.4;11.96;0.293;0.00;1.1;0.01;0.01;5.35;14.98;1;19.32;0;6.36;12.4;6.108;0.206;4.27;0.0
9/16/2021;19:06:55;0.0;VW-See;0.04;0.01;1.42;-0.59;0.7;0.206;2.53;0.84;1.2;96.4;96.4;11.97;0.292;0.00;1.1;-0.04;-0.04;5.34;14.97;1;19.34;0;6.36;12.4;6.108;0.206;4.27;0.0
9/16/2021;19:06:56;0.0;VW-See;-0.02;0.02;1.25;-0.56;0.7;0.205;2.55;0.85;1.2;96.5;96.5;11.98;0.292;0.00;1.2;0.07;0.07;5.30;14.83;1;19.22;0;6.35;12.9;6.113;0.205;4.27;0.0
9/16/2021;19:06:57;0.0;VW-See;0.00;0.04;1.30;-0.52;0.7;0.205;2.55;0.85;1.2;96.5;96.5;11.98;0.292;0.00;1.2;0.11;0.11;5.40;15.11;1;19.19;0;6.34;13.3;6.115;0.205;4.27;0.0
9/16/2021;19:06:58;0.0;VW-See;0.03;0.04;1.41;-0.49;0.7;0.205;2.45;0.82;1.1;96.5;96.5;11.98;0.292;0.00;1.1;0.03;0.03;5.45;15.26;1;19.23;0;6.35;13.3;6.116;0.205;4.27;0.0
9/16/2021;19:06:59;0.0;VW-See;0.04;0.02;1.45;-0.58;0.7;0.206;2.42;0.81;1.1;96.5;96.5;11.98;0.293;0.00;1.1;-0.02;-0.02;5.34;14.95;1;19.19;0;6.35;13.0;6.117;0.206;4.27;0.0
9/16/2021;19:07:00;0.0;VW-See;0.07;-0.03;1.52;-0.73;0.7;0.206;2.53;0.84;1.2;96.5;96.5;11.98;0.293;0.00;1.1;0.11;0.11;5.37;15.03;1;19.17;0;6.36;12.7;6.118;0.205;4.26;0.0
9/16/2021;19:07:01;0.0;VW-See;0.01;0.00;1.34;-0.64;0.7;0.205;2.49;0.83;1.1;96.5;96.5;11.97;0.292;0.00;1.1;0.11;0.11;5.39;15.08;1;19.12;0;6.37;12.0;6.116;0.205;4.26;0.0
9/16/2021;19:07:02;0.0;VW-See;-0.03;0.03;1.21;-0.54;0.7;0.205;2.52;0.84;1.2;96.5;96.5;11.97;0.292;0.00;1.1;-0.05;-0.05;5.27;14.74;1;19.09;0;6.38;11.5;6.116;0.205;4.26;0.0
9/16/2021;19:07:03;0.0;VW-See;0.06;0.06;1.48;-0.45;0.7;0.205;2.48;0.83;1.2;96.5;96.5;11.98;0.292;0.00;1.1;-0.03;-0.03;5.35;14.98;1;19.10;0;6.37;11.8;6.115;0.206;4.26;0.0
9/16/2021;19:07:04;0.0;VW-See;0.03;0.07;1.41;-0.40;0.7;0.205;2.42;0.81;1.2;96.5;96.5;11.98;0.292;0.00;1.2;-0.05;-0.05;5.53;15.49;1;19.07;0;6.35;13.0;6.116;0.206;4.26;0.0
9/16/2021;19:07:05;0.0;VW-See;-0.03;0.07;1.20;-0.41;0.7;0.205;2.50;0.83;1.2;96.5;96.5;11.98;0.291;0.00;1.1;-0.05;-0.05;5.48;15.36;1;19.07;0;6.36;12.6;6.119;0.205;4.26;0.0
9/16/2021;19:07:06;0.0;VW-See;0.04;0.05;1.43;-0.49;0.7;0.205;2.49;0.83;1.2;96.5;96.5;11.98;0.291;0.00;1.1;0.00;0.00;5.38;15.05;1;19.07;0;6.36;12.2;6.120;0.205;4.26;0.0
9/16/2021;19:07:07;0.0;VW-See;0.05;0.05;1.47;-0.48;0.7;0.205;2.43;0.81;1.1;96.6;96.6;11.99;0.291;0.00;1.1;0.04;0.04;5.51;15.43;1;19.16;0;6.34;13.4;6.120;0.205;4.26;0.0
9/16/2021;19:07:08;0.0;VW-See;-0.05;0.05;1.16;-0.46;0.7;0.205;2.40;0.80;1.1;96.6;96.6;11.99;0.291;0.00;1.1;0.07;0.07;5.62;15.73;1;19.13;0;6.34;13.4;6.116;0.205;4.26;0.0
9/16/2021;19:07:09;0.0;VW-See;-0.14;0.02;0.86;-0.57;0.7;0.205;2.51;0.84;1.1;96.5;96.5;11.98;0.291;0.00;1.1;-0.02;-0.02;5.34;14.96;1;19.05;0;6.36;12.4;6.113;0.205;4.26;0.0
9/16/2021;19:07:10;0.0;VW-See;-0.10;0.03;1.00;-0.52;0.7;0.205;2.52;0.84;1.2;96.5;96.5;11.98;0.292;0.00;1.1;-0.04;-0.04;5.21;14.59;1;19.05;0;6.36;12.3;6.108;0.205;4.25;0.0
9/16/2021;19:07:11;0.0;VW-See;-0.11;0.06;0.98;-0.43;0.7;0.206;2.49;0.83;1.2;96.5;96.5;11.99;0.292;0.00;1.1;0.05;0.05;5.30;14.85;1;19.02;0;6.36;12.4;6.107;0.206;4.25;0.0
9/16/2021;19:07:12;0.0;VW-See;-0.15;0.08;0.85;-0.37;0.7;0.206;2.42;0.81;1.1;96.6;96.6;11.99;0.292;0.00;1.1;0.05;0.05;5.36;15.02;1;19.08;0;6.36;12.4;6.109;0.205;4.25;0.0
9/16/2021;19:07:13;0.0;VW-See;-0.05;0.04;1.15;-0.50;0.7;0.205;2.42;0.81;1.2;96.6;96.6;11.99;0.292;0.00;1.1;-0.05;-0.05;5.41;15.14;1;19.16;0;6.35;13.2;6.108;0.206;4.25;0.0
9/16/2021;19:07:14;0.0;VW-See;0.00;0.00;1.30;-0.63;0.7;0.206;2.45;0.82;1.2;96.6;96.6;11.99;0.293;0.00;1.1;-0.07;-0.07;5.38;15.07;1;19.16;0;6.34;13.6;6.104;0.206;4.25;0.0
9/16/2021;19:07:15;0.0;VW-See;0.00;0.03;1.30;-0.55;0.7;0.205;2.38;0.79;1.2;96.6;96.6;11.99;0.292;0.00;1.1;-0.08;-0.08;5.38;15.08;1;19.14;0;6.34;13.4;6.100;0.205;4.25;0.0
9/16/2021;19:07:16;0.0;VW-See;0.01;0.00;1.32;-0.63;0.7;0.205;2.38;0.79;1.1;96.5;96.5;11.98;0.292;0.00;1.1;-0.03;-0.03;5.56;15.55;1;19.07;0;6.36;12.4;6.101;0.205;4.25;0.0
9/16/2021;19:07:17;0.0;VW-See;-0.11;-0.04;0.97;-0.75;0.7;0.206;2.44;0.81;1.1;96.4;96.4;11.98;0.292;0.00;1.1;0.14;0.14;5.59;15.65;1;19.04;0;6.37;11.9;6.101;0.206;4.25;0.0
9/16/2021;19:07:18;0.0;VW-See;-0.06;0.05;1.12;-0.47;0.7;0.206;2.50;0.83;1.1;96.5;96.5;11.98;0.293;0.00;1.1;0.21;0.21;5.44;15.23;1;19.05;0;6.37;12.0;6.098;0.206;4.25;0.0
9/16/2021;19:07:19;0.0;VW-See;-0.05;0.10;1.16;-0.31;0.7;0.206;2.47;0.82;1.2;96.6;96.6;11.99;0.293;0.00;1.1;0.06;0.06;5.42;15.19;1;19.16;0;6.36;12.5;6.100;0.206;4.25;0.0
9/16/2021;19:07:20;0.0;VW-See;-0.13;0.08;0.91;-0.37;0.7;0.205;2.43;0.81;1.2;96.5;96.5;11.99;0.292;0.00;1.1;-0.01;-0.01;5.38;15.08;1;19.14;0;6.35;12.8;6.105;0.205;4.24;0.0
9/16/2021;19:07:21;0.0;VW-See;-0.08;0.06;1.07;-0.44;0.7;0.205;2.45;0.82;1.2;96.4;96.4;11.97;0.291;0.00;1.1;-0.11;-0.11;5.38;15.07;1;19.11;0;6.35;12.8;6.108;0.205;4.24;0.0
9/16/2021;19:07:22;0.0;VW-See;-0.08;0.03;1.05;-0.53;0.7;0.205;2.49;0.83;1.1;96.5;96.5;11.98;0.292;0.00;1.1;-0.12;-0.12;5.42;15.19;1;19.14;0;6.35;12.7;6.110;0.205;4.24;0.0
9/16/2021;19:07:23;0.0;VW-See;-0.06;0.05;1.13;-0.47;0.7;0.205;2.58;0.86;1.1;96.5;96.5;11.98;0.292;0.00;1.1;0.05;0.05;5.46;15.28;1;19.18;0;6.35;12.9;6.115;0.205;4.24;0.0
9/16/2021;19:07:24;0.0;VW-See;-0.01;0.04;1.29;-0.51;0.7;0.205;2.54;0.85;1.1;96.6;96.6;11.99;0.292;0.00;1.1;0.12;0.12;5.43;15.20;1;19.22;0;6.34;13.5;6.122;0.205;4.24;0.0
9/16/2021;19:07:25;0.0;VW-See;-0.12;0.01;0.92;-0.61;0.7;0.205;2.53;0.84;1.1;96.6;96.6;11.99;0.291;0.00;1.1;-0.01;-0.01;5.27;14.76;1;19.29;0;6.33;14.0;6.127;0.204;4.24;0.0
9/16/2021;19:07:26;0.0;VW-See;-0.11;0.03;0.96;-0.54;0.7;0.204;2.51;0.84;1.2;96.7;96.7;11.99;0.290;0.00;1.1;-0.01;-0.01;5.40;15.12;1;19.40;0;6.33;14.3;6.130;0.204;4.24;0.0
9/16/2021;19:07:27;0.0;VW-See;-0.10;0.09;0.98;-0.33;0.7;0.205;2.54;0.85;1.1;96.7;96.7;12.00;0.291;0.00;1.1;0.06;0.06;5.47;15.31;1;19.43;0;6.33;14.3;6.132;0.205;4.24;0.0
9/16/2021;19:07:28;0.0;VW-See;-0.19;0.10;0.70;-0.30;0.7;0.204;2.57;0.86;1.1;96.8;96.8;12.01;0.291;0.00;1.1;0.05;0.05;5.36;15.00;1;19.42;0;6.33;14.4;6.136;0.205;4.24;0.0
9/16/2021;19:07:29;0.0;VW-See;-0.20;0.07;0.69;-0.39;0.7;0.205;2.40;0.80;1.1;96.8;96.8;12.01;0.291;0.00;1.1;-0.05;-0.05;5.48;15.33;1;19.34;0;6.32;14.6;6.138;0.205;4.24;0.0
9/16/2021;19:07:30;0.0;VW-See;-0.14;0.07;0.88;-0.42;0.7;0.205;2.33;0.78;1.1;96.8;96.8;12.00;0.292;0.00;1.1;-0.07;-0.07;5.47;15.31;1;19.18;0;6.32;14.7;6.140;0.205;4.26;0.0
9/16/2021;19:07:31;0.0;VW-See;-0.03;0.03;1.22;-0.54;0.7;0.205;2.48;0.83;1.2;96.8;96.8;12.01;0.291;0.00;1.1;0.08;0.08;5.46;15.30;1;19.16;0;6.32;14.7;6.141;0.204;4.26;0.0
9/16/2021;19:07:32;0.0;VW-See;-0.02;0.00;1.25;-0.65;0.7;0.205;2.59;0.86;1.2;96.8;96.8;12.01;0.291;0.00;1.1;0.15;0.15;5.58;15.63;1;19.21;0;6.32;14.8;6.141;0.205;4.26;0.0
9/16/2021;19:07:33;0.0;VW-See;-0.07;0.04;1.09;-0.52;0.7;0.205;2.62;0.87;1.2;96.8;96.8;12.01;0.292;0.00;1.1;0.03;0.03;5.41;15.16;1;19.21;0;6.32;14.8;6.144;0.206;4.26;0.0
9/16/2021;19:07:34;0.0;VW-See;-0.06;0.10;1.11;-0.31;0.7;0.206;2.56;0.85;1.1;96.8;96.8;12.01;0.293;0.00;1.1;0.01;0.01;5.41;15.16;1;19.23;0;6.32;14.7;6.149;0.205;4.26;0.0
9/16/2021;19:07:35;0.0;VW-See;-0.07;0.09;1.09;-0.35;0.7;0.206;2.48;0.83;1.1;96.8;96.8;12.01;0.293;0.00;1.1;0.03;0.03;5.57;15.59;1;19.14;0;6.32;14.7;6.153;0.206;4.26;0.0
9/16/2021;19:07:36;0.0;VW-See;-0.14;0.02;0.87;-0.56;0.7;0.205;2.44;0.81;1.1;96.8;96.8;12.00;0.292;0.00;1.1;0.02;0.02;5.41;15.14;1;19.10;0;6.32;14.8;6.156;0.204;4.26;0.0
9/16/2021;19:07:37;0.0;VW-See;-0.09;0.01;1.02;-0.61;0.7;0.205;2.52;0.84;1.1;96.8;96.8;12.01;0.292;0.00;1.1;0.03;0.03;5.36;15.01;1;19.13;0;6.32;14.9;6.158;0.205;4.26;0.0
9/16/2021;19:07:38;0.0;VW-See;-0.02;0.08;1.25;-0.38;0.7;0.205;2.50;0.83;1.1;96.9;96.9;12.01;0.292;0.00;1.1;-0.05;-0.05;5.45;15.25;1;19.16;0;6.32;14.9;6.159;0.205;4.26;0.0
9/16/2021;19:07:39;0.0;VW-See;-0.07;0.11;1.10;-0.27;0.7;0.205;2.40;0.80;1.1;96.9;96.9;12.01;0.292;0.00;1.1;-0.04;-0.04;5.44;15.24;1;19.18;0;6.32;15.0;6.161;0.205;4.26;0.0
9/16/2021;19:07:40;0.0;VW-See;-0.15;0.07;0.85;-0.40;0.7;0.205;2.41;0.80;1.1;96.9;96.9;12.01;0.291;0.00;1.1;0.05;0.05;5.58;15.63;1;19.19;0;6.32;14.9;6.162;0.205;4.22;0.0
9/16/2021;19:07:41;0.0;VW-See;-0.13;0.04;0.90;-0.50;0.7;0.205;2.46;0.82;1.1;96.9;96.9;12.01;0.291;0.00;1.1;-0.02;-0.02;5.47;15.32;1;19.15;0;6.33;14.4;6.163;0.205;4.22;0.0
9/16/2021;19:07:42;0.0;VW-See;-0.09;0.05;1.03;-0.48;0.7;0.205;2.50;0.83;1.1;96.8;96.8;12.01;0.292;0.00;1.1;-0.02;-0.02;5.14;14.38;1;19.14;0;6.33;14.1;6.164;0.205;4.22;0.0
9/16/2021;19:07:43;0.0;VW-See;-0.10;0.09;1.00;-0.33;0.7;0.205;2.41;0.80;1.1;96.8;96.8;12.00;0.292;0.00;1.1;-0.08;-0.08;5.28;14.77;1;19.14;0;6.34;13.7;6.166;0.205;4.22;0.0
9/16/2021;19:07:44;0.0;VW-See;-0.07;0.09;1.08;-0.34;0.7;0.205;2.34;0.78;1.1;96.7;96.7;11.98;0.291;0.00;1.1;-0.05;-0.05;5.56;15.57;1;19.03;0;6.36;12.3;6.160;0.205;4.22;0.0
9/16/2021;19:07:45;0.0;VW-See;-0.02;0.06;1.23;-0.44;0.7;0.205;2.38;0.79;1.1;96.5;96.5;11.96;0.291;0.00;1.1;0.04;0.04;5.59;15.66;1;19.06;0;6.38;11.3;6.140;0.205;4.22;0.0
9/16/2021;19:07:46;0.0;VW-See;-0.09;0.02;1.04;-0.56;0.7;0.205;2.48;0.83;1.1;96.4;96.4;11.96;0.292;0.00;1.1;0.05;0.05;5.40;15.13;1;19.10;0;6.37;11.5;6.135;0.206;4.22;0.0
9/16/2021;19:07:47;0.0;VW-See;-0.18;0.01;0.74;-0.60;0.7;0.205;2.43;0.81;1.1;96.5;96.5;11.97;0.292;0.00;1.1;-0.03;-0.03;5.33;14.94;1;19.10;0;6.37;11.8;6.138;0.205;4.22;0.0
9/16/2021;19:07:48;0.0;VW-See;-0.18;0.04;0.75;-0.49;0.7;0.205;2.36;0.79;1.1;96.5;96.5;11.97;0.292;0.00;1.1;0.04;0.04;5.45;15.25;1;19.14;0;6.37;11.8;6.142;0.206;4.22;0.0
9/16/2021;19:07:49;0.0;VW-See;-0.14;0.04;0.86;-0.49;0.7;0.205;2.28;0.76;1.1;96.5;96.5;11.97;0.292;0.00;1.1;0.12;0.12;5.49;15.37;1;19.09;0;6.37;11.8;6.144;0.205;4.22;0.0
9/16/2021;19:07:50;0.0;VW-See;-0.05;0.04;1.14;-0.51;0.7;0.205;2.39;0.80;1.1;96.5;96.5;11.96;0.292;0.00;1.1;0.09;0.09;5.34;14.95;1;19.13;0;6.37;11.8;6.145;0.206;4.24;0.0
9/16/2021;19:07:51;0.0;VW-See;-0.08;0.06;1.04;-0.44;0.7;0.206;2.47;0.82;1.1;96.4;96.4;11.95;0.293;0.00;1.1;0.20;0.20;5.32;14.89;1;19.07;0;6.38;11.0;6.139;0.206;4.24;0.0
9/16/2021;19:07:52;0.0;VW-See;-0.10;0.08;1.00;-0.38;0.7;0.206;2.36;0.79;1.1;96.4;96.4;11.96;0.293;0.00;1.1;0.12;0.12;5.42;15.17;1;19.04;0;6.39;10.9;6.133;0.206;4.24;0.0
9/16/2021;19:07:53;0.0;VW-See;-0.04;0.04;1.17;-0.49;0.7;0.205;2.48;0.83;1.1;96.4;96.4;11.96;0.292;0.00;1.1;0.07;0.07;5.23;14.66;1;19.10;0;6.38;11.3;6.135;0.205;4.24;0.0
9/16/2021;19:07:54;0.0;VW-See;-0.11;0.02;0.95;-0.56;0.7;0.205;2.49;0.83;1.1;96.4;96.4;11.96;0.291;0.00;1.1;0.05;0.05;5.19;14.54;1;19.14;0;6.37;11.5;6.135;0.205;4.24;0.0
9/16/2021;19:07:55;0.0;VW-See;-0.16;0.07;0.79;-0.41;0.7;0.205;2.47;0.82;1.1;96.4;96.4;11.95;0.292;0.00;1.1;-0.04;-0.04;5.37;15.04;1;19.24;0;6.39;10.8;6.128;0.206;4.24;0.0
9/16/2021;19:07:56;0.0;VW-See;-0.12;0.08;0.92;-0.37;0.7;0.206;2.44;0.81;1.1;96.3;96.3;11.95;0.293;0.00;1.1;-0.11;-0.11;5.29;14.80;1;19.09;0;6.41;9.5;6.115;0.206;4.24;0.0
9/16/2021;19:07:57;0.0;VW-See;-0.12;0.06;0.93;-0.42;0.7;0.206;2.48;0.83;1.1;96.2;96.2;11.95;0.293;0.00;1.1;0.06;0.06;5.28;14.80;1;18.90;0;6.41;9.4;6.104;0.206;4.24;0.0
9/16/2021;19:07:58;0.0;VW-See;-0.19;0.05;0.73;-0.48;0.7;0.205;2.47;0.82;1.1;96.2;96.2;11.95;0.292;0.00;1.1;0.11;0.11;5.48;15.34;1;18.92;0;6.41;9.3;6.099;0.205;4.24;0.0
9/16/2021;19:07:59;0.0;VW-See;-0.12;0.02;0.94;-0.57;0.7;0.206;2.33;0.78;1.1;96.2;96.2;11.95;0.292;0.00;1.1;0.10;0.10;5.35;14.97;1;18.99;0;6.42;8.8;6.097;0.206;4.24;0.0
9/16/2021;19:08:00;0.0;VW-See;-0.14;0.07;0.86;-0.42;0.7;0.206;2.40;0.80;1.1;96.2;96.2;11.95;0.292;0.00;1.1;0.11;0.11;5.19;14.54;1;18.99;0;6.42;8.8;6.096;0.206;4.22;0.0
9/16/2021;19:08:01;0.0;VW-See;-0.23;0.10;0.58;-0.29;0.7;0.205;2.47;0.82;1.1;96.2;96.2;11.95;0.292;0.00;1.1;0.08;0.08;5.31;14.88;1;18.95;0;6.40;10.2;6.097;0.205;4.22;0.0
9/16/2021;19:08:02;0.0;VW-See;-0.20;0.06;0.68;-0.44;0.7;0.205;2.41;0.80;1.1;96.4;96.4;11.97;0.292;0.00;1.1;0.10;0.10;5.27;14.77;1;18.96;0;6.36;12.1;6.109;0.205;4.22;0.0
9/16/2021;19:08:03;0.0;VW-See;-0.17;0.04;0.77;-0.51;0.7;0.206;2.39;0.80;1.1;96.5;96.5;11.98;0.292;0.00;1.1;0.18;0.18;5.26;14.73;1;19.02;0;6.35;13.0;6.113;0.205;4.22;0.0
9/16/2021;19:08:04;0.0;VW-See;-0.19;0.06;0.71;-0.45;0.7;0.205;2.48;0.83;1.1;96.5;96.5;11.98;0.292;0.00;1.1;0.18;0.18;5.35;14.97;1;19.06;0;6.35;13.1;6.119;0.204;4.22;0.0
9/16/2021;19:08:05;0.0;VW-See;-0.14;0.07;0.88;-0.39;0.7;0.205;2.43;0.81;1.1;96.5;96.5;11.98;0.291;0.00;1.1;0.11;0.11;5.37;15.02;1;19.04;0;6.37;11.7;6.124;0.205;4.22;0.0
9/16/2021;19:08:06;0.0;VW-See;-0.10;0.06;0.98;-0.43;0.7;0.205;2.38;0.79;1.1;96.5;96.5;11.98;0.292;0.00;1.1;0.18;0.18;5.40;15.13;1;19.03;0;6.40;10.2;6.123;0.205;4.22;0.0
9/16/2021;19:08:07;0.0;VW-See;-0.14;0.05;0.87;-0.46;0.7;0.205;2.50;0.83;1.1;96.6;96.6;11.99;0.291;0.00;1.1;0.15;0.15;5.39;15.08;1;19.01;0;6.40;10.0;6.122;0.205;4.22;0.0
9/16/2021;19:08:08;0.0;VW-See;-0.13;0.03;0.91;-0.55;0.7;0.205;2.46;0.82;1.1;96.5;96.5;11.98;0.291;0.00;1.1;0.20;0.20;5.22;14.63;1;19.03;0;6.39;10.5;6.125;0.205;4.22;0.0
9/16/2021;19:08:09;0.0;VW-See;-0.17;0.08;0.78;-0.36;0.7;0.205;2.34;0.78;1.1;96.5;96.5;11.98;0.291;0.00;1.1;0.18;0.18;5.11;14.32;1;19.03;0;6.40;10.2;6.127;0.205;4.22;0.0
9/16/2021;19:08:10;0.0;VW-See;-0.10;0.10;0.98;-0.29;0.7;0.205;2.40;0.80;1.1;96.5;96.5;11.98;0.292;0.00;1.1;0.16;0.16;5.23;14.65;1;18.98;0;6.40;10.0;6.130;0.205;4.22;0.0
9/16/2021;19:08:11;0.0;VW-See;-0.09;0.08;1.03;-0.37;0.7;0.205;2.50;0.83;1.1;96.4;96.4;11.97;0.291;0.00;1.1;0.27;0.27;5.15;14.43;1;18.98;0;6.40;10.0;6.133;0.205;4.22;0.0
9/16/2021;19:08:12;0.0;VW-See;-0.28;0.11;0.43;-0.28;0.7;0.205;2.51;0.84;1.1;96.4;96.4;11.97;0.292;0.00;1.1;0.15;0.15;5.18;14.49;1;19.10;0;6.39;10.8;6.133;0.205;4.22;0.0
9/16/2021;19:08:13;0.0;VW-See;-0.27;0.12;0.45;-0.24;0.7;0.205;2.51;0.84;1.1;96.5;96.5;11.98;0.291;0.00;1.1;0.05;0.05;5.41;15.15;1;19.15;0;6.38;11.0;6.137;0.205;4.22;0.0
9/16/2021;19:08:14;0.0;VW-See;-0.14;0.06;0.86;-0.43;0.7;0.205;2.47;0.82;1.1;96.6;96.6;11.98;0.291;0.00;1.1;0.12;0.12;5.48;15.33;1;19.07;0;6.39;10.6;6.142;0.204;4.22;0.0
9/16/2021;19:08:15;0.0;VW-See;-0.07;0.03;1.09;-0.54;0.7;0.205;2.50;0.83;1.1;96.6;96.6;11.98;0.291;0.00;1.1;0.14;0.14;5.49;15.37;1;18.95;0;6.39;10.5;6.149;0.205;4.22;0.0
9/16/2021;19:08:16;0.0;VW-See;-0.08;0.05;1.06;-0.48;0.7;0.205;2.51;0.84;1.1;96.5;96.5;11.98;0.292;0.00;1.1;0.20;0.20;5.43;15.21;1;18.94;0;6.39;10.7;6.151;0.205;4.22;0.0
9/16/2021;19:08:17;0.0;VW-See;-0.16;0.02;0.82;-0.57;0.7;0.205;2.47;0.82;1.1;96.5;96.5;11.97;0.292;0.00;1.1;0.25;0.25;5.44;15.24;1;19.01;0;6.38;11.0;6.153;0.205;4.22;0.0
9/16/2021;19:08:18;0.0;VW-See;-0.14;0.05;0.86;-0.46;0.7;0.205;2.52;0.84;1.1;96.5;96.5;11.96;0.292;0.00;1.1;0.18;0.18;5.40;15.12;1;18.96;0;6.39;10.5;6.157;0.205;4.22;0.0
9/16/2021;19:08:19;0.0;VW-See;-0.13;0.09;0.89;-0.35;0.7;0.205;2.49;0.83;1.1;96.5;96.5;11.96;0.292;0.00;1.1;0.12;0.12;5.24;14.66;1;18.90;0;6.40;9.8;6.157;0.205;4.22;0.0
9/16/2021;19:08:20;0.0;VW-See;-0.06;0.08;1.12;-0.39;0.7;0.205;2.51;0.84;1.1;96.5;96.5;11.96;0.292;0.00;1.1;0.22;0.22;5.11;14.30;1;19.04;0;6.40;9.9;6.159;0.205;4.21;0.0
9/16/2021;19:08:21;0.0;VW-See;-0.02;0.07;1.23;-0.41;0.7;0.206;2.46;0.82;1.1;96.5;96.5;11.97;0.292;0.00;1.1;0.30;0.30;5.16;14.45;1;19.04;0;6.40;10.1;6.165;0.206;4.21;0.0
9/16/2021;19:08:22;0.0;VW-See;0.03;0.03;1.40;-0.55;0.7;0.206;2.45;0.82;1.1;96.5;96.5;11.96;0.292;0.00;1.1;0.24;0.24;5.30;14.83;1;18.91;0;6.38;10.9;6.168;0.205;4.21;0.0
9/16/2021;19:08:23;0.0;VW-See;0.07;0.01;1.53;-0.60;0.7;0.205;2.44;0.81;1.1;96.4;96.4;11.95;0.291;0.00;1.1;0.21;0.21;5.37;15.04;1;19.01;0;6.38;11.3;6.169;0.205;4.21;0.0
9/16/2021;19:08:24;0.0;VW-See;0.03;0.05;1.40;-0.48;0.7;0.205;2.40;0.80;1.1;96.4;96.4;11.95;0.291;0.00;1.1;0.22;0.22;5.36;15.00;1;19.12;0;6.38;11.2;6.172;0.204;4.21;0.0
9/16/2021;19:08:25;0.0;VW-See;-0.01;0.10;1.29;-0.32;0.7;0.205;2.51;0.84;1.1;96.4;96.4;11.95;0.291;0.00;1.1;0.25;0.25;5.33;14.91;1;19.02;0;6.39;10.5;6.173;0.205;4.21;0.0
9/16/2021;19:08:26;0.0;VW-See;-0.03;0.12;1.20;-0.26;0.7;0.205;2.50;0.83;1.1;96.5;96.5;11.96;0.292;0.00;1.1;0.17;0.17;5.37;15.03;1;19.04;0;6.39;10.8;6.172;0.206;4.21;0.0
9/16/2021;19:08:27;0.0;VW-See;-0.09;0.08;1.03;-0.38;0.7;0.206;2.47;0.82;1.1;96.5;96.5;11.96;0.292;0.00;1.1;0.14;0.14;5.33;14.93;1;19.05;0;6.38;11.2;6.170;0.205;4.21;0.0
9/16/2021;19:08:28;0.0;VW-See;-0.07;0.02;1.08;-0.56;0.7;0.205;2.48;0.83;1.1;96.5;96.5;11.97;0.292;0.00;1.1;0.22;0.22;5.34;14.94;1;19.03;0;6.38;11.2;6.169;0.205;4.21;0.0
9/16/2021;19:08:29;0.0;VW-See;-0.04;0.06;1.19;-0.44;0.7;0.206;2.44;0.81;1.1;96.6;96.6;11.97;0.292;0.00;1.1;0.28;0.28;5.41;15.16;1;19.00;0;6.38;11.3;6.169;0.206;4.21;0.0
9/16/2021;19:08:30;0.0;VW-See;-0.18;0.08;0.74;-0.37;0.7;0.205;2.47;0.82;1.1;96.6;96.6;11.97;0.291;0.00;1.1;0.21;0.21;5.41;15.16;1;19.01;0;6.37;11.7;6.169;0.204;4.21;0.0
9/16/2021;19:08:31;0.0;VW-See;-0.20;0.03;0.69;-0.53;0.7;0.204;2.51;0.84;1.1;96.6;96.6;11.98;0.291;0.00;1.1;0.14;0.14;5.39;15.09;1;19.02;0;6.36;12.4;6.172;0.205;4.21;0.0
9/16/2021;19:08:32;0.0;VW-See;-0.11;0.04;0.97;-0.49;0.7;0.205;2.48;0.83;1.1;96.6;96.6;11.97;0.292;0.00;1.1;0.23;0.23;5.43;15.20;1;19.04;0;6.36;12.3;6.177;0.206;4.21;0.0
9/16/2021;19:08:33;0.0;VW-See;-0.02;0.05;1.25;-0.49;0.7;0.205;2.49;0.83;1.1;96.6;96.6;11.97;0.292;0.00;1.1;0.29;0.29;5.45;15.25;1;19.08;0;6.38;11.5;6.177;0.205;4.21;0.0
9/16/2021;19:08:34;0.0;VW-See;0.03;0.06;1.40;-0.45;0.7;0.205;2.48;0.83;1.1;96.6;96.6;11.97;0.291;0.00;1.1;0.16;0.16;5.37;15.03;1;19.08;0;6.37;11.5;6.174;0.205;4.21;0.0
9/16/2021;19:08:35;0.0;VW-See;0.01;0.08;1.33;-0.37;0.7;0.205;2.43;0.81;1.1;96.6;96.6;11.98;0.291;0.00;1.1;0.07;0.07;5.33;14.91;1;19.07;0;6.35;12.9;6.174;0.205;4.21;0.0
9/16/2021;19:08:36;0.0;VW-See;-0.04;0.06;1.19;-0.44;0.7;0.205;2.46;0.82;1.1;96.6;96.6;11.98;0.292;0.00;1.1;0.08;0.08;5.29;14.83;1;19.08;0;6.34;13.3;6.175;0.205;4.21;0.0
9/16/2021;19:08:37;0.0;VW-See;-0.08;0.08;1.05;-0.36;0.7;0.205;2.43;0.81;1.1;96.6;96.6;11.97;0.291;0.00;1.1;0.16;0.16;5.43;15.20;1;19.07;0;6.35;13.2;6.175;0.204;4.21;0.0
9/16/2021;19:08:38;0.0;VW-See;-0.06;0.12;1.11;-0.25;0.7;0.204;2.42;0.81;1.1;96.5;96.5;11.96;0.290;0.00;1.1;0.19;0.19;5.64;15.80;1;19.05;0;6.37;11.9;6.173;0.204;4.21;0.0
9/16/2021;19:08:39;0.0;VW-See;0.02;0.11;1.38;-0.26;0.7;0.205;2.51;0.84;1.1;96.5;96.5;11.97;0.291;0.00;1.1;0.18;0.18;5.56;15.58;1;18.95;0;6.38;11.2;6.171;0.205;4.22;0.0
9/16/2021;19:08:40;0.0;VW-See;-0.09;0.10;1.03;-0.32;0.7;0.205;2.52;0.84;1.1;96.6;96.6;11.97;0.291;0.00;1.1;0.25;0.25;5.48;15.34;1;18.96;0;6.38;11.3;6.168;0.205;4.22;0.0
9/16/2021;19:08:41;0.0;VW-See;-0.11;0.03;0.95;-0.54;0.7;0.205;2.49;0.83;1.1;96.6;96.6;11.97;0.292;0.00;1.1;0.18;0.18;5.53;15.49;1;19.04;0;6.37;11.6;6.170;0.205;4.22;0.0
9/16/2021;19:08:42;0.0;VW-See;-0.08;-0.01;1.04;-0.65;0.7;0.205;2.47;0.82;1.1;96.6;96.6;11.97;0.292;0.00;1.1;0.12;0.12;5.64;15.80;1;19.09;0;6.37;11.8;6.174;0.205;4.22;0.0
9/16/2021;19:08:43;0.0;VW-See;0.03;0.05;1.39;-0.47;0.7;0.205;2.47;0.82;1.1;96.5;96.5;11.96;0.292;0.00;1.1;0.17;0.17;5.44;15.23;1;19.03;0;6.39;10.9;6.174;0.205;4.22;0.0
9/16/2021;19:08:44;0.0;VW-See;0.01;0.02;1.33;-0.55;0.7;0.205;2.54;0.85;1.1;96.5;96.5;11.96;0.292;0.00;1.1;0.14;0.14;5.37;15.04;1;19.00;0;6.39;10.5;6.176;0.205;4.22;0.0
9/16/2021;19:08:45;0.0;VW-See;0.04;0.01;1.44;-0.59;0.7;0.204;2.51;0.84;1.1;96.5;96.5;11.96;0.290;0.00;1.1;0.33;0.33;5.29;14.81;1;19.00;0;6.39;10.8;6.177;0.204;4.22;0.0
9/16/2021;19:08:46;0.0;VW-See;0.03;0.03;1.41;-0.55;0.7;0.205;2.39;0.80;1.1;96.5;96.5;11.96;0.291;0.00;1.1;0.27;0.27;5.43;15.19;1;18.98;0;6.39;10.7;6.179;0.205;4.22;0.0
9/16/2021;19:08:47;0.0;VW-See;-0.01;0.07;1.26;-0.39;0.7;0.205;2.46;0.82;1.1;96.5;96.5;11.96;0.292;0.00;1.1;0.12;0.12;5.38;15.07;1;18.94;0;6.39;10.6;6.183;0.206;4.22;0.0
9/16/2021;19:08:48;0.0;VW-See;0.01;0.10;1.34;-0.32;0.7;0.206;2.51;0.84;1.1;96.5;96.5;11.96;0.293;0.00;1.1;0.09;0.09;5.37;15.04;1;18.93;0;6.38;11.1;6.187;0.206;4.22;0.0
9/16/2021;19:08:49;0.0;VW-See;-0.06;0.05;1.11;-0.46;0.7;0.206;2.55;0.85;1.1;96.5;96.5;11.96;0.293;0.00;1.1;0.19;0.19;5.45;15.25;1;18.99;0;6.38;11.3;6.187;0.206;4.23;0.0
9/16/2021;19:08:50;0.0;VW-See;-0.04;0.07;1.18;-0.39;0.7;0.205;2.44;0.81;1.1;96.5;96.5;11.96;0.292;0.00;1.1;0.20;0.20;5.32;14.89;1;18.96;0;6.38;11.2;6.191;0.205;4.23;0.0
9/16/2021;19:08:51;0.0;VW-See;-0.02;0.09;1.24;-0.34;0.7;0.206;2.44;0.81;1.1;96.5;96.5;11.96;0.292;0.00;1.1;0.13;0.13;5.34;14.97;1;18.94;0;6.39;10.8;6.192;0.206;4.23;0.0
9/16/2021;19:08:52;0.0;VW-See;-0.02;0.05;1.25;-0.48;0.7;0.205;2.51;0.84;1.1;96.5;96.5;11.95;0.292;0.00;1.1;0.15;0.15;5.49;15.38;1;19.00;0;6.40;10.2;6.186;0.205;4.23;0.0
9/16/2021;19:08:53;0.0;VW-See;-0.12;0.07;0.94;-0.42;0.7;0.205;2.42;0.81;1.1;96.3;96.3;11.93;0.292;0.00;1.1;0.19;0.19;5.54;15.52;1;19.00;0;6.41;9.5;6.175;0.205;4.23;0.0
9/16/2021;19:08:54;0.0;VW-See;-0.09;0.09;1.03;-0.33;0.7;0.205;2.36;0.79;1.1;96.3;96.3;11.93;0.292;0.00;1.1;0.12;0.12;5.59;15.64;1;18.89;0;6.41;9.3;6.164;0.206;4.23;0.0
9/16/2021;19:08:55;0.0;VW-See;-0.04;0.07;1.18;-0.42;0.7;0.205;2.49;0.83;1.1;96.3;96.3;11.94;0.292;0.00;1.1;0.13;0.13;5.51;15.43;1;18.83;0;6.41;9.3;6.161;0.205;4.23;0.0
9/16/2021;19:08:56;0.0;VW-See;-0.02;0.08;1.24;-0.39;0.7;0.205;2.46;0.82;1.0;96.5;96.5;11.97;0.291;0.00;1.0;0.15;0.15;5.48;15.34;1;18.95;0;6.40;9.8;6.167;0.204;4.23;0.0
9/16/2021;19:08:57;0.0;VW-See;-0.05;0.08;1.14;-0.38;0.6;0.204;2.38;0.79;1.0;96.6;96.6;11.97;0.290;0.00;1.0;0.14;0.14;5.45;15.27;1;18.98;0;6.39;10.5;6.177;0.204;4.23;0.0
9/16/2021;19:08:58;0.0;VW-See;-0.04;0.06;1.18;-0.44;0.6;0.204;2.42;0.81;1.0;96.6;96.6;11.97;0.290;0.00;1.0;0.26;0.26;5.37;15.04;1;18.98;0;6.38;11.3;6.184;0.204;4.23;0.0
9/16/2021;19:08:59;0.0;VW-See;-0.03;0.03;1.20;-0.54;0.6;0.204;2.41;0.80;1.0;96.6;96.6;11.97;0.290;0.00;1.0;0.21;0.21;5.44;15.23;1;18.97;0;6.37;11.5;6.191;0.204;4.22;0.0
9/16/2021;19:09:00;0.0;VW-See;0.02;0.01;1.37;-0.60;0.6;0.204;2.46;0.82;1.0;96.6;96.6;11.97;0.290;0.00;1.0;0.10;0.10;5.34;14.96;1;18.90;0;6.37;11.9;6.195;0.204;4.22;0.0
9/16/2021;19:09:01;0.0;VW-See;0.03;0.02;1.39;-0.58;0.6;0.205;2.40;0.80;1.0;96.7;96.7;11.98;0.291;0.00;1.0;0.06;0.06;5.42;15.18;1;18.92;0;6.36;12.5;6.196;0.205;4.22;0.0
9/16/2021;19:09:02;0.0;VW-See;0.03;-0.01;1.41;-0.67;0.6;0.205;2.36;0.79;1.0;96.7;96.7;11.98;0.292;0.00;1.0;0.14;0.14;5.38;15.06;1;18.96;0;6.35;12.8;6.197;0.204;4.22;0.0
9/16/2021;19:09:03;0.0;VW-See;-0.09;0.07;1.03;-0.42;0.6;0.204;2.41;0.80;1.0;96.6;96.6;11.97;0.290;0.00;1.0;0.24;0.24;5.28;14.80;1;18.99;0;6.36;12.6;6.198;0.204;4.22;0.0
9/16/2021;19:09:04;0.0;VW-See;-0.04;0.08;1.17;-0.37;0.6;0.204;2.43;0.81;1.0;96.6;96.6;11.97;0.290;0.00;1.0;0.12;0.12;5.26;14.72;1;18.99;0;6.37;12.0;6.195;0.205;4.22;0.0
9/16/2021;19:09:05;0.0;VW-See;-0.03;0.08;1.23;-0.38;0.6;0.206;2.44;0.81;1.0;96.7;96.7;11.98;0.292;0.00;1.0;0.16;0.16;5.26;14.72;1;18.96;0;6.37;11.6;6.194;0.206;4.22;0.0
9/16/2021;19:09:06;0.0;VW-See;0.04;0.08;1.42;-0.36;0.6;0.205;2.41;0.80;1.0;96.7;96.7;11.98;0.292;0.00;1.0;0.27;0.27;5.36;15.00;1;18.95;0;6.37;11.7;6.200;0.205;4.22;0.0
9/16/2021;19:09:07;0.0;VW-See;-0.03;0.06;1.20;-0.43;0.6;0.205;2.42;0.81;1.0;96.6;96.6;11.97;0.292;0.00;1.0;0.23;0.23;5.44;15.23;1;18.90;0;6.38;11.2;6.206;0.205;4.22;0.0
9/16/2021;19:09:08;0.0;VW-See;-0.07;0.07;1.08;-0.42;0.6;0.205;2.52;0.84;1.0;96.7;96.7;11.97;0.292;0.00;1.0;0.22;0.22;5.46;15.29;1;18.94;0;6.39;10.6;6.210;0.205;4.22;0.0
9/16/2021;19:09:09;0.0;VW-See;-0.01;0.07;1.28;-0.41;0.6;0.205;2.46;0.82;1.0;96.6;96.6;11.97;0.292;0.00;1.0;0.08;0.08;5.36;15.01;1;18.99;0;6.39;10.5;6.210;0.206;4.21;0.0
9/16/2021;19:09:10;0.0;VW-See;-0.06;0.02;1.13;-0.58;0.6;0.205;2.34;0.78;1.0;96.6;96.6;11.96;0.292;0.00;1.0;0.12;0.12;5.38;15.06;1;18.89;0;6.40;10.3;6.207;0.205;4.21;0.0
9/16/2021;19:09:11;0.0;VW-See;-0.09;0.02;1.03;-0.58;0.6;0.204;2.41;0.80;1.0;96.6;96.6;11.97;0.291;0.00;1.0;0.10;0.10;5.38;15.05;1;18.90;0;6.40;10.1;6.206;0.204;4.21;0.0
9/16/2021;19:09:12;0.0;VW-See;-0.06;0.04;1.12;-0.50;0.6;0.203;2.51;0.84;1.0;96.7;96.7;11.97;0.289;0.00;1.0;0.15;0.15;5.44;15.23;1;18.95;0;6.39;10.4;6.207;0.203;4.21;0.0
9/16/2021;19:09:13;0.0;VW-See;-0.01;0.06;1.27;-0.45;0.6;0.204;2.51;0.84;1.0;96.7;96.7;11.97;0.290;0.00;1.0;0.18;0.18;5.43;15.21;1;18.98;0;6.38;10.9;6.207;0.204;4.21;0.0
9/16/2021;19:09:14;0.0;VW-See;-0.01;0.07;1.28;-0.40;0.6;0.205;2.48;0.83;1.0;96.7;96.7;11.98;0.291;0.00;1.0;0.19;0.19;5.32;14.91;1;18.93;0;6.38;11.2;6.208;0.205;4.21;0.0
9/16/2021;19:09:15;0.0;VW-See;-0.09;0.06;1.04;-0.43;0.6;0.205;2.37;0.79;1.0;96.7;96.7;11.98;0.291;0.00;1.0;0.13;0.13;5.35;14.97;1;18.92;0;6.38;11.2;6.212;0.205;4.21;0.0
9/16/2021;19:09:16;0.0;VW-See;-0.10;0.08;0.98;-0.36;0.6;0.205;2.46;0.82;1.0;96.7;96.7;11.98;0.291;0.00;1.0;0.20;0.20;5.32;14.91;1;18.95;0;6.38;11.1;6.214;0.204;4.21;0.0
9/16/2021;19:09:17;0.0;VW-See;-0.05;0.07;1.14;-0.40;0.6;0.205;2.53;0.84;1.0;96.8;96.8;11.98;0.291;0.00;1.0;0.25;0.25;5.39;15.08;1;18.92;0;6.38;11.5;6.215;0.205;4.21;0.0
9/16/2021;19:09:18;0.0;VW-See;-0.03;0.09;1.22;-0.33;0.6;0.205;2.56;0.85;1.0;96.7;96.7;11.98;0.292;0.00;1.0;0.18;0.18;5.39;15.11;1;18.92;0;6.37;12.0;6.217;0.205;4.21;0.0
9/16/2021;19:09:19;0.0;VW-See;-0.05;0.13;1.16;-0.22;0.6;0.205;2.46;0.82;1.0;96.7;96.7;11.98;0.292;0.00;1.0;0.20;0.20;5.41;15.15;1;18.93;0;6.36;12.3;6.220;0.205;4.20;0.0
9/16/2021;19:09:20;0.0;VW-See;-0.08;0.08;1.04;-0.37;0.6;0.205;2.48;0.83;1.0;96.8;96.8;11.98;0.292;0.00;1.0;0.14;0.14;5.34;14.97;1;18.90;0;6.36;12.6;6.227;0.205;4.20;0.0
9/16/2021;19:09:21;0.0;VW-See;-0.08;0.05;1.07;-0.48;0.6;0.205;2.60;0.87;1.0;96.7;96.7;11.98;0.292;0.00;1.0;0.18;0.18;5.26;14.72;1;18.89;0;6.36;12.4;6.234;0.205;4.20;0.0
9/16/2021;19:09:22;0.0;VW-See;0.02;0.07;1.36;-0.39;0.6;0.205;2.55;0.85;1.0;96.8;96.8;11.97;0.292;0.00;1.0;0.21;0.21;5.40;15.13;1;18.90;0;6.37;11.9;6.236;0.205;4.20;0.0
9/16/2021;19:09:23;0.0;VW-See;0.01;0.04;1.35;-0.50;0.6;0.205;2.41;0.80;1.0;96.8;96.8;11.97;0.292;0.00;1.0;0.23;0.23;5.47;15.31;1;18.98;0;6.37;11.8;6.235;0.205;4.20;0.0
9/16/2021;19:09:24;0.0;VW-See;-0.04;0.02;1.17;-0.55;0.6;0.205;2.48;0.83;1.0;96.7;96.7;11.97;0.291;0.00;1.0;0.20;0.20;5.37;15.04;1;18.96;0;6.36;12.3;6.235;0.204;4.20;0.0
9/16/2021;19:09:25;0.0;VW-See;-0.08;0.04;1.06;-0.49;0.6;0.204;2.51;0.84;1.0;96.7;96.7;11.97;0.290;0.00;1.0;0.20;0.20;5.26;14.72;1;18.93;0;6.37;12.0;6.236;0.204;4.20;0.0
9/16/2021;19:09:26;0.0;VW-See;-0.08;0.08;1.06;-0.37;0.6;0.204;2.42;0.81;1.0;96.7;96.7;11.97;0.290;0.00;1.0;0.22;0.22;5.23;14.64;1;18.93;0;6.37;11.7;6.236;0.204;4.20;0.0
9/16/2021;19:09:27;0.0;VW-See;-0.02;0.09;1.24;-0.33;0.6;0.204;2.41;0.80;1.0;96.8;96.8;11.97;0.291;0.00;1.0;0.15;0.15;5.41;15.16;1;18.98;0;6.37;11.9;6.238;0.205;4.20;0.0
9/16/2021;19:09:28;0.0;VW-See;0.01;0.10;1.33;-0.30;0.6;0.205;2.49;0.83;1.0;96.8;96.8;11.98;0.292;0.00;1.0;0.12;0.12;5.46;15.29;1;19.00;0;6.37;12.1;6.241;0.205;4.20;0.0
9/16/2021;19:09:29;0.0;VW-See;0.00;0.09;1.31;-0.34;0.6;0.206;2.58;0.86;1.0;96.7;96.7;11.97;0.292;0.00;1.0;0.15;0.15;5.44;15.25;1;18.97;0;6.37;11.8;6.242;0.205;4.20;0.0
9/16/2021;19:09:30;0.0;VW-See;0.02;0.07;1.38;-0.41;0.6;0.205;2.55;0.85;1.0;96.8;96.8;11.97;0.291;0.00;1.0;0.18;0.18;5.45;15.25;1;18.89;0;6.37;11.7;6.246;0.204;4.20;0.0
9/16/2021;19:09:31;0.0;VW-See;-0.06;0.05;1.13;-0.46;0.6;0.204;2.48;0.83;1.0;96.8;96.8;11.98;0.290;0.00;1.0;0.16;0.16;5.48;15.35;1;18.93;0;6.36;12.2;6.248;0.205;4.20;0.0
9/16/2021;19:09:32;0.0;VW-See;-0.02;0.04;1.24;-0.50;0.6;0.205;2.48;0.83;1.0;96.8;96.8;11.98;0.291;0.00;1.0;0.18;0.18;5.48;15.34;1;18.93;0;6.35;12.8;6.248;0.205;4.20;0.0
9/16/2021;19:09:33;0.0;VW-See;0.01;0.05;1.35;-0.48;0.6;0.205;2.57;0.86;1.0;96.8;96.8;11.98;0.291;0.00;1.0;0.16;0.16;5.39;15.10;1;18.97;0;6.35;13.0;6.250;0.205;4.20;0.0
9/16/2021;19:09:34;0.0;VW-See;-0.03;0.02;1.21;-0.58;0.6;0.205;2.59;0.86;1.0;96.8;96.8;11.98;0.291;0.00;1.0;0.20;0.20;5.43;15.21;1;18.97;0;6.35;13.0;6.253;0.205;4.20;0.0
9/16/2021;19:09:35;0.0;VW-See;0.02;0.00;1.38;-0.62;0.6;0.205;2.58;0.86;1.0;96.8;96.8;11.98;0.291;0.00;1.0;0.21;0.21;5.31;14.88;1;19.00;0;6.35;13.2;6.253;0.206;4.20;0.0
9/16/2021;19:09:36;0.0;VW-See;0.00;-0.01;1.31;-0.66;0.6;0.205;2.45;0.82;1.0;96.8;96.8;11.98;0.292;0.00;1.0;0.20;0.20;5.38;15.08;1;18.90;0;6.35;13.1;6.251;0.205;4.20;0.0
9/16/2021;19:09:37;0.0;VW-See;0.04;0.00;1.42;-0.65;0.6;0.205;2.38;0.79;1.0;96.8;96.8;11.97;0.292;0.00;1.0;0.18;0.18;5.43;15.21;1;18.96;0;6.35;13.1;6.250;0.205;4.20;0.0
9/16/2021;19:09:38;0.0;VW-See;0.01;0.01;1.34;-0.59;0.6;0.205;2.37;0.79;1.0;96.8;96.8;11.97;0.291;0.00;1.0;0.24;0.24;5.39;15.10;1;18.93;0;6.35;13.1;6.250;0.205;4.20;0.0
9/16/2021;19:09:39;0.0;VW-See;-0.03;0.10;1.22;-0.31;0.6;0.205;2.52;0.84;1.0;96.8;96.8;11.98;0.292;0.00;1.0;0.26;0.26;5.36;15.01;1;18.88;0;6.35;13.2;6.253;0.205;4.19;0.0
9/16/2021;19:09:40;0.0;VW-See;0.05;0.06;1.45;-0.44;0.6;0.206;2.40;0.80;1.0;96.8;96.8;11.98;0.292;0.00;1.0;0.29;0.29;5.39;15.10;1;18.87;0;6.35;13.2;6.257;0.205;4.19;0.0
9/16/2021;19:09:41;0.0;VW-See;0.08;0.05;1.54;-0.47;0.6;0.205;2.42;0.81;1.0;96.8;96.8;11.98;0.292;0.00;1.0;0.27;0.27;5.37;15.03;1;18.92;0;6.35;13.1;6.261;0.205;4.19;0.0
9/16/2021;19:09:42;0.0;VW-See;0.05;0.07;1.45;-0.40;0.6;0.205;2.46;0.82;1.0;96.8;96.8;11.97;0.292;0.00;1.0;0.27;0.27;5.44;15.24;1;18.97;0;6.35;12.9;6.263;0.205;4.19;0.0
9/16/2021;19:09:43;0.0;VW-See;-0.01;0.10;1.28;-0.32;0.6;0.205;2.41;0.80;1.0;96.8;96.8;11.98;0.291;0.00;1.0;0.28;0.28;5.61;15.71;1;19.01;0;6.36;12.7;6.263;0.205;4.19;0.0
9/16/2021;19:09:44;0.0;VW-See;-0.05;0.10;1.14;-0.29;0.6;0.205;2.43;0.81;1.0;96.8;96.8;11.97;0.292;0.00;1.0;0.17;0.17;5.54;15.51;1;19.00;0;6.35;12.7;6.265;0.205;4.19;0.0
9/16/2021;19:09:45;0.0;VW-See;-0.04;0.08;1.18;-0.36;0.6;0.205;2.53;0.84;1.0;96.8;96.8;11.98;0.292;0.00;1.0;0.17;0.17;5.52;15.47;1;19.05;0;6.36;12.6;6.265;0.205;4.19;0.0
9/16/2021;19:09:46;0.0;VW-See;-0.12;0.07;0.94;-0.39;0.6;0.205;2.43;0.81;1.0;96.9;96.9;11.98;0.291;0.00;1.0;0.16;0.16;5.42;15.18;1;19.06;0;6.35;12.8;6.266;0.204;4.19;0.0
9/16/2021;19:09:47;0.0;VW-See;-0.13;0.09;0.91;-0.33;0.6;0.205;2.45;0.82;1.0;96.9;96.9;11.98;0.291;0.00;1.0;0.17;0.17;5.40;15.12;1;18.94;0;6.35;12.9;6.265;0.204;4.19;0.0
9/16/2021;19:09:48;0.0;VW-See;-0.03;0.15;1.21;-0.16;0.7;0.205;2.45;0.82;1.0;96.9;96.9;11.98;0.291;0.00;1.0;0.28;0.28;5.49;15.39;1;19.00;0;6.35;13.0;6.264;0.205;4.19;0.0
9/16/2021;19:09:49;0.0;VW-See;-0.04;0.14;1.17;-0.17;0.6;0.206;2.41;0.80;1.0;96.9;96.9;11.99;0.292;0.00;1.0;0.20;0.20;5.45;15.27;1;19.03;0;6.34;13.3;6.264;0.206;4.19;0.0
9/16/2021;19:09:50;0.0;VW-See;0.01;0.10;1.34;-0.31;0.6;0.206;2.38;0.79;1.0;96.9;96.9;11.99;0.292;0.00;1.0;0.12;0.12;5.35;14.97;1;18.99;0;6.35;13.2;6.265;0.206;4.19;0.0
9/16/2021;19:09:51;0.0;VW-See;0.05;0.07;1.46;-0.39;0.7;0.206;2.40;0.80;1.0;97.0;97.0;11.99;0.292;0.00;1.0;0.15;0.15;5.37;15.04;1;18.99;0;6.35;13.0;6.267;0.206;4.19;0.0
9/16/2021;19:09:52;0.0;VW-See;-0.02;0.08;1.23;-0.39;0.6;0.205;2.46;0.82;1.0;97.0;97.0;11.99;0.292;0.00;1.0;0.23;0.23;5.38;15.08;1;19.02;0;6.35;13.1;6.269;0.205;4.19;0.0
9/16/2021;19:09:53;0.0;VW-See;-0.04;0.06;1.18;-0.44;0.6;0.206;2.51;0.84;1.0;97.0;97.0;11.99;0.292;0.00;1.0;0.23;0.23;5.30;14.85;1;18.94;0;6.35;13.1;6.270;0.207;4.19;0.0
9/16/2021;19:09:54;0.0;VW-See;0.01;0.04;1.34;-0.49;0.6;0.206;2.45;0.82;1.0;97.0;97.0;11.99;0.292;0.00;1.0;0.18;0.18;5.38;15.07;1;18.95;0;6.34;13.3;6.272;0.205;4.19;0.0
9/16/2021;19:09:55;0.0;VW-See;-0.01;0.05;1.27;-0.46;0.6;0.205;2.39;0.80;1.0;97.0;97.0;11.99;0.292;0.00;1.0;0.20;0.20;5.58;15.62;1;18.99;0;6.35;13.1;6.275;0.206;4.19;0.0
9/16/2021;19:09:56;0.0;VW-See;-0.07;0.04;1.08;-0.51;0.6;0.205;2.51;0.84;1.0;97.0;97.0;11.99;0.291;0.00;1.0;0.23;0.23;5.58;15.61;1;19.00;0;6.35;13.1;6.276;0.205;4.19;0.0
9/16/2021;19:09:57;0.0;VW-See;-0.10;0.04;1.00;-0.51;0.6;0.205;2.47;0.82;1.0;97.0;97.0;11.99;0.291;0.00;1.0;0.27;0.27;5.40;15.11;1;19.02;0;6.35;13.2;6.275;0.205;4.19;0.0
9/16/2021;19:09:58;0.0;VW-See;-0.06;0.03;1.11;-0.53;0.6;0.205;2.45;0.82;1.0;97.0;97.0;11.99;0.291;0.00;1.0;0.32;0.32;5.37;15.02;1;19.00;0;6.34;13.7;6.275;0.205;4.19;0.0
9/16/2021;19:09:59;0.0;VW-See;-0.05;0.03;1.15;-0.53;0.6;0.205;2.44;0.81;1.0;97.0;97.0;11.99;0.291;0.00;1.0;0.24;0.24;5.32;14.88;1;18.98;0;6.34;13.7;6.275;0.205;4.19;0.0
9/16/2021;19:10:00;0.0;VW-See;-0.12;0.05;0.92;-0.48;0.6;0.205;2.45;0.82;1.0;97.0;97.0;11.99;0.291;0.00;1.0;0.07;0.07;5.28;14.78;1;19.03;0;6.34;13.7;6.275;0.205;4.19;0.0
9/16/2021;19:10:01;0.0;VW-See;-0.14;0.02;0.86;-0.56;0.6;0.205;2.47;0.82;1.0;97.0;97.0;12.00;0.291;0.00;1.0;0.06;0.06;5.37;15.04;1;19.08;0;6.33;13.9;6.277;0.205;4.19;0.0
9/16/2021;19:10:02;0.0;VW-See;-0.08;0.04;1.07;-0.49;0.6;0.205;2.47;0.82;1.0;97.1;97.1;12.00;0.291;0.00;1.0;0.06;0.06;5.39;15.10;1;19.04;0;6.33;14.0;6.279;0.205;4.19;0.0
9/16/2021;19:10:03;0.0;VW-See;-0.04;0.09;1.19;-0.33;0.6;0.205;2.45;0.82;1.0;97.1;97.1;12.00;0.291;0.00;1.0;0.06;0.06;5.58;15.61;1;19.04;0;6.33;14.0;6.282;0.205;4.19;0.0
9/16/2021;19:10:04;0.0;VW-See;-0.04;0.09;1.18;-0.34;0.6;0.205;2.47;0.82;1.0;97.1;97.1;12.00;0.291;0.00;1.0;0.11;0.11;5.68;15.92;1;19.06;0;6.33;14.0;6.284;0.205;4.19;0.0
9/16/2021;19:10:05;0.0;VW-See;0.03;0.05;1.39;-0.47;0.6;0.205;2.46;0.82;1.0;97.1;97.1;12.00;0.291;0.00;1.0;0.09;0.09;5.52;15.46;1;19.00;0;6.33;14.2;6.285;0.205;4.19;0.0
9/16/2021;19:10:06;0.0;VW-See;0.00;0.03;1.31;-0.53;0.6;0.205;2.44;0.81;1.0;97.1;97.1;12.00;0.291;0.00;1.0;0.16;0.16;5.38;15.07;1;18.95;0;6.33;14.2;6.285;0.205;4.19;0.0
9/16/2021;19:10:07;0.0;VW-See;-0.07;0.04;1.10;-0.52;0.6;0.205;2.39;0.80;1.0;97.1;97.1;12.00;0.292;0.00;1.0;0.22;0.22;5.33;14.91;1;19.00;0;6.33;14.1;6.285;0.205;4.19;0.0
9/16/2021;19:10:08;0.0;VW-See;-0.01;0.04;1.27;-0.52;0.6;0.205;2.46;0.82;1.0;97.1;97.1;12.00;0.291;0.00;1.0;0.20;0.20;5.51;15.42;1;19.03;0;6.33;14.0;6.287;0.205;4.19;0.0
9/16/2021;19:10:09;0.0;VW-See;0.01;0.08;1.34;-0.36;0.6;0.205;2.44;0.81;1.0;97.1;97.1;12.00;0.291;0.00;1.0;0.18;0.18;5.47;15.32;1;19.01;0;6.33;13.9;6.288;0.205;4.21;0.0
9/16/2021;19:10:10;0.0;VW-See;-0.07;0.12;1.07;-0.25;0.6;0.205;2.38;0.79;1.0;97.1;97.1;12.00;0.291;0.00;1.0;0.14;0.14;5.30;14.85;1;19.00;0;6.34;13.9;6.289;0.205;4.21;0.0
9/16/2021;19:10:11;0.0;VW-See;-0.12;0.08;0.93;-0.36;0.6;0.204;2.54;0.85;1.0;97.1;97.1;12.00;0.290;0.00;1.0;0.25;0.25;5.40;15.11;1;18.98;0;6.34;13.8;6.291;0.204;4.21;0.0
9/16/2021;19:10:12;0.0;VW-See;-0.06;0.10;1.13;-0.32;0.6;0.204;2.57;0.86;1.0;97.1;97.1;12.00;0.290;0.00;1.0;0.27;0.27;5.41;15.14;1;18.98;0;6.34;13.8;6.294;0.204;4.21;0.0
9/16/2021;19:10:13;0.0;VW-See;-0.07;0.09;1.08;-0.35;0.6;0.205;2.49;0.83;1.0;97.0;97.0;11.99;0.291;0.00;1.0;0.15;0.15;5.48;15.35;1;19.03;0;6.34;13.8;6.297;0.205;4.21;0.0
9/16/2021;19:10:14;0.0;VW-See;-0.12;0.03;0.93;-0.55;0.6;0.205;2.45;0.82;1.0;97.0;97.0;11.99;0.291;0.00;1.0;0.08;0.08;5.49;15.37;1;19.07;0;6.34;13.8;6.299;0.205;4.21;0.0
9/16/2021;19:10:15;0.0;VW-See;-0.05;0.03;1.15;-0.53;0.6;0.205;2.45;0.82;1.0;97.0;97.0;11.99;0.291;0.00;1.0;0.14;0.14;5.42;15.19;1;19.00;0;6.34;13.7;6.300;0.205;4.21;0.0
9/16/2021;19:10:16;0.0;VW-See;0.02;0.06;1.38;-0.44;0.6;0.205;2.39;0.80;1.0;97.0;97.0;11.99;0.291;0.00;1.0;0.23;0.23;5.47;15.32;1;18.96;0;6.34;13.4;6.301;0.206;4.21;0.0
9/16/2021;19:10:17;0.0;VW-See;-0.04;0.04;1.18;-0.49;0.6;0.205;2.30;0.77;1.0;97.0;97.0;11.99;0.292;0.00;1.0;0.20;0.20;5.49;15.36;1;18.92;0;6.34;13.3;6.302;0.205;4.21;0.0
9/16/2021;19:10:18;0.0;VW-See;-0.08;0.03;1.06;-0.54;0.6;0.205;2.33;0.78;1.0;97.0;97.0;11.99;0.292;0.00;1.0;0.17;0.17;5.41;15.15;1;18.89;0;6.34;13.4;6.303;0.205;4.21;0.0
9/16/2021;19:10:19;0.0;VW-See;0.03;0.02;1.41;-0.56;0.6;0.205;2.37;0.79;1.0;97.1;97.1;11.99;0.292;0.00;1.0;0.21;0.21;5.26;14.74;1;18.96;0;6.34;13.5;6.304;0.205;4.20;0.0
9/16/2021;19:10:20;0.0;VW-See;0.01;0.04;1.34;-0.50;0.6;0.205;2.53;0.84;1.0;97.1;97.1;11.99;0.292;0.00;1.0;0.28;0.28;5.25;14.70;1;19.05;0;6.34;13.7;6.304;0.205;4.20;0.0
9/16/2021;19:10:21;0.0;VW-See;-0.13;0.13;0.90;-0.21;0.6;0.205;2.49;0.83;1.0;97.0;97.0;11.99;0.291;0.00;1.0;0.20;0.20;5.37;15.03;1;19.02;0;6.34;13.6;6.305;0.205;4.20;0.0
9/16/2021;19:10:22;0.0;VW-See;-0.18;0.11;0.73;-0.27;0.6;0.205;2.38;0.79;1.0;97.0;97.0;11.98;0.291;0.00;1.0;0.12;0.12;5.46;15.27;1;18.94;0;6.35;13.3;6.305;0.204;4.20;0.0
9/16/2021;19:10:23;0.0;VW-See;-0.13;0.05;0.89;-0.47;0.6;0.205;2.48;0.83;1.0;96.9;96.9;11.97;0.291;0.00;1.0;0.17;0.17;5.42;15.19;1;18.91;0;6.36;12.6;6.304;0.206;4.20;0.0
9/16/2021;19:10:24;0.0;VW-See;-0.05;0.06;1.14;-0.44;0.6;0.205;2.54;0.85;1.0;96.9;96.9;11.98;0.292;0.00;1.0;0.30;0.30;5.41;15.15;1;18.94;0;6.35;12.9;6.305;0.205;4.20;0.0
9/16/2021;19:10:25;0.0;VW-See;-0.01;0.04;1.27;-0.49;0.6;0.205;2.47;0.82;1.0;96.9;96.9;11.98;0.292;0.00;1.0;0.35;0.35;5.42;15.18;1;18.91;0;6.35;12.9;6.307;0.206;4.20;0.0
9/16/2021;19:10:26;0.0;VW-See;0.00;0.05;1.30;-0.48;0.6;0.205;2.33;0.78;1.0;96.8;96.8;11.96;0.291;0.00;1.0;0.26;0.26;5.37;15.04;1;18.84;0;6.37;11.9;6.307;0.205;4.20;0.0
9/16/2021;19:10:27;0.0;VW-See;-0.11;0.06;0.97;-0.43;0.6;0.205;2.37;0.79;1.0;96.8;96.8;11.96;0.291;0.00;1.0;0.22;0.22;5.35;14.98;1;18.88;0;6.37;11.6;6.307;0.205;4.20;0.0
9/16/2021;19:10:28;0.0;VW-See;-0.11;0.05;0.98;-0.46;0.6;0.205;2.51;0.84;1.0;96.9;96.9;11.97;0.292;0.00;1.0;0.26;0.26;5.33;14.91;1;18.94;0;6.37;12.0;6.313;0.205;4.20;0.0
9/16/2021;19:10:29;0.0;VW-See;0.04;0.10;1.43;-0.31;0.7;0.205;2.64;0.88;1.1;96.9;96.9;11.96;0.292;0.00;1.1;0.12;0.12;5.48;15.34;1;18.95;0;6.37;11.9;6.322;0.205;4.19;0.0
9/16/2021;19:10:30;0.0;VW-See;0.01;0.06;1.33;-0.45;0.7;0.205;2.50;0.83;1.1;96.8;96.8;11.96;0.292;0.00;1.1;0.09;0.09;5.69;15.92;1;18.88;0;6.38;11.5;6.326;0.206;4.19;0.0
9/16/2021;19:10:31;0.0;VW-See;-0.05;0.07;1.15;-0.42;0.7;0.205;2.38;0.79;1.2;96.9;96.9;11.96;0.292;0.00;1.1;0.17;0.17;5.61;15.70;1;19.01;0;6.36;12.5;6.330;0.206;4.19;0.0
9/16/2021;19:10:32;0.0;VW-See;-0.01;0.15;1.29;-0.14;0.7;0.205;2.42;0.81;1.2;96.9;96.9;11.96;0.292;0.00;1.1;0.09;0.09;5.48;15.34;1;18.96;0;6.35;12.7;6.335;0.205;4.19;0.0
9/16/2021;19:10:33;0.0;VW-See;0.02;0.16;1.38;-0.13;0.7;0.205;2.49;0.83;1.2;96.9;96.9;11.96;0.292;0.00;1.1;0.07;0.07;5.42;15.18;1;18.90;0;6.36;12.7;6.338;0.206;4.19;0.0
9/16/2021;19:10:34;0.0;VW-See;-0.06;0.10;1.13;-0.30;0.7;0.205;2.42;0.81;1.2;96.9;96.9;11.96;0.291;0.00;1.2;0.26;0.26;5.30;14.85;1;19.04;0;6.36;12.6;6.339;0.205;4.19;0.0
9/16/2021;19:10:35;0.0;VW-See;-0.09;0.10;1.02;-0.31;0.7;0.205;2.38;0.79;1.2;96.9;96.9;11.96;0.292;0.00;1.2;0.33;0.33;5.37;15.05;1;19.03;0;6.36;12.6;6.339;0.205;4.19;0.0
9/16/2021;19:10:36;0.0;VW-See;-0.05;0.11;1.16;-0.26;0.7;0.205;2.44;0.81;1.2;96.9;96.9;11.96;0.292;0.00;1.2;0.27;0.27;5.46;15.30;1;18.92;0;6.36;12.5;6.343;0.206;4.19;0.0
9/16/2021;19:10:37;0.0;VW-See;-0.04;0.14;1.19;-0.19;0.8;0.205;2.49;0.83;1.2;96.9;96.9;11.96;0.292;0.00;1.2;0.31;0.31;5.62;15.73;1;18.91;0;6.36;12.6;6.346;0.205;4.19;0.0
9/16/2021;19:10:38;0.0;VW-See;0.04;0.07;1.43;-0.42;0.8;0.205;2.46;0.82;1.2;96.9;96.9;11.96;0.291;0.00;1.2;0.29;0.29;5.67;15.88;1;18.94;0;6.35;12.7;6.350;0.205;4.19;0.0
9/16/2021;19:10:39;0.0;VW-See;0.00;0.01;1.29;-0.61;0.8;0.205;2.46;0.82;1.2;96.8;96.8;11.95;0.292;0.00;1.2;0.16;0.16;5.58;15.62;1;18.95;0;6.36;12.2;6.350;0.206;4.18;0.0
9/16/2021;19:10:40;0.0;VW-See;-0.02;0.06;1.23;-0.43;0.8;0.206;2.48;0.83;1.2;96.8;96.8;11.95;0.292;0.00;1.2;0.03;0.03;5.43;15.20;1;18.96;0;6.37;11.9;6.350;0.205;4.18;0.0
9/16/2021;19:10:41;0.0;VW-See;0.05;0.05;1.45;-0.47;0.8;0.206;2.52;0.84;1.2;96.9;96.9;11.95;0.292;0.00;1.2;0.18;0.18;5.36;15.01;1;19.01;0;6.37;11.6;6.352;0.206;4.18;0.0
9/16/2021;19:10:42;0.0;VW-See;0.07;0.04;1.52;-0.51;0.8;0.206;2.49;0.83;1.2;96.8;96.8;11.95;0.292;0.00;1.2;0.28;0.28;5.43;15.20;1;18.98;0;6.37;11.6;6.354;0.205;4.18;0.0
9/16/2021;19:10:43;0.0;VW-See;0.06;0.08;1.49;-0.39;0.8;0.206;2.43;0.81;1.2;96.8;96.8;11.95;0.292;0.00;1.2;0.40;0.40;5.46;15.29;1;18.96;0;6.37;12.1;6.358;0.206;4.18;0.0
9/16/2021;19:10:44;0.0;VW-See;-0.04;0.02;1.19;-0.56;0.8;0.205;2.42;0.81;1.2;96.8;96.8;11.95;0.292;0.00;1.2;0.38;0.38;5.44;15.23;1;18.99;0;6.36;12.3;6.361;0.205;4.18;0.0
9/16/2021;19:10:45;0.0;VW-See;-0.06;-0.01;1.13;-0.67;0.8;0.205;2.44;0.81;1.2;96.8;96.8;11.95;0.291;0.00;1.2;0.19;0.19;5.35;14.98;1;18.95;0;6.36;12.6;6.361;0.206;4.18;0.0
9/16/2021;19:10:46;0.0;VW-See;-0.02;0.11;1.24;-0.28;0.8;0.205;2.46;0.82;1.2;96.9;96.9;11.95;0.292;0.00;1.2;0.19;0.19;5.18;14.49;1;18.90;0;6.35;12.8;6.363;0.206;4.18;0.0
9/16/2021;19:10:47;0.0;VW-See;-0.10;0.12;0.98;-0.24;0.8;0.206;2.40;0.80;1.3;96.9;96.9;11.95;0.293;0.00;1.3;0.13;0.13;5.12;14.34;1;18.93;0;6.35;12.7;6.366;0.206;4.18;0.0
9/16/2021;19:10:48;0.0;VW-See;-0.09;0.05;1.02;-0.47;1.0;0.205;2.33;0.78;1.6;96.6;96.6;11.92;0.292;0.00;1.5;0.16;0.16;5.49;15.38;1;18.99;0;6.48;5.2;6.363;0.205;4.18;0.0
9/16/2021;19:10:49;0.0;VW-See;-0.06;0.04;1.12;-0.50;1.1;0.205;2.32;0.77;1.8;96.1;96.1;11.86;0.291;0.00;1.8;0.22;0.22;5.61;15.70;1;18.86;0;6.47;5.9;6.346;0.204;4.16;0.0
9/16/2021;19:10:50;0.0;VW-See;-0.04;0.09;1.18;-0.34;18.7;0.204;33.41;11.14;29.4;97.6;97.6;12.04;0.290;0.01;28.9;-0.25;-0.25;5.15;14.42;19;2.00;0;7.77;-71.2;6.502;0.204;4.16;0.0
9/16/2021;19:10:51;0.0;VW-See;-0.09;0.16;1.02;-0.13;75.6;0.229;33.09;11.03;117.4;98.8;98.8;12.15;0.325;0.05;115.5;-0.77;-0.77;4.82;13.50;75;1.40;0;7.89;-78.1;6.919;0.279;4.16;0.0
9/16/2021;19:10:52;0.0;VW-See;-0.14;0.19;0.87;-0.02;76.5;0.268;33.19;11.06;118.4;98.4;98.4;11.97;0.381;0.05;116.4;-0.93;-0.93;4.88;13.66;76;0.97;0;7.91;-79.2;7.042;0.308;4.16;0.0
9/16/2021;19:10:53;0.0;VW-See;-0.13;0.20;0.89;0.00;76.6;0.436;33.15;11.05;118.5;97.8;97.8;11.85;0.621;0.05;116.5;-0.98;-0.98;4.83;13.53;76;1.52;0;7.91;-79.5;7.045;0.483;4.16;0.0
9/16/2021;19:10:54;0.0;VW-See;-0.19;0.15;0.72;-0.14;76.6;0.539;33.17;11.06;118.5;97.4;97.4;11.81;0.767;0.05;116.5;-0.96;-0.96;4.89;13.70;76;1.19;0;7.89;-78.5;7.039;0.547;4.16;0.0
9/16/2021;19:10:55;0.0;VW-See;-0.17;0.14;0.79;-0.19;76.6;0.550;33.13;11.04;118.5;97.3;97.3;11.79;0.782;0.05;116.6;-0.84;-0.84;4.90;13.72;76;1.14;0;7.88;-77.6;7.040;0.532;4.16;0.0
9/16/2021;19:10:56;0.0;VW-See;-0.14;0.12;0.88;-0.23;76.6;0.560;33.21;11.07;118.6;97.2;97.2;11.78;0.796;0.05;116.6;-0.86;-0.86;4.79;13.41;76;1.18;0;7.87;-77.1;7.053;0.578;4.16;0.0
9/16/2021;19:10:57;0.0;VW-See;-0.11;0.14;0.97;-0.17;76.7;0.593;33.27;11.09;118.6;97.0;97.0;11.76;0.843;0.05;116.6;-0.85;-0.85;4.81;13.48;76;1.22;0;7.87;-76.7;7.063;0.590;4.16;0.0
9/16/2021;19:10:58;0.0;VW-See;-0.09;0.15;1.03;-0.15;76.7;0.589;33.29;11.10;118.7;96.8;96.8;11.73;0.838;0.05;116.7;-0.79;-0.79;4.93;13.80;76;1.17;0;7.86;-76.4;7.056;0.585;4.16;0.0
9/16/2021;19:10:59;0.0;VW-See;-0.10;0.16;1.00;-0.11;76.7;0.587;33.20;11.07;118.6;96.7;96.7;11.72;0.834;0.05;116.7;-0.84;-0.84;4.95;13.86;76;1.19;0;7.86;-76.3;7.052;0.586;4.16;0.0
9/16/2021;19:11:00;0.0;VW-See;-0.09;0.15;1.02;-0.14;76.7;0.589;33.15;11.05;118.6;96.6;96.6;11.70;0.838;0.05;116.7;-0.90;-0.90;4.99;13.98;76;1.19;0;7.86;-76.2;7.049;0.589;4.16;0.0
9/16/2021;19:11:01;0.0;VW-See;-0.15;0.10;0.82;-0.32;76.6;0.591;33.20;11.07;118.6;96.4;96.4;11.69;0.840;0.05;116.6;-0.85;-0.85;4.97;13.93;76;1.15;0;7.85;-76.1;7.048;0.594;4.16;0.0
9/16/2021;19:11:02;0.0;VW-See;-0.08;0.14;1.05;-0.18;76.6;0.592;33.20;11.07;118.5;96.4;96.4;11.68;0.842;0.05;116.6;-0.81;-0.81;4.81;13.46;76;1.16;0;7.85;-76.0;7.049;0.593;4.16;0.0
9/16/2021;19:11:03;0.0;VW-See;0.04;0.17;1.42;-0.09;76.6;0.609;33.16;11.05;118.5;96.3;96.3;11.67;0.866;0.05;116.6;-0.87;-0.87;4.81;13.48;76;1.17;0;7.85;-75.9;7.045;0.624;4.16;0.0
9/16/2021;19:11:04;0.0;VW-See;-0.01;0.16;1.26;-0.12;76.6;0.645;33.23;11.08;118.5;96.2;96.2;11.66;0.917;0.05;116.6;-0.91;-0.91;4.81;13.47;76;1.13;0;7.85;-75.6;7.041;0.646;4.16;0.0
9/16/2021;19:11:05;0.0;VW-See;-0.08;0.18;1.04;-0.04;76.6;0.653;33.26;11.09;118.5;96.1;96.1;11.65;0.929;0.05;116.6;-0.98;-0.98;4.85;13.59;76;1.17;0;7.84;-75.4;7.040;0.655;4.16;0.0
9/16/2021;19:11:06;0.0;VW-See;-0.13;0.18;0.90;-0.05;76.6;0.657;33.30;11.10;118.5;96.0;96.0;11.64;0.934;0.05;116.6;-1.00;-1.00;4.91;13.74;76;1.18;0;7.84;-75.3;7.039;0.656;4.16;0.0
9/16/2021;19:11:07;0.0;VW-See;-0.13;0.15;0.90;-0.13;76.6;0.657;33.39;11.13;118.6;95.9;95.9;11.63;0.934;0.05;116.6;-0.91;-0.91;4.92;13.78;76;1.15;0;7.84;-75.2;7.035;0.658;4.16;0.0
9/16/2021;19:11:08;0.0;VW-See;-0.08;0.17;1.07;-0.09;76.6;0.658;33.39;11.13;118.6;95.8;95.8;11.62;0.936;0.05;116.7;-0.89;-0.89;4.91;13.73;76;1.15;0;7.84;-75.1;7.026;0.658;4.16;0.0
9/16/2021;19:11:09;0.0;VW-See;-0.01;0.19;1.26;-0.01;76.6;0.659;33.31;11.10;118.7;95.8;95.8;11.61;0.937;0.05;116.7;-0.84;-0.84;4.86;13.61;76;1.17;0;7.84;-75.0;7.020;0.658;4.16;0.0
9/16/2021;19:11:10;0.0;VW-See;-0.07;0.17;1.08;-0.07;76.6;0.657;33.30;11.10;118.6;95.7;95.7;11.61;0.935;0.05;116.7;-0.74;-0.74;4.79;13.40;76;1.13;0;7.84;-75.0;7.016;0.657;4.16;0.0
9/16/2021;19:11:11;0.0;VW-See;-0.10;0.15;1.00;-0.15;76.6;0.656;33.30;11.10;118.6;95.7;95.7;11.61;0.933;0.05;116.6;-0.75;-0.75;4.89;13.70;76;1.13;0;7.84;-75.0;7.015;0.656;4.16;0.0
9/16/2021;19:11:12;0.0;VW-See;-0.05;0.13;1.14;-0.21;76.6;0.656;33.25;11.08;118.5;95.6;95.6;11.60;0.933;0.05;116.6;-0.85;-0.85;4.91;13.76;76;1.67;0;7.84;-74.9;7.021;0.656;4.16;0.0
9/16/2021;19:11:13;0.0;VW-See;-0.09;0.12;1.03;-0.23;76.5;0.656;33.27;11.09;118.5;95.6;95.6;11.60;0.933;0.05;116.5;-0.96;-0.96;4.84;13.54;76;1.55;0;7.83;-74.9;7.039;0.657;4.16;0.0
9/16/2021;19:11:14;0.0;VW-See;-0.14;0.14;0.88;-0.17;76.5;0.656;33.28;11.09;118.4;95.5;95.5;11.58;0.932;0.05;116.5;-0.97;-0.97;4.88;13.67;76;1.04;0;7.83;-74.8;7.041;0.656;4.16;0.0
9/16/2021;19:11:15;0.0;VW-See;-0.10;0.17;0.99;-0.07;76.5;0.655;33.27;11.09;118.5;95.5;95.5;11.57;0.932;0.05;116.5;-0.79;-0.79;4.87;13.65;76;1.17;0;7.83;-74.7;7.038;0.656;4.16;0.0
9/16/2021;19:11:16;0.0;VW-See;-0.04;0.17;1.19;-0.08;76.5;0.656;33.21;11.07;118.5;95.5;95.5;11.57;0.933;0.05;116.5;-0.72;-0.72;4.97;13.91;76;1.14;0;7.83;-74.6;7.038;0.656;4.16;0.0
9/16/2021;19:11:17;0.0;VW-See;-0.03;0.16;1.21;-0.11;76.5;0.657;33.27;11.09;118.5;95.5;95.5;11.57;0.934;0.05;116.5;-0.80;-0.80;4.94;13.83;76;1.13;0;7.83;-74.5;7.042;0.658;4.16;0.0
9/16/2021;19:11:18;0.0;VW-See;-0.11;0.13;0.96;-0.20;76.6;0.660;33.27;11.09;118.5;95.4;95.4;11.56;0.938;0.05;116.5;-0.82;-0.82;4.81;13.47;76;1.17;0;7.83;-74.4;7.048;0.660;4.16;0.0
9/16/2021;19:11:19;0.0;VW-See;-0.23;0.11;0.59;-0.27;76.6;0.659;33.20;11.07;118.5;95.4;95.4;11.56;0.937;0.05;116.6;-0.88;-0.88;4.77;13.37;76;1.15;0;7.82;-74.3;7.052;0.658;4.17;0.0
9/16/2021;19:11:20;0.0;VW-See;-0.20;0.14;0.68;-0.16;76.6;0.658;33.14;11.05;118.5;95.3;95.3;11.55;0.935;0.05;116.6;-0.94;-0.94;4.74;13.27;76;1.11;0;7.82;-74.2;7.051;0.658;4.17;0.0
9/16/2021;19:11:21;0.0;VW-See;-0.14;0.16;0.87;-0.11;76.6;0.659;33.13;11.04;118.5;95.3;95.3;11.55;0.938;0.05;116.5;-0.88;-0.88;4.91;13.74;76;1.15;0;7.82;-74.1;7.052;0.662;4.17;0.0
9/16/2021;19:11:22;0.0;VW-See;-0.12;0.14;0.92;-0.16;76.6;0.664;33.21;11.07;118.5;95.3;95.3;11.55;0.944;0.05;116.5;-0.72;-0.72;5.04;14.11;76;1.14;0;7.82;-74.0;7.056;0.664;4.17;0.0
9/16/2021;19:11:23;0.0;VW-See;-0.10;0.15;0.98;-0.16;76.5;0.665;33.22;11.07;118.4;95.3;95.3;11.55;0.945;0.05;116.4;-0.74;-0.74;4.96;13.88;76;1.12;0;7.82;-73.9;7.059;0.664;4.17;0.0
9/16/2021;19:11:24;0.0;VW-See;-0.08;0.17;1.07;-0.08;76.5;0.664;33.22;11.07;118.4;95.3;95.3;11.55;0.944;0.05;116.4;-0.86;-0.86;4.89;13.69;76;1.13;0;7.82;-73.8;7.058;0.664;4.17;0.0
9/16/2021;19:11:25;0.0;VW-See;-0.13;0.16;0.89;-0.11;76.6;0.664;33.27;11.09;118.4;95.2;95.2;11.54;0.944;0.05;116.5;-0.93;-0.93;4.78;13.39;76;1.13;0;7.82;-73.8;7.063;0.664;4.17;0.0
9/16/2021;19:11:26;0.0;VW-See;-0.16;0.16;0.79;-0.11;76.6;0.663;33.12;11.04;118.4;95.2;95.2;11.54;0.943;0.05;116.5;-0.98;-0.98;4.77;13.37;76;1.08;0;7.81;-73.7;7.065;0.662;4.17;0.0
9/16/2021;19:11:27;0.0;VW-See;-0.13;0.15;0.89;-0.13;76.6;0.663;33.09;11.03;118.5;95.2;95.2;11.53;0.943;0.05;116.5;-0.92;-0.92;4.81;13.46;76;1.09;0;7.81;-73.7;7.066;0.663;4.17;0.0
9/16/2021;19:11:28;0.0;VW-See;-0.17;0.13;0.77;-0.20;76.6;0.663;33.18;11.06;118.5;95.2;95.2;11.53;0.943;0.05;116.5;-0.79;-0.79;4.80;13.43;76;1.14;0;7.81;-73.7;7.069;0.663;4.17;0.0
9/16/2021;19:11:29;0.0;VW-See;-0.12;0.18;0.93;-0.06;76.6;0.663;33.17;11.06;118.5;95.2;95.2;11.53;0.943;0.05;116.6;-0.71;-0.71;4.93;13.79;76;1.16;0;7.81;-73.6;7.068;0.663;4.18;0.0
9/16/2021;19:11:30;0.0;VW-See;-0.07;0.22;1.08;0.08;76.7;0.663;33.12;11.04;118.5;95.2;95.2;11.53;0.943;0.05;116.6;-0.83;-0.83;5.14;14.40;76;1.15;0;7.81;-73.5;7.069;0.663;4.18;0.0
9/16/2021;19:11:31;0.0;VW-See;-0.07;0.19;1.09;0.00;76.7;0.663;33.27;11.09;118.5;95.1;95.1;11.53;0.943;0.05;116.6;-0.86;-0.86;5.10;14.28;76;1.14;0;7.81;-73.5;7.071;0.662;4.18;0.0
9/16/2021;19:11:32;0.0;VW-See;-0.11;0.21;0.98;0.05;76.6;0.662;33.33;11.11;118.5;95.1;95.1;11.52;0.942;0.05;116.5;-0.87;-0.87;4.87;13.65;76;1.15;0;7.81;-73.4;7.070;0.663;4.18;0.0
9/16/2021;19:11:33;0.0;VW-See;-0.16;0.21;0.81;0.07;76.6;0.662;33.27;11.09;118.5;95.1;95.1;11.52;0.942;0.05;116.5;-0.99;-0.99;4.92;13.76;76;1.05;0;7.81;-73.3;7.069;0.662;4.18;0.0
9/16/2021;19:11:34;0.0;VW-See;-0.16;0.17;0.80;-0.09;76.6;0.663;33.27;11.09;118.4;95.1;95.1;11.52;0.942;0.05;116.5;-0.96;-0.96;5.03;14.07;76;0.98;0;7.81;-73.2;7.073;0.663;4.18;0.0
9/16/2021;19:11:35;0.0;VW-See;-0.10;0.14;0.99;-0.19;76.6;0.664;33.26;11.09;118.4;95.1;95.1;11.52;0.944;0.05;116.4;-0.81;-0.81;4.90;13.73;76;1.03;0;7.80;-73.1;7.079;0.664;4.18;0.0
9/16/2021;19:11:36;0.0;VW-See;-0.11;0.16;0.97;-0.10;76.6;0.663;33.20;11.07;118.4;95.1;95.1;11.52;0.943;0.05;116.4;-0.79;-0.79;4.85;13.58;76;1.07;0;7.80;-73.0;7.085;0.663;4.18;0.0
9/16/2021;19:11:37;0.0;VW-See;-0.13;0.19;0.90;-0.01;76.6;0.663;33.13;11.04;118.4;95.1;95.1;11.51;0.942;0.05;116.4;-0.80;-0.80;4.85;13.59;76;1.17;0;7.80;-73.0;7.087;0.663;4.18;0.0
9/16/2021;19:11:38;0.0;VW-See;-0.11;0.16;0.96;-0.11;76.6;0.663;32.99;11.00;118.4;95.1;95.1;11.51;0.943;0.05;116.5;-0.82;-0.82;4.79;13.42;76;1.18;0;7.80;-72.9;7.085;0.663;4.18;0.0
9/16/2021;19:11:39;0.0;VW-See;-0.18;0.17;0.73;-0.07;76.6;0.663;33.01;11.00;118.5;95.1;95.1;11.51;0.942;0.05;116.5;-0.91;-0.91;4.80;13.44;76;1.09;0;7.80;-72.9;7.080;0.662;4.18;0.0
9/16/2021;19:11:40;0.0;VW-See;-0.15;0.20;0.84;0.01;76.6;0.662;33.10;11.03;118.5;95.1;95.1;11.51;0.941;0.05;116.5;-0.98;-0.98;4.78;13.39;76;1.07;0;7.80;-72.8;7.079;0.662;4.18;0.0
9/16/2021;19:11:41;0.0;VW-See;-0.09;0.15;1.02;-0.13;76.6;0.662;33.17;11.06;118.5;95.1;95.1;11.52;0.941;0.05;116.5;-0.99;-0.99;4.81;13.48;76;1.09;0;7.80;-72.8;7.080;0.662;4.18;0.0
9/16/2021;19:11:42;0.0;VW-See;-0.07;0.14;1.09;-0.18;76.7;0.662;33.20;11.07;118.5;95.0;95.0;11.51;0.941;0.05;116.5;-0.90;-0.90;4.82;13.49;76;1.12;0;7.80;-72.8;7.082;0.662;4.18;0.0
9/16/2021;19:11:43;0.0;VW-See;-0.03;0.13;1.22;-0.22;76.7;0.661;33.14;11.05;118.5;95.0;95.0;11.51;0.940;0.05;116.5;-0.78;-0.78;4.78;13.38;76;1.16;0;7.80;-72.8;7.085;0.661;4.18;0.0
9/16/2021;19:11:44;0.0;VW-See;-0.04;0.12;1.18;-0.23;76.6;0.661;33.12;11.04;118.5;95.0;95.0;11.51;0.940;0.05;116.5;-0.73;-0.73;4.90;13.71;76;1.20;0;7.80;-72.7;7.087;0.661;4.18;0.0
9/16/2021;19:11:45;0.0;VW-See;-0.07;0.14;1.08;-0.18;76.6;0.662;33.14;11.05;118.4;95.0;95.0;11.51;0.941;0.05;116.5;-0.77;-0.77;4.83;13.53;76;1.19;0;7.79;-72.5;7.089;0.662;4.18;0.0
9/16/2021;19:11:46;0.0;VW-See;-0.17;0.17;0.78;-0.09;76.6;0.662;33.16;11.05;118.4;95.0;95.0;11.51;0.942;0.05;116.4;-0.99;-0.99;4.71;13.18;76;1.09;0;7.79;-72.4;7.097;0.662;4.18;0.0
9/16/2021;19:11:47;0.0;VW-See;-0.18;0.22;0.74;0.08;76.6;0.663;33.20;11.07;118.3;95.0;95.0;11.50;0.942;0.05;116.4;-1.07;-1.07;4.79;13.42;76;1.09;0;7.79;-72.2;7.105;0.663;4.18;0.0
9/16/2021;19:11:48;0.0;VW-See;-0.17;0.21;0.77;0.04;76.6;0.663;33.17;11.06;118.3;95.0;95.0;11.50;0.943;0.05;116.4;-0.93;-0.93;4.82;13.49;76;1.10;0;7.78;-72.0;7.105;0.663;4.18;0.0
9/16/2021;19:11:49;0.0;VW-See;-0.09;0.16;1.03;-0.13;76.6;0.663;33.14;11.05;118.4;95.0;95.0;11.50;0.942;0.05;116.4;-0.88;-0.88;4.84;13.54;76;1.11;0;7.78;-71.9;7.102;0.662;4.17;0.0
9/16/2021;19:11:50;0.0;VW-See;-0.05;0.14;1.15;-0.19;76.6;0.663;33.19;11.06;118.4;95.0;95.0;11.50;0.942;0.05;116.4;-0.83;-0.83;4.91;13.76;76;1.13;0;7.78;-71.9;7.103;0.663;4.17;0.0
9/16/2021;19:11:51;0.0;VW-See;-0.13;0.13;0.90;-0.20;76.7;0.663;33.23;11.08;118.4;95.0;95.0;11.50;0.943;0.05;116.5;-0.80;-0.80;5.07;14.19;76;1.12;0;7.79;-72.1;7.103;0.663;4.17;0.0
9/16/2021;19:11:52;0.0;VW-See;-0.12;2.93;0.94;8.94;76.7;0.662;33.25;11.08;118.4;95.0;95.0;11.50;0.942;0.05;116.5;-0.91;-0.91;6.87;19.23;76;1.14;0;7.79;-72.2;7.104;0.663;4.17;0.0
9/16/2021;19:11:53;0.0;VW-See;-0.11;3.15;0.96;9.65;76.7;0.662;33.26;11.09;118.5;95.0;95.0;11.50;0.942;0.05;116.5;-0.95;-0.95;6.81;19.06;76;1.15;0;7.79;-72.1;7.105;0.663;4.17;0.0
9/16/2021;19:11:54;0.0;VW-See;-0.10;0.37;0.99;0.58;76.7;0.662;33.24;11.08;118.5;95.0;95.0;11.50;0.942;0.05;116.6;-0.90;-0.90;4.94;13.83;76;1.15;0;7.78;-71.9;7.103;0.662;4.17;0.0
9/16/2021;19:11:55;0.0;VW-See;-0.09;0.14;1.02;-0.18;76.7;0.662;33.23;11.08;118.5;95.0;95.0;11.50;0.941;0.05;116.6;-0.92;-0.92;4.84;13.55;76;1.14;0;7.78;-71.7;7.100;0.662;4.17;0.0
9/16/2021;19:11:56;0.0;VW-See;-0.03;0.16;1.21;-0.11;76.7;0.662;33.29;11.10;118.6;95.0;95.0;11.50;0.941;0.05;116.6;-0.86;-0.86;4.94;13.83;76;1.12;0;7.78;-71.6;7.093;0.661;4.17;0.0
9/16/2021;19:11:57;0.0;VW-See;0.01;0.15;1.35;-0.13;76.7;0.662;33.23;11.08;118.5;95.0;95.0;11.51;0.941;0.05;116.6;-0.81;-0.81;4.87;13.64;76;1.14;0;7.78;-71.6;7.087;0.662;4.17;0.0
9/16/2021;19:11:58;0.0;VW-See;-0.05;0.13;1.15;-0.20;76.7;0.662;33.24;11.08;118.5;95.0;95.0;11.51;0.941;0.05;116.5;-0.87;-0.87;4.74;13.28;76;1.18;0;7.78;-71.5;7.088;0.662;4.17;0.0
9/16/2021;19:11:59;0.0;VW-See;-0.11;0.15;0.95;-0.14;76.7;0.662;33.23;11.08;118.5;95.0;95.0;11.50;0.941;0.05;116.5;-1.01;-1.01;4.72;13.21;76;1.11;0;7.78;-71.5;7.088;0.662;4.15;0.0
9/16/2021;19:12:00;0.0;VW-See;-0.14;0.18;0.87;-0.06;76.6;0.662;33.17;11.06;118.5;95.0;95.0;11.50;0.942;0.05;116.5;-0.99;-0.99;4.79;13.42;76;1.17;0;7.77;-71.4;7.087;0.662;4.15;0.0
9/16/2021;19:12:01;0.0;VW-See;-0.08;0.15;1.06;-0.13;76.6;0.664;33.21;11.07;118.4;95.0;95.0;11.50;0.944;0.05;116.5;-0.88;-0.88;4.83;13.51;76;1.26;0;7.77;-71.2;7.087;0.667;4.15;0.0
9/16/2021;19:12:02;0.0;VW-See;-0.03;0.13;1.22;-0.21;76.6;0.664;33.18;11.06;118.4;95.0;95.0;11.50;0.944;0.05;116.5;-0.83;-0.83;4.81;13.46;76;1.22;0;7.77;-70.8;7.088;0.663;4.15;0.0
9/16/2021;19:12:03;0.0;VW-See;-0.01;0.14;1.28;-0.17;76.6;0.662;33.13;11.04;118.4;95.0;95.0;11.50;0.942;0.05;116.5;-0.82;-0.82;4.92;13.77;76;1.10;0;7.76;-70.8;7.091;0.663;4.15;0.0
9/16/2021;19:12:04;0.0;VW-See;0.00;0.13;1.30;-0.20;76.6;0.664;33.12;11.04;118.4;95.0;95.0;11.50;0.944;0.05;116.5;-0.87;-0.87;4.91;13.74;76;1.09;0;7.77;-70.9;7.096;0.665;4.15;0.0
9/16/2021;19:12:05;0.0;VW-See;-0.07;0.14;1.10;-0.18;76.7;0.665;33.04;11.01;118.4;95.0;95.0;11.50;0.945;0.05;116.5;-0.93;-0.93;4.84;13.54;76;1.13;0;7.77;-71.0;7.098;0.665;4.15;0.0
9/16/2021;19:12:06;0.0;VW-See;-0.16;0.17;0.82;-0.06;76.7;0.664;33.08;11.03;118.5;95.0;95.0;11.50;0.944;0.05;116.5;-0.91;-0.91;4.88;13.66;76;1.08;0;7.77;-71.1;7.098;0.664;4.15;0.0
9/16/2021;19:12:07;0.0;VW-See;-0.16;0.17;0.81;-0.08;76.7;0.664;33.17;11.06;118.5;95.0;95.0;11.50;0.945;0.05;116.5;-0.83;-0.83;4.77;13.36;76;1.10;0;7.77;-71.1;7.098;0.664;4.15;0.0
9/16/2021;19:12:08;0.0;VW-See;-0.03;0.14;1.21;-0.17;76.7;0.665;33.16;11.05;118.5;95.0;95.0;11.49;0.945;0.05;116.6;-0.85;-0.85;4.80;13.44;76;1.07;0;7.77;-71.1;7.093;0.666;4.15;0.0
9/16/2021;19:12:09;0.0;VW-See;-0.02;0.14;1.23;-0.17;76.7;0.667;33.19;11.06;118.6;94.9;94.9;11.49;0.949;0.05;116.6;-0.85;-0.85;4.96;13.89;76;1.04;0;7.77;-71.0;7.081;0.668;4.14;0.0
9/16/2021;19:12:10;0.0;VW-See;-0.15;0.13;0.82;-0.19;76.7;0.669;33.16;11.05;118.6;94.8;94.8;11.49;0.952;0.05;116.7;-0.85;-0.85;4.91;13.76;76;1.12;0;7.77;-70.8;7.060;0.669;4.14;0.0
9/16/2021;19:12:11;0.0;VW-See;-0.11;0.12;0.95;-0.25;76.7;0.670;33.18;11.06;118.7;94.8;94.8;11.49;0.952;0.05;116.7;-0.95;-0.95;4.83;13.52;76;1.12;0;7.76;-70.8;7.045;0.669;4.14;0.0
9/16/2021;19:12:12;0.0;VW-See;0.16;0.09;1.80;-0.36;76.7;0.669;33.30;11.10;118.7;94.8;94.8;11.50;0.951;0.05;116.7;-0.98;-0.98;4.75;13.31;76;1.11;0;7.76;-70.7;7.046;0.669;4.14;0.0
9/16/2021;19:12:13;0.0;VW-See;0.10;0.09;1.63;-0.33;76.7;0.668;33.16;11.05;118.6;94.9;94.9;11.50;0.950;0.05;116.7;-0.81;-0.81;4.77;13.34;76;1.06;0;7.76;-70.7;7.047;0.667;4.14;0.0
9/16/2021;19:12:14;0.0;VW-See;-0.08;0.16;1.07;-0.12;76.7;0.665;33.22;11.07;118.6;94.9;94.9;11.50;0.946;0.05;116.6;-0.85;-0.85;4.78;13.38;76;1.11;0;7.76;-70.5;7.054;0.664;4.14;0.0
9/16/2021;19:12:15;0.0;VW-See;-0.10;0.19;1.00;-0.03;76.6;0.663;33.25;11.08;118.5;94.9;94.9;11.50;0.943;0.05;116.6;-0.93;-0.93;4.82;13.49;76;1.11;0;7.75;-70.0;7.063;0.663;4.14;0.0
9/16/2021;19:12:16;0.0;VW-See;-0.17;0.16;0.79;-0.10;76.6;0.663;33.25;11.08;118.5;94.9;94.9;11.50;0.943;0.05;116.5;-0.81;-0.81;4.87;13.64;76;1.09;0;7.75;-69.9;7.065;0.664;4.14;0.0
9/16/2021;19:12:17;0.0;VW-See;-0.14;0.16;0.86;-0.12;76.6;0.664;33.27;11.09;118.5;94.9;94.9;11.50;0.944;0.05;116.5;-0.90;-0.90;4.87;13.64;76;1.18;0;7.75;-70.0;7.065;0.664;4.14;0.0
9/16/2021;19:12:18;0.0;VW-See;-0.18;0.17;0.75;-0.09;76.6;0.660;33.21;11.07;118.5;94.8;94.8;11.49;0.939;0.05;116.5;-1.01;-1.01;4.90;13.73;76;1.24;0;7.75;-70.1;7.064;0.659;4.14;0.0
9/16/2021;19:12:19;0.0;VW-See;-0.17;0.17;0.78;-0.07;76.6;0.658;33.21;11.07;118.5;94.8;94.8;11.48;0.936;0.05;116.5;-0.97;-0.97;4.93;13.81;76;1.17;0;7.76;-70.2;7.064;0.660;4.15;0.0
9/16/2021;19:12:20;0.0;VW-See;-0.07;0.14;1.10;-0.18;76.6;0.663;33.28;11.09;118.5;94.8;94.8;11.48;0.942;0.05;116.5;-0.98;-0.98;4.95;13.85;76;1.10;0;7.76;-70.3;7.062;0.664;4.15;0.0
9/16/2021;19:12:21;0.0;VW-See;-0.05;0.10;1.15;-0.32;76.6;0.664;33.23;11.08;118.5;94.7;94.7;11.48;0.945;0.05;116.6;-0.85;-0.85;4.86;13.61;76;1.05;0;7.76;-70.3;7.055;0.665;4.15;0.0
9/16/2021;19:12:22;0.0;VW-See;-0.07;0.14;1.08;-0.17;76.6;0.664;33.28;11.09;118.6;94.7;94.7;11.48;0.944;0.05;116.6;-0.81;-0.81;4.76;13.32;76;1.05;0;7.75;-70.1;7.049;0.664;4.15;0.0
9/16/2021;19:12:23;0.0;VW-See;-0.12;0.12;0.95;-0.25;76.7;0.663;33.29;11.10;118.6;94.7;94.7;11.48;0.943;0.05;116.7;-0.89;-0.89;4.94;13.84;76;1.16;0;7.75;-70.0;7.042;0.663;4.15;0.0
9/16/2021;19:12:24;0.0;VW-See;-0.19;0.10;0.71;-0.31;76.7;0.663;33.23;11.08;118.7;94.7;94.7;11.49;0.942;0.05;116.7;-0.94;-0.94;4.92;13.78;76;1.10;0;7.75;-70.0;7.042;0.662;4.15;0.0
9/16/2021;19:12:25;0.0;VW-See;-0.22;0.16;0.62;-0.12;76.7;0.663;33.25;11.08;118.6;94.7;94.7;11.48;0.942;0.05;116.7;-0.94;-0.94;4.80;13.45;76;1.01;0;7.75;-70.0;7.043;0.662;4.15;0.0
9/16/2021;19:12:26;0.0;VW-See;-0.14;0.14;0.86;-0.17;76.7;0.665;33.29;11.10;118.6;94.7;94.7;11.48;0.946;0.05;116.7;-0.80;-0.80;4.76;13.32;76;1.09;0;7.75;-70.0;7.042;0.672;4.15;0.0
9/16/2021;19:12:27;0.0;VW-See;-0.13;0.11;0.90;-0.28;76.6;0.679;33.34;11.11;118.6;94.7;94.7;11.48;0.965;0.05;116.7;-0.73;-0.73;4.81;13.47;76;1.15;0;7.75;-69.8;7.035;0.678;4.15;0.0
9/16/2021;19:12:28;0.0;VW-See;-0.09;0.13;1.02;-0.22;76.6;0.677;33.38;11.13;118.6;94.7;94.7;11.48;0.962;0.05;116.6;-0.78;-0.78;4.87;13.63;76;1.20;0;7.75;-69.7;7.036;0.675;4.15;0.0
9/16/2021;19:12:29;0.0;VW-See;-0.07;0.15;1.08;-0.14;76.6;0.676;33.25;11.08;118.6;94.6;94.6;11.47;0.962;0.05;116.7;-1.05;-1.05;4.88;13.68;76;1.16;0;7.74;-69.5;7.036;0.680;4.16;0.0
9/16/2021;19:12:30;0.0;VW-See;-0.14;0.16;0.87;-0.12;76.6;0.679;33.27;11.09;118.6;94.6;94.6;11.47;0.965;0.05;116.7;-1.12;-1.12;4.83;13.53;76;1.07;0;7.74;-69.3;7.030;0.677;4.16;0.0
9/16/2021;19:12:31;0.0;VW-See;-0.10;0.15;0.99;-0.15;76.6;0.673;33.34;11.11;118.6;94.6;94.6;11.48;0.957;0.05;116.6;-0.97;-0.97;4.84;13.55;76;1.08;0;7.74;-69.3;7.030;0.660;4.16;0.0
9/16/2021;19:12:32;0.0;VW-See;-0.16;0.16;0.81;-0.11;76.6;0.656;33.33;11.11;118.5;94.6;94.6;11.47;0.933;0.05;116.6;-0.92;-0.92;4.86;13.60;76;1.15;0;7.74;-69.3;7.034;0.658;4.16;0.0
9/16/2021;19:12:33;0.0;VW-See;-0.16;0.20;0.82;0.01;76.5;0.661;33.35;11.12;118.5;94.6;94.6;11.47;0.939;0.05;116.5;-0.77;-0.77;4.74;13.28;76;1.11;0;7.74;-69.3;7.035;0.665;4.16;0.0
9/16/2021;19:12:34;0.0;VW-See;-0.06;0.15;1.11;-0.15;76.5;0.665;33.39;11.13;118.4;94.6;94.6;11.47;0.946;0.05;116.5;-0.62;-0.62;4.76;13.32;76;1.07;0;7.74;-69.1;7.039;0.666;4.16;0.0
9/16/2021;19:12:35;0.0;VW-See;-0.06;0.11;1.12;-0.26;76.5;0.664;33.36;11.12;118.4;94.6;94.6;11.47;0.944;0.05;116.4;-0.75;-0.75;4.78;13.38;76;1.12;0;7.73;-69.0;7.049;0.663;4.16;0.0
9/16/2021;19:12:36;0.0;VW-See;-0.16;0.17;0.82;-0.08;76.5;0.661;33.34;11.11;118.4;94.6;94.6;11.46;0.940;0.05;116.5;-0.95;-0.95;4.82;13.49;76;1.18;0;7.73;-69.0;7.046;0.661;4.16;0.0
9/16/2021;19:12:37;0.0;VW-See;-0.14;0.15;0.87;-0.14;76.6;0.661;33.36;11.12;118.5;94.6;94.6;11.46;0.941;0.05;116.5;-0.94;-0.94;4.80;13.44;76;1.11;0;7.73;-68.9;7.037;0.662;4.16;0.0
9/16/2021;19:12:38;0.0;VW-See;-0.10;0.14;0.98;-0.17;76.6;0.663;33.37;11.12;118.5;94.5;94.5;11.46;0.943;0.05;116.5;-0.88;-0.88;4.75;13.30;76;1.11;0;7.73;-68.8;7.039;0.667;4.16;0.0
9/16/2021;19:12:39;0.0;VW-See;-0.11;0.17;0.95;-0.09;76.6;0.671;33.31;11.10;118.5;94.5;94.5;11.46;0.954;0.05;116.6;-0.84;-0.84;4.89;13.70;76;1.12;0;7.73;-68.8;7.040;0.672;4.15;0.0
9/16/2021;19:12:40;0.0;VW-See;-0.08;0.15;1.06;-0.14;76.6;0.674;33.34;11.11;118.6;94.5;94.5;11.46;0.958;0.05;116.6;-0.76;-0.76;4.97;13.92;76;1.10;0;7.73;-68.7;7.031;0.674;4.15;0.0
9/16/2021;19:12:41;0.0;VW-See;-0.12;0.13;0.92;-0.20;76.6;0.674;33.36;11.12;118.6;94.5;94.5;11.46;0.959;0.05;116.7;-0.78;-0.78;4.93;13.80;76;1.14;0;7.73;-68.7;7.021;0.675;4.15;0.0
9/16/2021;19:12:42;0.0;VW-See;-0.12;0.13;0.94;-0.21;76.6;0.676;33.40;11.13;118.7;94.5;94.5;11.46;0.961;0.05;116.7;-0.83;-0.83;4.85;13.57;76;1.18;0;7.73;-68.6;7.012;0.676;4.15;0.0
9/16/2021;19:12:43;0.0;VW-See;-0.07;0.15;1.09;-0.13;76.6;0.677;33.40;11.13;118.7;94.5;94.5;11.46;0.963;0.05;116.7;-0.93;-0.93;4.77;13.35;76;1.10;0;7.73;-68.6;7.007;0.677;4.15;0.0
9/16/2021;19:12:44;0.0;VW-See;-0.11;0.16;0.97;-0.12;76.6;0.685;33.43;11.14;118.7;94.5;94.5;11.46;0.974;0.05;116.7;-1.02;-1.02;4.94;13.83;76;1.13;0;7.73;-68.5;7.007;0.700;4.15;0.0
9/16/2021;19:12:45;0.0;VW-See;-0.15;0.14;0.84;-0.18;76.6;0.708;33.36;11.12;118.6;94.5;94.5;11.46;1.007;0.05;116.6;-0.88;-0.88;5.03;14.07;76;1.25;0;7.73;-68.4;7.006;0.709;4.15;0.0
9/16/2021;19:12:46;0.0;VW-See;-0.09;0.15;1.04;-0.15;76.5;0.713;33.33;11.11;118.6;94.4;94.4;11.46;1.014;0.05;116.6;-0.76;-0.76;4.87;13.63;76;1.17;0;7.72;-68.1;7.004;0.715;4.15;0.0
9/16/2021;19:12:47;0.0;VW-See;-0.06;0.16;1.13;-0.11;76.5;0.716;33.36;11.12;118.5;94.4;94.4;11.46;1.019;0.05;116.6;-0.76;-0.76;4.94;13.83;76;1.09;0;7.72;-68.1;7.006;0.718;4.15;0.0
9/16/2021;19:12:48;0.0;VW-See;-0.08;0.11;1.06;-0.29;76.5;0.723;33.36;11.12;118.5;94.4;94.4;11.45;1.028;0.05;116.5;-0.79;-0.79;5.04;14.12;76;1.11;0;7.72;-68.1;7.005;0.728;4.15;0.0
9/16/2021;19:12:49;0.0;VW-See;-0.18;0.08;0.74;-0.38;76.5;0.743;33.37;11.12;118.5;94.4;94.4;11.45;1.057;0.05;116.5;-0.94;-0.94;4.97;13.91;76;1.05;0;7.72;-68.0;7.000;0.769;4.15;0.0
9/16/2021;19:12:50;0.0;VW-See;-0.26;0.13;0.50;-0.22;76.4;0.815;33.40;11.13;118.5;94.3;94.3;11.44;1.158;0.05;116.5;-0.97;-0.97;4.90;13.71;76;1.07;0;7.72;-68.0;6.988;0.861;4.15;0.0
9/16/2021;19:12:51;0.0;VW-See;-0.20;0.16;0.69;-0.10;76.4;0.935;33.49;11.16;118.5;94.2;94.2;11.44;1.329;0.05;116.6;-0.80;-0.80;4.85;13.59;76;1.15;0;7.72;-67.9;6.962;0.994;4.15;0.0
9/16/2021;19:12:52;0.0;VW-See;-0.20;0.11;0.69;-0.26;76.4;1.077;33.59;11.20;118.6;94.2;94.2;11.45;1.531;0.05;116.6;-0.72;-0.72;4.87;13.63;76;1.15;0;7.71;-67.7;6.948;1.111;4.15;0.0
9/16/2021;19:12:53;0.0;VW-See;-0.15;0.09;0.82;-0.35;76.4;1.173;33.57;11.19;118.6;94.2;94.2;11.45;1.668;0.05;116.6;-0.83;-0.83;4.95;13.85;76;1.15;0;7.71;-67.6;6.947;1.203;4.15;0.0
9/16/2021;19:12:54;0.0;VW-See;-0.08;0.10;1.05;-0.32;76.4;1.264;33.48;11.16;118.6;94.2;94.2;11.45;1.798;0.05;116.6;-0.92;-0.92;5.02;14.04;76;1.13;0;7.71;-67.6;6.946;1.283;4.15;0.0
9/16/2021;19:12:55;0.0;VW-See;-0.13;0.09;0.89;-0.36;76.5;1.327;33.44;11.15;118.6;94.2;94.2;11.45;1.887;0.05;116.7;-0.89;-0.89;4.91;13.74;76;1.11;0;7.71;-67.5;6.946;1.351;4.15;0.0
9/16/2021;19:12:56;0.0;VW-See;-0.15;0.11;0.84;-0.29;76.5;1.384;33.48;11.16;118.7;94.2;94.2;11.44;1.968;0.05;116.7;-0.88;-0.88;4.84;13.54;76;1.08;0;7.71;-67.3;6.944;1.409;4.15;0.0
9/16/2021;19:12:57;0.0;VW-See;-0.10;0.13;0.99;-0.20;76.5;1.448;33.55;11.18;118.7;94.2;94.2;11.44;2.059;0.05;116.8;-0.95;-0.95;4.86;13.60;76;1.15;0;7.71;-67.3;6.944;1.475;4.15;0.0
9/16/2021;19:12:58;0.0;VW-See;-0.05;0.16;1.15;-0.12;76.5;1.546;33.55;11.18;118.8;94.1;94.1;11.44;2.198;0.05;116.8;-0.98;-0.98;4.79;13.40;76;1.13;0;7.71;-67.3;6.943;1.587;4.15;0.0
9/16/2021;19:12:59;0.0;VW-See;-0.06;0.16;1.13;-0.12;76.5;1.651;33.59;11.20;118.7;94.1;94.1;11.44;2.348;0.05;116.8;-0.82;-0.82;4.81;13.48;76;1.10;0;7.71;-67.3;6.940;1.685;4.16;0.0
9/16/2021;19:13:00;0.0;VW-See;-0.09;0.13;1.03;-0.20;76.5;1.738;33.66;11.22;118.7;94.1;94.1;11.44;2.471;0.05;116.8;-0.75;-0.75;4.77;13.35;76;1.10;0;7.70;-67.1;6.936;1.761;4.16;0.0
9/16/2021;19:13:01;0.0;VW-See;-0.13;0.10;0.91;-0.30;76.5;1.803;33.65;11.22;118.8;94.1;94.1;11.43;2.564;0.05;116.8;-0.89;-0.89;4.90;13.71;76;1.10;0;7.70;-66.8;6.920;1.832;4.16;0.0
9/16/2021;19:13:02;0.0;VW-See;-0.11;0.12;0.96;-0.25;76.4;1.885;33.68;11.23;118.8;94.0;94.0;11.43;2.681;0.05;116.8;-0.99;-0.99;4.96;13.89;76;1.08;0;7.70;-66.6;6.894;1.904;4.16;0.0
9/16/2021;19:13:03;0.0;VW-See;-0.13;0.14;0.91;-0.19;76.4;1.939;33.77;11.26;118.8;93.9;93.9;11.43;2.758;0.05;116.8;-1.02;-1.02;4.75;13.29;76;1.16;0;7.69;-66.6;6.883;1.950;4.16;0.0
9/16/2021;19:13:04;0.0;VW-See;-0.22;0.11;0.60;-0.26;76.4;1.974;33.81;11.27;118.8;93.9;93.9;11.44;2.807;0.05;116.8;-1.00;-1.00;4.77;13.37;76;1.23;0;7.70;-66.7;6.880;1.980;4.16;0.0
9/16/2021;19:13:05;0.0;VW-See;-0.13;0.14;0.89;-0.17;76.4;2.002;33.79;11.26;118.7;94.0;94.0;11.44;2.847;0.05;116.8;-0.90;-0.90;4.90;13.71;76;1.21;0;7.70;-66.8;6.882;2.033;4.16;0.0
9/16/2021;19:13:06;0.0;VW-See;-0.08;0.18;1.07;-0.05;76.3;2.088;33.87;11.29;118.7;93.9;93.9;11.43;2.969;0.05;116.8;-0.82;-0.82;5.03;14.08;76;1.19;0;7.70;-66.8;6.868;2.140;4.16;0.0
9/16/2021;19:13:07;0.0;VW-See;-0.18;0.19;0.74;-0.01;76.3;2.237;33.94;11.31;118.9;93.7;93.7;11.41;3.181;0.05;116.9;-0.81;-0.81;5.03;14.07;76;1.16;0;7.70;-66.7;6.818;2.265;4.16;0.0
9/16/2021;19:13:08;0.0;VW-See;-0.17;0.19;0.78;-0.02;76.3;2.314;33.88;11.29;119.0;93.6;93.6;11.42;3.290;0.06;117.0;-0.87;-0.87;4.96;13.88;76;1.13;0;7.69;-66.4;6.770;2.339;4.16;0.0
9/16/2021;19:13:09;0.0;VW-See;-0.11;0.18;0.96;-0.05;76.3;2.381;33.94;11.31;119.0;93.6;93.6;11.43;3.386;0.06;117.1;-0.93;-0.93;4.91;13.74;76;1.11;0;7.69;-66.2;6.750;2.397;4.15;0.0
9/16/2021;19:13:10;0.0;VW-See;-0.11;0.20;0.96;0.03;76.2;2.428;33.95;11.32;119.0;93.6;93.6;11.44;3.453;0.06;117.0;-0.89;-0.89;4.81;13.46;76;1.10;0;7.69;-66.1;6.745;2.452;4.15;0.0
9/16/2021;19:13:11;0.0;VW-See;-0.08;0.18;1.05;-0.04;76.2;2.470;33.95;11.32;119.0;93.6;93.6;11.44;3.513;0.06;117.0;-0.84;-0.84;4.84;13.55;76;1.15;0;7.68;-66.0;6.733;2.468;4.15;0.0
9/16/2021;19:13:12;0.0;VW-See;-0.04;0.24;1.19;0.16;76.2;2.477;33.99;11.33;119.0;93.6;93.6;11.43;3.522;0.06;117.0;-0.85;-0.85;4.84;13.56;76;1.21;0;7.68;-65.8;6.731;2.492;4.15;0.0
9/16/2021;19:13:13;0.0;VW-See;0.01;0.26;1.33;0.22;76.2;2.535;33.95;11.32;118.9;93.5;93.5;11.43;3.605;0.06;117.0;-0.86;-0.86;4.91;13.75;76;1.13;0;7.68;-66.0;6.732;2.593;4.15;0.0
9/16/2021;19:13:14;0.0;VW-See;0.04;0.16;1.44;-0.12;76.1;2.664;33.92;11.31;118.9;93.5;93.5;11.42;3.788;0.06;117.0;-0.89;-0.89;4.90;13.71;76;1.07;0;7.69;-66.0;6.711;2.695;4.15;0.0
9/16/2021;19:13:15;0.0;VW-See;-0.04;0.17;1.19;-0.07;76.1;2.753;33.90;11.30;119.0;93.4;93.4;11.41;3.915;0.06;117.0;-0.93;-0.93;4.95;13.85;76;1.10;0;7.68;-65.9;6.692;2.789;4.15;0.0
9/16/2021;19:13:16;0.0;VW-See;-0.07;0.18;1.10;-0.06;76.1;2.870;33.91;11.30;118.9;93.3;93.3;11.42;4.081;0.06;117.0;-0.93;-0.93;5.13;14.36;76;1.09;0;7.68;-65.7;6.681;2.899;4.15;0.0
9/16/2021;19:13:17;0.0;VW-See;0.00;0.13;1.29;-0.21;76.1;2.949;33.97;11.32;118.9;93.3;93.3;11.42;4.193;0.06;117.0;-0.89;-0.89;4.85;13.58;76;1.14;0;7.68;-65.5;6.677;2.980;4.15;0.0
9/16/2021;19:13:18;0.0;VW-See;-0.05;0.13;1.14;-0.22;76.0;3.017;33.99;11.33;118.9;93.3;93.3;11.42;4.290;0.06;117.0;-0.87;-0.87;4.78;13.39;76;1.14;0;7.68;-65.4;6.680;3.021;4.15;0.0
9/16/2021;19:13:19;0.0;VW-See;-0.03;0.17;1.21;-0.08;76.0;3.044;33.96;11.32;118.9;93.3;93.3;11.41;4.329;0.05;117.0;-0.85;-0.85;4.97;13.92;76;1.12;0;7.68;-65.5;6.682;3.062;4.13;0.0
9/16/2021;19:13:20;0.0;VW-See;-0.02;0.15;1.26;-0.15;76.0;3.125;33.94;11.31;118.9;93.2;93.2;11.41;4.443;0.05;116.9;-0.76;-0.76;4.92;13.77;76;1.08;0;7.68;-65.5;6.680;3.177;4.13;0.0
9/16/2021;19:13:21;0.0;VW-See;-0.06;0.12;1.13;-0.25;76.0;3.244;34.02;11.34;118.9;93.2;93.2;11.39;4.613;0.06;117.0;-0.73;-0.73;4.95;13.87;76;1.08;0;7.68;-65.4;6.666;3.266;4.13;0.0
9/16/2021;19:13:22;0.0;VW-See;-0.02;0.15;1.24;-0.16;76.0;3.290;34.14;11.38;119.0;93.1;93.1;11.39;4.679;0.06;117.0;-0.83;-0.83;4.91;13.74;76;1.16;0;7.67;-65.3;6.659;3.290;4.13;0.0
9/16/2021;19:13:23;0.0;VW-See;-0.07;0.14;1.09;-0.18;76.0;3.307;34.17;11.39;119.0;93.1;93.1;11.40;4.703;0.06;117.1;-0.95;-0.95;4.82;13.49;76;1.19;0;7.67;-65.3;6.653;3.313;4.13;0.0
9/16/2021;19:13:24;0.0;VW-See;-0.10;0.16;0.99;-0.13;76.0;3.329;34.14;11.38;119.0;93.1;93.1;11.40;4.734;0.06;117.1;-1.06;-1.06;4.76;13.33;76;1.14;0;7.67;-65.3;6.646;3.336;4.13;0.0
9/16/2021;19:13:25;0.0;VW-See;-0.11;0.16;0.97;-0.10;76.1;3.349;34.03;11.34;119.0;93.1;93.1;11.40;4.762;0.06;117.1;-0.99;-0.99;4.78;13.37;76;1.16;0;7.67;-65.2;6.655;3.354;4.13;0.0
9/16/2021;19:13:26;0.0;VW-See;-0.10;0.19;1.00;-0.03;76.1;3.368;33.97;11.32;119.0;93.1;93.1;11.40;4.789;0.06;117.1;-0.82;-0.82;4.75;13.29;76;1.16;0;7.67;-65.2;6.658;3.398;4.13;0.0
9/16/2021;19:13:27;0.0;VW-See;-0.01;0.23;1.27;0.13;76.1;3.462;34.07;11.36;119.1;93.0;93.0;11.39;4.923;0.06;117.1;-0.81;-0.81;4.71;13.19;76;1.13;0;7.67;-65.2;6.652;3.533;4.13;0.0
9/16/2021;19:13:28;0.0;VW-See;-0.07;0.19;1.10;0.00;76.1;3.625;34.21;11.40;119.1;92.9;92.9;11.38;5.154;0.06;117.2;-0.85;-0.85;4.80;13.44;76;1.13;0;7.67;-65.0;6.635;3.676;4.13;0.0
9/16/2021;19:13:29;0.0;VW-See;-0.06;0.17;1.11;-0.09;76.0;3.783;34.27;11.42;119.1;92.9;92.9;11.38;5.379;0.06;117.2;-0.82;-0.82;4.74;13.27;76;1.17;0;7.67;-64.8;6.611;3.824;4.12;0.0
